                                                                                     
                              ABACUS v3.10.0

               Atomic-orbital Based Ab-initio Computation at UStc                    

                     Website: http://abacus.ustc.edu.cn/                             
               Documentation: https://abacus.deepmodeling.com/                       
                  Repository: https://github.com/abacusmodeling/abacus-develop       
                              https://github.com/deepmodeling/abacus-develop         
                      Commit: f7cb1d3 (Mon May 12 16:53:30 2025 +0800)

    Start Time is Fri Oct  9 19:13:53 2026
                                                                                     
 ------------------------------------------------------------------------------------

 READING GENERAL INFORMATION
                           global_out_dir = OUT.ABACUS/
                           global_in_card = INPUT
                               pseudo_dir = 
                              orbital_dir = 
                                    DRANK = 1
                                    DSIZE = 32
                                   DCOLOR = 1
                                    GRANK = 1
                                    GSIZE = 1




 >>>>>>>>>>>>>>>>>>>>>>>>>>>>>>>>>>>>>>>>>>>>>>>>>>>>>>>>>>>>>>>>>>>>>>
 |                                                                    |
 | Reading atom information in unitcell:                              |
 | From the input file and the structure file we know the number of   |
 | different elments in this unitcell, then we list the detail        |
 | information for each element, especially the zeta and polar atomic |
 | orbital number for each element. The total atom number is counted. |
 | We calculate the nearest atom distance for each atom and show the  |
 | Cartesian and Direct coordinates for each atom. We list the file   |
 | address for atomic orbitals. The volume and the lattice vectors    |
 | in real and reciprocal space is also shown.                        |
 |                                                                    |
 <<<<<<<<<<<<<<<<<<<<<<<<<<<<<<<<<<<<<<<<<<<<<<<<<<<<<<<<<<<<<<<<<<<<<<




 READING UNITCELL INFORMATION
                                    ntype = 2
                  lattice constant (Bohr) = 1.88973
              lattice constant (Angstrom) = 1

 READING ATOM TYPE 1
                               atom label = Hf
                      L=0, number of zeta = 4
                      L=1, number of zeta = 2
                      L=2, number of zeta = 2
                      L=3, number of zeta = 1
             number of atom for this type = 4

 READING ATOM TYPE 2
                               atom label = O
                      L=0, number of zeta = 2
                      L=1, number of zeta = 2
                      L=2, number of zeta = 1
             number of atom for this type = 8

                        TOTAL ATOM NUMBER = 12
DIRECT COORDINATES
    atom                   x                   y                   z     mag                  vx                  vy                  vz
taud_Hf1            0.0426177679        0.0029014726        0.9947815321  0.0000        0.0000000000        0.0000000000        0.0000000000
taud_Hf2            0.9437951227        0.4904269851        0.4947745348  0.0000        0.0000000000        0.0000000000        0.0000000000
taud_Hf3            0.4437876649        0.0029093264        0.4947758768  0.0000        0.0000000000        0.0000000000        0.0000000000
taud_Hf4            0.5426107333        0.4904352061        0.9947800769  0.0000        0.0000000000        0.0000000000        0.0000000000
taud_O1            0.3142851066        0.2475541793        0.2018324272  0.0000        0.0000000000        0.0000000000        0.0000000000
taud_O2            0.1720993641        0.2475446985        0.7018300029  0.0000        0.0000000000        0.0000000000        0.0000000000
taud_O3            0.1376678119        0.7874314844        0.3253988355  0.0000        0.0000000000        0.0000000000        0.0000000000
taud_O4            0.3487369380        0.7874337010        0.8253976154  0.0000        0.0000000000        0.0000000000        0.0000000000
taud_O5            0.8142861669        0.2458068332        0.2018118588  0.0000        0.0000000000        0.0000000000        0.0000000000
taud_O6            0.6720983611        0.2458157776        0.7018093335  0.0000        0.0000000000        0.0000000000        0.0000000000
taud_O7            0.6376732813        0.7059244069        0.3253974306  0.0000        0.0000000000        0.0000000000        0.0000000000
taud_O8            0.8487316999        0.7059222739        0.8253961585  0.0000        0.0000000000        0.0000000000        0.0000000000



                          Volume (Bohr^3) = 965.163
                             Volume (A^3) = 143.022

 Lattice vectors: (Cartesian coordinate: in unit of a_0)
             +5.53607        +9.61692e-07        +4.23575e-05
         +9.57138e-07             +5.0201         -8.2296e-05
         +4.27766e-05        -8.26441e-05            +5.14624
 Reciprocal vectors: (Cartesian coordinate: in unit of 2 pi/a_0)
            +0.180633        -3.44644e-08        -1.50146e-06
         -3.46281e-08           +0.199199        +3.19896e-06
         -1.48675e-06        +3.18549e-06           +0.194317
 The esolver type has been set to : ksdft_lcao

 RUNNING WITH DEVICE  : CPU / AMD EPYC 7702 64-Core Processor




 >>>>>>>>>>>>>>>>>>>>>>>>>>>>>>>>>>>>>>>>>>>>>>>>>>>>>>>>>>>>>>>>>>>>>>
 |                                                                    |
 | Reading pseudopotentials files:                                    |
 | The pseudopotential file is in UPF format. The 'NC' indicates that |
 | the type of pseudopotential is 'norm conserving'. Functional of    |
 | exchange and correlation is decided by 4 given parameters in UPF   |
 | file.  We also read in the 'core correction' if there exists.      |
 | Also we can read the valence electrons number and the maximal      |
 | angular momentum used in this pseudopotential. We also read in the |
 | trail wave function, trail atomic density and local-pseudopotential|
 | on logrithmic grid. The non-local pseudopotential projector is also|
 | read in if there is any.                                           |
 |                                                                    |
 <<<<<<<<<<<<<<<<<<<<<<<<<<<<<<<<<<<<<<<<<<<<<<<<<<<<<<<<<<<<<<<<<<<<<<




                PAO radial cut off (Bohr) = 15

 Read in pseudopotential file is Hf.upf
                     pseudopotential type = NC
          exchange-correlation functional = PBE
                 nonlocal core correction = 1
                        valence electrons = 12
                                     lmax = 3
                           number of zeta = 4
                     number of projectors = 8
                           L of projector = 0
                           L of projector = 0
                           L of projector = 1
                           L of projector = 1
                           L of projector = 2
                           L of projector = 2
                           L of projector = 3
                           L of projector = 3
                PAO radial cut off (Bohr) = 15

 Read in pseudopotential file is O.upf
                     pseudopotential type = NC
          exchange-correlation functional = PBE
                 nonlocal core correction = 1
                        valence electrons = 6
                                     lmax = 2
                           number of zeta = 2
                     number of projectors = 5
                           L of projector = 0
                           L of projector = 0
                           L of projector = 1
                           L of projector = 1
                           L of projector = 2
     initial pseudo atomic orbital number = 72

 SETUP THE ELECTRONS NUMBER
            electron number of element Hf = 12
      total electron number of element Hf = 48
             electron number of element O = 6
       total electron number of element O = 48
            AUTOSET number of electrons:  = 96
                           occupied bands = 48
                                   NLOCAL = 212
                                   NBANDS = 58
                                   NBANDS = 58
                                   NLOCAL = 212

%%%%%%%%%%%%%%%%%%%%%%%%%%%%%%%%%%%%%%%%%%%%%%%%%%%%%%%%%%%%%%%%%%%%%%%%%%%%%%%%%%%%%%%%%%%%%%%%%%%%%%%%%%
 Warning: the number of valence electrons in pseudopotential > 4 for Hf: [Xe] 4f14 5d2 6s2
 Pseudopotentials with additional electrons can yield (more) accurate outcomes, but may be less efficient.
 If you're confident that your chosen pseudopotential is appropriate, you can safely ignore this warning.
%%%%%%%%%%%%%%%%%%%%%%%%%%%%%%%%%%%%%%%%%%%%%%%%%%%%%%%%%%%%%%%%%%%%%%%%%%%%%%%%%%%%%%%%%%%%%%%%%%%%%%%%%%
                  




 >>>>>>>>>>>>>>>>>>>>>>>>>>>>>>>>>>>>>>>>>>>>>>>>>>>>>>>>>>>>>>>>>>>>>>
 |                                                                    |
 | Setup plane waves of charge/potential:                             |
 | Use the energy cutoff and the lattice vectors to generate the      |
 | dimensions of FFT grid. The number of FFT grid on each processor   |
 | is 'nrxx'. The number of plane wave basis in reciprocal space is   |
 | different for charege/potential and wave functions. We also set    |
 | the 'sticks' for the parallel of FFT. The number of plane waves    |
 | is 'npw' in each processor.                                        |
 <<<<<<<<<<<<<<<<<<<<<<<<<<<<<<<<<<<<<<<<<<<<<<<<<<<<<<<<<<<<<<<<<<<<<<





 SETUP THE PLANE WAVE BASIS
 energy cutoff for charge/potential (unit:Ry) = 400
            fft grid for charge/potential = [ 72, 64, 64 ]
                        fft grid division = [ 4, 2, 2 ]
        big fft grid for charge/potential = [ 18, 32, 32 ]
                                     nbxx = 576
                                     nrxx = 9216

 SETUP PLANE WAVES FOR CHARGE/POTENTIAL
                    number of plane waves = 130405
                         number of sticks = 3159

 PARALLEL PW FOR CHARGE/POTENTIAL
     PROC   COLUMNS(POT)             PW
        1             98           4074
        2             98           4074
        3             98           4074
        4             98           4074
        5             98           4074
        6             98           4074
        7             98           4074
        8             98           4074
        9             98           4074
       10             99           4074
       11             99           4074
       12             99           4074
       13             99           4074
       14             99           4077
       15             99           4077
       16             99           4077
       17             99           4077
       18             99           4077
       19             99           4077
       20             99           4077
       21             99           4077
       22             99           4077
       23             99           4074
       24             99           4074
       25             98           4074
       26             99           4077
       27             99           4077
       28             99           4075
       29             99           4075
       30             99           4075
       31             99           4075
       32            100           4074
 --------------- sum -------------------
       32           3159         130405
                            number of |g| = 4074
                                  max |g| = 36.1763
                                  min |g| = 0.0396803
 DONE : SETUP UNITCELL Time : 1.21649 (SEC)


----------- Double Check Mixing Parameters Begin ------------
mixing_type: broyden
mixing_beta: 0.3
mixing_gg0: 1
mixing_gg0_min: 0.1
mixing_ndim: 8
----------- Double Check Mixing Parameters End ------------




 >>>>>>>>>>>>>>>>>>>>>>>>>>>>>>>>>>>>>>>>>>>>>>>>>>>>>>>>>>>>>>>>>>>>>>
 |                                                                    |
 | Setup K-points                                                     |
 | We setup the k-points according to input parameters.               |
 | The reduced k-points are set according to symmetry operations.     |
 | We treat the spin as another set of k-points.                      |
 |                                                                    |
 <<<<<<<<<<<<<<<<<<<<<<<<<<<<<<<<<<<<<<<<<<<<<<<<<<<<<<<<<<<<<<<<<<<<<<





 SETUP K-POINTS
                                    nspin = 1
                   Input type of k points = Monkhorst-Pack(Gamma)
                                   nkstot = 32
K-POINTS DIRECT COORDINATES
 KPOINTS    DIRECT_X    DIRECT_Y    DIRECT_Z  WEIGHT
       1  0.00000000  0.00000000  0.00000000  0.0312
       2  0.50000000  0.00000000  0.00000000  0.0312
       3  0.00000000  0.50000000  0.00000000  0.0312
       4  0.50000000  0.50000000  0.00000000  0.0312
       5  0.00000000  0.00000000  0.12500000  0.0312
       6  0.50000000  0.00000000  0.12500000  0.0312
       7  0.00000000  0.50000000  0.12500000  0.0312
       8  0.50000000  0.50000000  0.12500000  0.0312
       9  0.00000000  0.00000000  0.25000000  0.0312
      10  0.50000000  0.00000000  0.25000000  0.0312
      11  0.00000000  0.50000000  0.25000000  0.0312
      12  0.50000000  0.50000000  0.25000000  0.0312
      13  0.00000000  0.00000000  0.37500000  0.0312
      14  0.50000000  0.00000000  0.37500000  0.0312
      15  0.00000000  0.50000000  0.37500000  0.0312
      16  0.50000000  0.50000000  0.37500000  0.0312
      17  0.00000000  0.00000000  0.50000000  0.0312
      18  0.50000000  0.00000000  0.50000000  0.0312
      19  0.00000000  0.50000000  0.50000000  0.0312
      20  0.50000000  0.50000000  0.50000000  0.0312
      21  0.00000000  0.00000000  0.62500000  0.0312
      22  0.50000000  0.00000000  0.62500000  0.0312
      23  0.00000000  0.50000000  0.62500000  0.0312
      24  0.50000000  0.50000000  0.62500000  0.0312
      25  0.00000000  0.00000000  0.75000000  0.0312
      26  0.50000000  0.00000000  0.75000000  0.0312
      27  0.00000000  0.50000000  0.75000000  0.0312
      28  0.50000000  0.50000000  0.75000000  0.0312
      29  0.00000000  0.00000000  0.87500000  0.0312
      30  0.50000000  0.00000000  0.87500000  0.0312
      31  0.00000000  0.50000000  0.87500000  0.0312
      32  0.50000000  0.50000000  0.87500000  0.0312


           k-point number in this process = 32
       minimum distributed K point number = 32

K-POINTS CARTESIAN COORDINATES
 KPOINTS CARTESIAN_X CARTESIAN_Y CARTESIAN_Z  WEIGHT
       1  0.00000000  0.00000000  0.00000000  0.0625
       2  0.09031671 -0.00000002 -0.00000075  0.0625
       3 -0.00000002  0.09959953  0.00000160  0.0625
       4  0.09031669  0.09959951  0.00000085  0.0625
       5 -0.00000019  0.00000040  0.02428960  0.0625
       6  0.09031653  0.00000038  0.02428885  0.0625
       7 -0.00000020  0.09959993  0.02429120  0.0625
       8  0.09031651  0.09959991  0.02429045  0.0625
       9 -0.00000037  0.00000080  0.04857920  0.0625
      10  0.09031634  0.00000078  0.04857845  0.0625
      11 -0.00000039  0.09960033  0.04858080  0.0625
      12  0.09031632  0.09960031  0.04858005  0.0625
      13 -0.00000056  0.00000119  0.07286881  0.0625
      14  0.09031615  0.00000118  0.07286805  0.0625
      15 -0.00000057  0.09960072  0.07287040  0.0625
      16  0.09031614  0.09960071  0.07286965  0.0625
      17 -0.00000074  0.00000159  0.09715841  0.0625
      18  0.09031597  0.00000158  0.09715766  0.0625
      19 -0.00000076  0.09960112  0.09716001  0.0625
      20  0.09031595  0.09960110  0.09715926  0.0625
      21 -0.00000093  0.00000199  0.12144801  0.0625
      22  0.09031578  0.00000197  0.12144726  0.0625
      23 -0.00000095  0.09960152  0.12144961  0.0625
      24  0.09031577  0.09960150  0.12144886  0.0625
      25 -0.00000112  0.00000239  0.14573761  0.0625
      26  0.09031560  0.00000237  0.14573686  0.0625
      27 -0.00000113  0.09960192  0.14573921  0.0625
      28  0.09031558  0.09960190  0.14573846  0.0625
      29 -0.00000130  0.00000279  0.17002721  0.0625
      30  0.09031541  0.00000277  0.17002646  0.0625
      31 -0.00000132  0.09960232  0.17002881  0.0625
      32  0.09031539  0.09960230  0.17002806  0.0625


K-POINTS DIRECT COORDINATES
 KPOINTS    DIRECT_X    DIRECT_Y    DIRECT_Z  WEIGHT
       1  0.00000000  0.00000000  0.00000000  0.0625
       2  0.50000000  0.00000000  0.00000000  0.0625
       3  0.00000000  0.50000000  0.00000000  0.0625
       4  0.50000000  0.50000000  0.00000000  0.0625
       5  0.00000000  0.00000000  0.12500000  0.0625
       6  0.50000000  0.00000000  0.12500000  0.0625
       7  0.00000000  0.50000000  0.12500000  0.0625
       8  0.50000000  0.50000000  0.12500000  0.0625
       9  0.00000000  0.00000000  0.25000000  0.0625
      10  0.50000000  0.00000000  0.25000000  0.0625
      11  0.00000000  0.50000000  0.25000000  0.0625
      12  0.50000000  0.50000000  0.25000000  0.0625
      13  0.00000000  0.00000000  0.37500000  0.0625
      14  0.50000000  0.00000000  0.37500000  0.0625
      15  0.00000000  0.50000000  0.37500000  0.0625
      16  0.50000000  0.50000000  0.37500000  0.0625
      17  0.00000000  0.00000000  0.50000000  0.0625
      18  0.50000000  0.00000000  0.50000000  0.0625
      19  0.00000000  0.50000000  0.50000000  0.0625
      20  0.50000000  0.50000000  0.50000000  0.0625
      21  0.00000000  0.00000000  0.62500000  0.0625
      22  0.50000000  0.00000000  0.62500000  0.0625
      23  0.00000000  0.50000000  0.62500000  0.0625
      24  0.50000000  0.50000000  0.62500000  0.0625
      25  0.00000000  0.00000000  0.75000000  0.0625
      26  0.50000000  0.00000000  0.75000000  0.0625
      27  0.00000000  0.50000000  0.75000000  0.0625
      28  0.50000000  0.50000000  0.75000000  0.0625
      29  0.00000000  0.00000000  0.87500000  0.0625
      30  0.50000000  0.00000000  0.87500000  0.0625
      31  0.00000000  0.50000000  0.87500000  0.0625
      32  0.50000000  0.50000000  0.87500000  0.0625

 DONE : INIT K-POINTS Time : 1.26615 (SEC)





 >>>>>>>>>>>>>>>>>>>>>>>>>>>>>>>>>>>>>>>>>>>>>>>>>>>>>>>>>>>>>>>>>>>>>>
 |                                                                    |
 | Setup plane waves of wave functions:                               |
 | Use the energy cutoff and the lattice vectors to generate the      |
 | dimensions of FFT grid. The number of FFT grid on each processor   |
 | is 'nrxx'. The number of plane wave basis in reciprocal space is   |
 | different for charege/potential and wave functions. We also set    |
 | the 'sticks' for the parallel of FFT. The number of plane wave of  |
 | each k-point is 'npwk[ik]' in each processor                       |
 <<<<<<<<<<<<<<<<<<<<<<<<<<<<<<<<<<<<<<<<<<<<<<<<<<<<<<<<<<<<<<<<<<<<<<





 SETUP PLANE WAVES FOR WAVE FUNCTIONS
     energy cutoff for wavefunc (unit:Ry) = 100
              fft grid for wave functions = [ 72, 64, 64 ]
                    number of plane waves = 20071
                         number of sticks = 903

 PARALLEL PW FOR WAVE FUNCTIONS
     PROC   COLUMNS(POT)             PW
        1             28            628
        2             28            628
        3             28            628
        4             28            628
        5             29            629
        6             29            629
        7             29            627
        8             29            627
        9             29            627
       10             29            627
       11             28            626
       12             28            626
       13             29            629
       14             28            628
       15             28            628
       16             28            628
       17             28            628
       18             28            628
       19             28            628
       20             28            628
       21             28            628
       22             28            628
       23             28            626
       24             28            626
       25             28            626
       26             28            626
       27             28            626
       28             28            626
       29             28            626
       30             28            626
       31             28            626
       32             28            626
 --------------- sum -------------------
       32            903          20071
 DONE : INIT PLANEWAVE Time : 1.27433 (SEC)

 SET NONLOCAL PSEUDOPOTENTIAL PROJECTORS
 SET NONLOCAL PSEUDOPOTENTIAL PROJECTORS
 max number of nonlocal projetors among all species is 8
 DONE : LOCAL POTENTIAL Time : 1.83353 (SEC)


 -------------------------------------------
 NONSELF-CONSISTENT
 -------------------------------------------




 >>>>>>>>>>>>>>>>>>>>>>>>>>>>>>>>>>>>>>>>>>>>>>>>>>>>>>>>>>>>>>>>>>>>>>
 |                                                                    |
 | Search adjacent atoms:                                             |
 | Set the adjacent atoms for each atom and set the periodic boundary |
 | condition for the atoms on real space FFT grid. For k-dependent    |
 | algorithm, we also need to set the sparse H and S matrix element   |
 | for each atom.                                                     |
 |                                                                    |
 <<<<<<<<<<<<<<<<<<<<<<<<<<<<<<<<<<<<<<<<<<<<<<<<<<<<<<<<<<<<<<<<<<<<<<





 SETUP SEARCHING RADIUS FOR PROGRAM TO SEARCH ADJACENT ATOMS
                  longest orb rcut (Bohr) = 10
   longest nonlocal projector rcut (Bohr) = 2.46
                     search radius (Bohr) = 24.9
              searching radius is (Bohr)) = 24.9
         searching radius unit is (Bohr)) = 1.89
                         PeriodicBoundary = 1
                        Radius(unit:lat0) = 13.2
                                   glayer = [ 4, 4, 4 ]
                             glayer_minus = [ 3, 3, 3 ]

Find the coordinate range of the input atom(unit:lat0).
                                  min_tau = [ -16.4, -15, -14.4 ]
                                  max_tau = [ 21.8, 19, 20.6 ]
                                BoxNumber = [ 7, 7, 7 ]

 SETUP EXTENDED REAL SPACE GRID FOR GRID INTEGRATION
                          real space grid = [ 72, 64, 64 ]
                 big cell numbers in grid = [ 18, 32, 32 ]
             meshcell numbers in big cell = [ 4, 2, 2 ]
                        extended fft grid = [ 18, 34, 33 ]
                dimension of extened grid = [ 55, 101, 99 ]
                            UnitCellTotal = 100
              Atom number in sub-FFT-grid = 12
    Local orbitals number in sub-FFT-grid = 212
                                ParaV.nnr = 76134

 Warning_Memory_Consuming allocated:  Gint::hRGint 12.1 MB

 Warning_Memory_Consuming allocated:  Gint::DMRGint 12.1 MB
                                 init_chg = file
 try to read charge from file
 Find the file OUT.ABACUS//SPIN1_CHG.cube , try to read it.
 Read in the charge density: OUT.ABACUS//SPIN1_CHG.cube
 DONE : INIT SCF Time : 2.77375 (SEC)


 LCAO ALGORITHM --------------- ION=   1  ELEC=   1--------------------------------
 Energy (eV) & Occupations  for spin=1 K-point=1
      1       -49.7568      0.0625000
      2       -49.7427      0.0625000
      3       -49.7407      0.0625000
      4       -49.7377      0.0625000
      5       -19.5831      0.0625000
      6       -19.5268      0.0625000
      7       -19.5187      0.0625000
      8       -19.3540      0.0625000
      9       -19.3300      0.0625000
     10       -19.3188      0.0625000
     11       -19.3018      0.0625000
     12       -19.2739      0.0625000
     13       -19.2373      0.0625000
     14       -19.2056      0.0625000
     15       -19.1755      0.0625000
     16       -19.1660      0.0625000
     17       -7.54083      0.0625000
     18       -6.40030      0.0625000
     19       -6.16433      0.0625000
     20       -6.10907      0.0625000
     21       -5.99820      0.0625000
     22       -5.75709      0.0625000
     23       -5.67424      0.0625000
     24       -5.61616      0.0625000
     25        4.94894      0.0625000
     26        5.07134      0.0625000
     27        5.65951      0.0625000
     28        5.73637      0.0625000
     29        5.77520      0.0625000
     30        6.00646      0.0625000
     31        6.80766      0.0625000
     32        7.04207      0.0625000
     33        7.35041      0.0625000
     34        7.55892      0.0625000
     35        7.61382      0.0625000
     36        7.71419      0.0625000
     37        8.07452      0.0625000
     38        8.10983      0.0625000
     39        8.18911      0.0625000
     40        8.41608      0.0625000
     41        8.43020      0.0625000
     42        8.88062      0.0625000
     43        9.20014      0.0625000
     44        9.46788      0.0625000
     45        9.51209      0.0625000
     46        9.81808      0.0625000
     47        9.86582      0.0625000
     48        9.94850      0.0625000
     49        15.3277        0.00000
     50        15.3280        0.00000
     51        15.5944        0.00000
     52        15.6091        0.00000
     53        15.7251        0.00000
     54        15.8184        0.00000
     55        15.9915        0.00000
     56        16.1990        0.00000
     57        16.2212        0.00000
     58        16.6902        0.00000
 Energy (eV) & Occupations  for spin=1 K-point=2
      1       -49.7510      0.0625000
      2       -49.7509      0.0625000
      3       -49.7380      0.0625000
      4       -49.7379      0.0625000
      5       -19.4893      0.0625000
      6       -19.4893      0.0625000
      7       -19.4235      0.0625000
      8       -19.4234      0.0625000
      9       -19.4025      0.0625000
     10       -19.4024      0.0625000
     11       -19.2767      0.0625000
     12       -19.2766      0.0625000
     13       -19.2072      0.0625000
     14       -19.2071      0.0625000
     15       -19.2037      0.0625000
     16       -19.2036      0.0625000
     17       -6.88272      0.0625000
     18       -6.88264      0.0625000
     19       -6.05313      0.0625000
     20       -6.05306      0.0625000
     21       -5.88572      0.0625000
     22       -5.88567      0.0625000
     23       -5.86244      0.0625000
     24       -5.86239      0.0625000
     25        5.82335      0.0625000
     26        5.82342      0.0625000
     27        5.85451      0.0625000
     28        5.85455      0.0625000
     29        6.20914      0.0625000
     30        6.20918      0.0625000
     31        6.60013      0.0625000
     32        6.60033      0.0625000
     33        7.01590      0.0625000
     34        7.01593      0.0625000
     35        7.49916      0.0625000
     36        7.49918      0.0625000
     37        8.02751      0.0625000
     38        8.02758      0.0625000
     39        8.24201      0.0625000
     40        8.24216      0.0625000
     41        8.57543      0.0625000
     42        8.57560      0.0625000
     43        9.07910      0.0625000
     44        9.07920      0.0625000
     45        9.18445      0.0625000
     46        9.18447      0.0625000
     47        9.78350      0.0625000
     48        9.78350      0.0625000
     49        15.3856        0.00000
     50        15.3856        0.00000
     51        15.7444        0.00000
     52        15.7444        0.00000
     53        16.0473        0.00000
     54        16.0475        0.00000
     55        16.3486        0.00000
     56        16.3487        0.00000
     57        16.8073        0.00000
     58        16.8074        0.00000
 Energy (eV) & Occupations  for spin=1 K-point=3
      1       -49.7509      0.0625000
      2       -49.7487      0.0625000
      3       -49.7395      0.0625000
      4       -49.7389      0.0625000
      5       -19.4760      0.0625000
      6       -19.4406      0.0625000
      7       -19.4393      0.0625000
      8       -19.4161      0.0625000
      9       -19.3604      0.0625000
     10       -19.3480      0.0625000
     11       -19.2993      0.0625000
     12       -19.2962      0.0625000
     13       -19.2448      0.0625000
     14       -19.2384      0.0625000
     15       -19.2332      0.0625000
     16       -19.2275      0.0625000
     17       -6.81557      0.0625000
     18       -6.60702      0.0625000
     19       -6.11872      0.0625000
     20       -6.07446      0.0625000
     21       -6.05089      0.0625000
     22       -5.93361      0.0625000
     23       -5.90915      0.0625000
     24       -5.84302      0.0625000
     25        5.48402      0.0625000
     26        5.48408      0.0625000
     27        5.99032      0.0625000
     28        6.12007      0.0625000
     29        6.13989      0.0625000
     30        6.25071      0.0625000
     31        6.30637      0.0625000
     32        6.49112      0.0625000
     33        6.68004      0.0625000
     34        6.85642      0.0625000
     35        7.69399      0.0625000
     36        7.85710      0.0625000
     37        7.94375      0.0625000
     38        8.13399      0.0625000
     39        8.43690      0.0625000
     40        8.44528      0.0625000
     41        8.51747      0.0625000
     42        8.72448      0.0625000
     43        9.00377      0.0625000
     44        9.00566      0.0625000
     45        9.77369      0.0625000
     46        9.79069      0.0625000
     47        9.81018      0.0625000
     48        9.81034      0.0625000
     49        15.2974        0.00000
     50        15.6778        0.00000
     51        15.8399        0.00000
     52        15.8561        0.00000
     53        16.0181        0.00000
     54        16.1071        0.00000
     55        16.3709        0.00000
     56        16.3885        0.00000
     57        16.5463        0.00000
     58        16.7515        0.00000
 Energy (eV) & Occupations  for spin=1 K-point=4
      1       -49.7495      0.0625000
      2       -49.7494      0.0625000
      3       -49.7395      0.0625000
      4       -49.7394      0.0625000
      5       -19.4887      0.0625000
      6       -19.4887      0.0625000
      7       -19.4272      0.0625000
      8       -19.4271      0.0625000
      9       -19.3857      0.0625000
     10       -19.3857      0.0625000
     11       -19.2564      0.0625000
     12       -19.2564      0.0625000
     13       -19.2495      0.0625000
     14       -19.2494      0.0625000
     15       -19.2004      0.0625000
     16       -19.2004      0.0625000
     17       -6.74785      0.0625000
     18       -6.74782      0.0625000
     19       -6.31468      0.0625000
     20       -6.31460      0.0625000
     21       -5.88505      0.0625000
     22       -5.88498      0.0625000
     23       -5.72379      0.0625000
     24       -5.72374      0.0625000
     25        5.54220      0.0625000
     26        5.54230      0.0625000
     27        5.84854      0.0625000
     28        5.84862      0.0625000
     29        6.30586      0.0625000
     30        6.30595      0.0625000
     31        7.10235      0.0625000
     32        7.10243      0.0625000
     33        7.23881      0.0625000
     34        7.23896      0.0625000
     35        7.46165      0.0625000
     36        7.46181      0.0625000
     37        7.78965      0.0625000
     38        7.78976      0.0625000
     39        7.85190      0.0625000
     40        7.85193      0.0625000
     41        8.92950      0.0625000
     42        8.92952      0.0625000
     43        9.03027      0.0625000
     44        9.03031      0.0625000
     45        9.24321      0.0625000
     46        9.24323      0.0625000
     47        9.59879      0.0625000
     48        9.59883      0.0625000
     49        15.5601        0.00000
     50        15.5603        0.00000
     51        15.7224        0.00000
     52        15.7225        0.00000
     53        16.0861        0.00000
     54        16.0862        0.00000
     55        16.1456        0.00000
     56        16.1456        0.00000
     57        16.7676        0.00000
     58        16.7677        0.00000
 Energy (eV) & Occupations  for spin=1 K-point=5
      1       -49.7561      0.0625000
      2       -49.7426      0.0625000
      3       -49.7408      0.0625000
      4       -49.7384      0.0625000
      5       -19.5700      0.0625000
      6       -19.5301      0.0625000
      7       -19.5087      0.0625000
      8       -19.3878      0.0625000
      9       -19.3192      0.0625000
     10       -19.3024      0.0625000
     11       -19.2971      0.0625000
     12       -19.2649      0.0625000
     13       -19.2490      0.0625000
     14       -19.2070      0.0625000
     15       -19.1797      0.0625000
     16       -19.1786      0.0625000
     17       -7.48066      0.0625000
     18       -6.38606      0.0625000
     19       -6.23277      0.0625000
     20       -6.15869      0.0625000
     21       -5.91390      0.0625000
     22       -5.73813      0.0625000
     23       -5.71379      0.0625000
     24       -5.64099      0.0625000
     25        5.01147      0.0625000
     26        5.19845      0.0625000
     27        5.41825      0.0625000
     28        5.76544      0.0625000
     29        5.80908      0.0625000
     30        6.35103      0.0625000
     31        6.74758      0.0625000
     32        7.02763      0.0625000
     33        7.03267      0.0625000
     34        7.53441      0.0625000
     35        7.57579      0.0625000
     36        7.62541      0.0625000
     37        7.93071      0.0625000
     38        8.12988      0.0625000
     39        8.42759      0.0625000
     40        8.49290      0.0625000
     41        8.66703      0.0625000
     42        8.83140      0.0625000
     43        9.05023      0.0625000
     44        9.41083      0.0625000
     45        9.43820      0.0625000
     46        9.80882      0.0625000
     47        9.83816      0.0625000
     48        9.96542      0.0625000
     49        15.2915        0.00000
     50        15.3661        0.00000
     51        15.4373        0.00000
     52        15.6195        0.00000
     53        15.8206        0.00000
     54        15.9293        0.00000
     55        16.0815        0.00000
     56        16.1488        0.00000
     57        16.2757        0.00000
     58        16.6685        0.00000
 Energy (eV) & Occupations  for spin=1 K-point=6
      1       -49.7505      0.0625000
      2       -49.7505      0.0625000
      3       -49.7385      0.0625000
      4       -49.7384      0.0625000
      5       -19.4901      0.0625000
      6       -19.4901      0.0625000
      7       -19.4198      0.0625000
      8       -19.4198      0.0625000
      9       -19.3993      0.0625000
     10       -19.3993      0.0625000
     11       -19.2771      0.0625000
     12       -19.2770      0.0625000
     13       -19.2140      0.0625000
     14       -19.2140      0.0625000
     15       -19.2034      0.0625000
     16       -19.2034      0.0625000
     17       -6.84753      0.0625000
     18       -6.84746      0.0625000
     19       -6.05267      0.0625000
     20       -6.05261      0.0625000
     21       -5.91889      0.0625000
     22       -5.91882      0.0625000
     23       -5.86750      0.0625000
     24       -5.86746      0.0625000
     25        5.80596      0.0625000
     26        5.80600      0.0625000
     27        5.90333      0.0625000
     28        5.90337      0.0625000
     29        6.25890      0.0625000
     30        6.25895      0.0625000
     31        6.60361      0.0625000
     32        6.60377      0.0625000
     33        7.03462      0.0625000
     34        7.03471      0.0625000
     35        7.54162      0.0625000
     36        7.54172      0.0625000
     37        7.84669      0.0625000
     38        7.84683      0.0625000
     39        8.31308      0.0625000
     40        8.31323      0.0625000
     41        8.58572      0.0625000
     42        8.58576      0.0625000
     43        8.90631      0.0625000
     44        8.90640      0.0625000
     45        9.32850      0.0625000
     46        9.32855      0.0625000
     47        9.72567      0.0625000
     48        9.72571      0.0625000
     49        15.3551        0.00000
     50        15.3551        0.00000
     51        15.6971        0.00000
     52        15.6973        0.00000
     53        16.1232        0.00000
     54        16.1234        0.00000
     55        16.3504        0.00000
     56        16.3504        0.00000
     57        16.8698        0.00000
     58        16.8699        0.00000
 Energy (eV) & Occupations  for spin=1 K-point=7
      1       -49.7504      0.0625000
      2       -49.7484      0.0625000
      3       -49.7398      0.0625000
      4       -49.7394      0.0625000
      5       -19.4841      0.0625000
      6       -19.4519      0.0625000
      7       -19.4407      0.0625000
      8       -19.4194      0.0625000
      9       -19.3687      0.0625000
     10       -19.3614      0.0625000
     11       -19.2851      0.0625000
     12       -19.2830      0.0625000
     13       -19.2420      0.0625000
     14       -19.2382      0.0625000
     15       -19.2290      0.0625000
     16       -19.2159      0.0625000
     17       -6.79215      0.0625000
     18       -6.59183      0.0625000
     19       -6.15309      0.0625000
     20       -6.08834      0.0625000
     21       -6.06368      0.0625000
     22       -5.92922      0.0625000
     23       -5.90086      0.0625000
     24       -5.84088      0.0625000
     25        5.51117      0.0625000
     26        5.54414      0.0625000
     27        6.01051      0.0625000
     28        6.07308      0.0625000
     29        6.18769      0.0625000
     30        6.20446      0.0625000
     31        6.38424      0.0625000
     32        6.49428      0.0625000
     33        6.70853      0.0625000
     34        6.88650      0.0625000
     35        7.70322      0.0625000
     36        7.80740      0.0625000
     37        7.97067      0.0625000
     38        8.09780      0.0625000
     39        8.32914      0.0625000
     40        8.45051      0.0625000
     41        8.54940      0.0625000
     42        8.59570      0.0625000
     43        9.06119      0.0625000
     44        9.12117      0.0625000
     45        9.73259      0.0625000
     46        9.76520      0.0625000
     47        9.76693      0.0625000
     48        9.77086      0.0625000
     49        15.3262        0.00000
     50        15.6137        0.00000
     51        15.6641        0.00000
     52        15.7195        0.00000
     53        16.0645        0.00000
     54        16.1358        0.00000
     55        16.3363        0.00000
     56        16.3534        0.00000
     57        16.7085        0.00000
     58        16.7357        0.00000
 Energy (eV) & Occupations  for spin=1 K-point=8
      1       -49.7491      0.0625000
      2       -49.7490      0.0625000
      3       -49.7399      0.0625000
      4       -49.7398      0.0625000
      5       -19.5131      0.0625000
      6       -19.5131      0.0625000
      7       -19.4307      0.0625000
      8       -19.4307      0.0625000
      9       -19.3690      0.0625000
     10       -19.3689      0.0625000
     11       -19.2637      0.0625000
     12       -19.2637      0.0625000
     13       -19.2272      0.0625000
     14       -19.2271      0.0625000
     15       -19.2036      0.0625000
     16       -19.2035      0.0625000
     17       -6.75120      0.0625000
     18       -6.75117      0.0625000
     19       -6.30990      0.0625000
     20       -6.30979      0.0625000
     21       -5.93123      0.0625000
     22       -5.93117      0.0625000
     23       -5.67889      0.0625000
     24       -5.67882      0.0625000
     25        5.56530      0.0625000
     26        5.56538      0.0625000
     27        5.91074      0.0625000
     28        5.91081      0.0625000
     29        6.24884      0.0625000
     30        6.24893      0.0625000
     31        7.04909      0.0625000
     32        7.04921      0.0625000
     33        7.22732      0.0625000
     34        7.22745      0.0625000
     35        7.34481      0.0625000
     36        7.34495      0.0625000
     37        7.90856      0.0625000
     38        7.90862      0.0625000
     39        8.06409      0.0625000
     40        8.06414      0.0625000
     41        8.86674      0.0625000
     42        8.86680      0.0625000
     43        9.03326      0.0625000
     44        9.03332      0.0625000
     45        9.18066      0.0625000
     46        9.18069      0.0625000
     47        9.55684      0.0625000
     48        9.55687      0.0625000
     49        15.4951        0.00000
     50        15.4953        0.00000
     51        15.6418        0.00000
     52        15.6419        0.00000
     53        16.0650        0.00000
     54        16.0651        0.00000
     55        16.2159        0.00000
     56        16.2160        0.00000
     57        16.7205        0.00000
     58        16.7206        0.00000
 Energy (eV) & Occupations  for spin=1 K-point=9
      1       -49.7540      0.0625000
      2       -49.7424      0.0625000
      3       -49.7410      0.0625000
      4       -49.7405      0.0625000
      5       -19.5342      0.0625000
      6       -19.5324      0.0625000
      7       -19.4802      0.0625000
      8       -19.4362      0.0625000
      9       -19.3097      0.0625000
     10       -19.2938      0.0625000
     11       -19.2808      0.0625000
     12       -19.2767      0.0625000
     13       -19.2461      0.0625000
     14       -19.2124      0.0625000
     15       -19.2081      0.0625000
     16       -19.1917      0.0625000
     17       -7.30842      0.0625000
     18       -6.37074      0.0625000
     19       -6.31916      0.0625000
     20       -6.25181      0.0625000
     21       -5.88962      0.0625000
     22       -5.78386      0.0625000
     23       -5.71069      0.0625000
     24       -5.64107      0.0625000
     25        5.17487      0.0625000
     26        5.20732      0.0625000
     27        5.55808      0.0625000
     28        5.85878      0.0625000
     29        5.90477      0.0625000
     30        6.55403      0.0625000
     31        6.58590      0.0625000
     32        6.74786      0.0625000
     33        6.91129      0.0625000
     34        7.48746      0.0625000
     35        7.51917      0.0625000
     36        7.59225      0.0625000
     37        7.73021      0.0625000
     38        8.21685      0.0625000
     39        8.57619      0.0625000
     40        8.57900      0.0625000
     41        8.61101      0.0625000
     42        8.77530      0.0625000
     43        9.01975      0.0625000
     44        9.29306      0.0625000
     45        9.41376      0.0625000
     46        9.76907      0.0625000
     47        9.76930      0.0625000
     48        9.99463      0.0625000
     49        15.1870        0.00000
     50        15.2803        0.00000
     51        15.4202        0.00000
     52        15.5535        0.00000
     53        15.9248        0.00000
     54        16.0969        0.00000
     55        16.1663        0.00000
     56        16.2149        0.00000
     57        16.5531        0.00000
     58        16.6450        0.00000
 Energy (eV) & Occupations  for spin=1 K-point=10
      1       -49.7491      0.0625000
      2       -49.7490      0.0625000
      3       -49.7399      0.0625000
      4       -49.7398      0.0625000
      5       -19.4888      0.0625000
      6       -19.4888      0.0625000
      7       -19.4226      0.0625000
      8       -19.4226      0.0625000
      9       -19.3835      0.0625000
     10       -19.3835      0.0625000
     11       -19.2714      0.0625000
     12       -19.2714      0.0625000
     13       -19.2358      0.0625000
     14       -19.2357      0.0625000
     15       -19.2041      0.0625000
     16       -19.2041      0.0625000
     17       -6.74686      0.0625000
     18       -6.74679      0.0625000
     19       -6.08953      0.0625000
     20       -6.08950      0.0625000
     21       -5.97283      0.0625000
     22       -5.97273      0.0625000
     23       -5.88308      0.0625000
     24       -5.88302      0.0625000
     25        5.81974      0.0625000
     26        5.81980      0.0625000
     27        5.99745      0.0625000
     28        5.99747      0.0625000
     29        6.33298      0.0625000
     30        6.33304      0.0625000
     31        6.61927      0.0625000
     32        6.61943      0.0625000
     33        7.12099      0.0625000
     34        7.12111      0.0625000
     35        7.47581      0.0625000
     36        7.47597      0.0625000
     37        7.72014      0.0625000
     38        7.72017      0.0625000
     39        8.29671      0.0625000
     40        8.29686      0.0625000
     41        8.61653      0.0625000
     42        8.61660      0.0625000
     43        8.81271      0.0625000
     44        8.81273      0.0625000
     45        9.26069      0.0625000
     46        9.26076      0.0625000
     47        9.67718      0.0625000
     48        9.67723      0.0625000
     49        15.3270        0.00000
     50        15.3271        0.00000
     51        15.6049        0.00000
     52        15.6051        0.00000
     53        16.2711        0.00000
     54        16.2712        0.00000
     55        16.3772        0.00000
     56        16.3774        0.00000
     57        16.8943        0.00000
     58        16.8945        0.00000
 Energy (eV) & Occupations  for spin=1 K-point=11
      1       -49.7491      0.0625000
      2       -49.7474      0.0625000
      3       -49.7408      0.0625000
      4       -49.7407      0.0625000
      5       -19.4981      0.0625000
      6       -19.4741      0.0625000
      7       -19.4502      0.0625000
      8       -19.4412      0.0625000
      9       -19.3710      0.0625000
     10       -19.3663      0.0625000
     11       -19.2764      0.0625000
     12       -19.2666      0.0625000
     13       -19.2402      0.0625000
     14       -19.2343      0.0625000
     15       -19.2035      0.0625000
     16       -19.1965      0.0625000
     17       -6.72470      0.0625000
     18       -6.54688      0.0625000
     19       -6.24211      0.0625000
     20       -6.17276      0.0625000
     21       -6.03408      0.0625000
     22       -5.91648      0.0625000
     23       -5.89844      0.0625000
     24       -5.84228      0.0625000
     25        5.60011      0.0625000
     26        5.71141      0.0625000
     27        6.00811      0.0625000
     28        6.05308      0.0625000
     29        6.12949      0.0625000
     30        6.32382      0.0625000
     31        6.44281      0.0625000
     32        6.53583      0.0625000
     33        6.68951      0.0625000
     34        6.98817      0.0625000
     35        7.63697      0.0625000
     36        7.72573      0.0625000
     37        8.06589      0.0625000
     38        8.08800      0.0625000
     39        8.21429      0.0625000
     40        8.31528      0.0625000
     41        8.46095      0.0625000
     42        8.70686      0.0625000
     43        9.05069      0.0625000
     44        9.16354      0.0625000
     45        9.59434      0.0625000
     46        9.69399      0.0625000
     47        9.71541      0.0625000
     48        9.75646      0.0625000
     49        15.3823        0.00000
     50        15.4039        0.00000
     51        15.4951        0.00000
     52        15.5767        0.00000
     53        15.9687        0.00000
     54        16.2078        0.00000
     55        16.2089        0.00000
     56        16.3159        0.00000
     57        16.6691        0.00000
     58        16.8391        0.00000
 Energy (eV) & Occupations  for spin=1 K-point=12
      1       -49.7480      0.0625000
      2       -49.7479      0.0625000
      3       -49.7410      0.0625000
      4       -49.7409      0.0625000
      5       -19.5420      0.0625000
      6       -19.5420      0.0625000
      7       -19.4699      0.0625000
      8       -19.4699      0.0625000
      9       -19.3193      0.0625000
     10       -19.3193      0.0625000
     11       -19.2574      0.0625000
     12       -19.2574      0.0625000
     13       -19.2135      0.0625000
     14       -19.2135      0.0625000
     15       -19.2034      0.0625000
     16       -19.2034      0.0625000
     17       -6.74303      0.0625000
     18       -6.74299      0.0625000
     19       -6.35984      0.0625000
     20       -6.35971      0.0625000
     21       -5.92902      0.0625000
     22       -5.92897      0.0625000
     23       -5.63930      0.0625000
     24       -5.63922      0.0625000
     25        5.64189      0.0625000
     26        5.64194      0.0625000
     27        6.02367      0.0625000
     28        6.02373      0.0625000
     29        6.18511      0.0625000
     30        6.18521      0.0625000
     31        6.77268      0.0625000
     32        6.77273      0.0625000
     33        7.15823      0.0625000
     34        7.15832      0.0625000
     35        7.54469      0.0625000
     36        7.54475      0.0625000
     37        8.05211      0.0625000
     38        8.05215      0.0625000
     39        8.38259      0.0625000
     40        8.38264      0.0625000
     41        8.74947      0.0625000
     42        8.74951      0.0625000
     43        8.87896      0.0625000
     44        8.87901      0.0625000
     45        9.14084      0.0625000
     46        9.14089      0.0625000
     47        9.46616      0.0625000
     48        9.46620      0.0625000
     49        15.3578        0.00000
     50        15.3579        0.00000
     51        15.4797        0.00000
     52        15.4798        0.00000
     53        16.0873        0.00000
     54        16.0875        0.00000
     55        16.2499        0.00000
     56        16.2501        0.00000
     57        16.6192        0.00000
     58        16.6193        0.00000
 Energy (eV) & Occupations  for spin=1 K-point=13
      1       -49.7510      0.0625000
      2       -49.7436      0.0625000
      3       -49.7421      0.0625000
      4       -49.7413      0.0625000
      5       -19.5300      0.0625000
      6       -19.4798      0.0625000
      7       -19.4760      0.0625000
      8       -19.4381      0.0625000
      9       -19.3413      0.0625000
     10       -19.3261      0.0625000
     11       -19.2664      0.0625000
     12       -19.2578      0.0625000
     13       -19.2352      0.0625000
     14       -19.2288      0.0625000
     15       -19.2209      0.0625000
     16       -19.2093      0.0625000
     17       -7.04873      0.0625000
     18       -6.47487      0.0625000
     19       -6.36977      0.0625000
     20       -6.33151      0.0625000
     21       -5.97701      0.0625000
     22       -5.81136      0.0625000
     23       -5.67294      0.0625000
     24       -5.59799      0.0625000
     25        5.15957      0.0625000
     26        5.31803      0.0625000
     27        5.94565      0.0625000
     28        6.01585      0.0625000
     29        6.17567      0.0625000
     30        6.33121      0.0625000
     31        6.37144      0.0625000
     32        6.51648      0.0625000
     33        6.85478      0.0625000
     34        7.36371      0.0625000
     35        7.50664      0.0625000
     36        7.67184      0.0625000
     37        7.84940      0.0625000
     38        8.01006      0.0625000
     39        8.34091      0.0625000
     40        8.40484      0.0625000
     41        8.60950      0.0625000
     42        8.73027      0.0625000
     43        9.30241      0.0625000
     44        9.32857      0.0625000
     45        9.44924      0.0625000
     46        9.68181      0.0625000
     47        9.73998      0.0625000
     48        9.95870      0.0625000
     49        15.0720        0.00000
     50        15.3405        0.00000
     51        15.3557        0.00000
     52        15.4925        0.00000
     53        15.8745        0.00000
     54        16.0703        0.00000
     55        16.3009        0.00000
     56        16.3311        0.00000
     57        16.7521        0.00000
     58        16.8759        0.00000
 Energy (eV) & Occupations  for spin=1 K-point=14
      1       -49.7470      0.0625000
      2       -49.7469      0.0625000
      3       -49.7420      0.0625000
      4       -49.7419      0.0625000
      5       -19.4802      0.0625000
      6       -19.4801      0.0625000
      7       -19.4408      0.0625000
      8       -19.4407      0.0625000
      9       -19.3522      0.0625000
     10       -19.3521      0.0625000
     11       -19.2758      0.0625000
     12       -19.2758      0.0625000
     13       -19.2476      0.0625000
     14       -19.2476      0.0625000
     15       -19.2123      0.0625000
     16       -19.2123      0.0625000
     17       -6.59460      0.0625000
     18       -6.59454      0.0625000
     19       -6.22975      0.0625000
     20       -6.22971      0.0625000
     21       -5.96577      0.0625000
     22       -5.96568      0.0625000
     23       -5.90761      0.0625000
     24       -5.90755      0.0625000
     25        5.90047      0.0625000
     26        5.90054      0.0625000
     27        6.06476      0.0625000
     28        6.06482      0.0625000
     29        6.37501      0.0625000
     30        6.37503      0.0625000
     31        6.56590      0.0625000
     32        6.56602      0.0625000
     33        7.24429      0.0625000
     34        7.24444      0.0625000
     35        7.39289      0.0625000
     36        7.39299      0.0625000
     37        7.75808      0.0625000
     38        7.75815      0.0625000
     39        8.22567      0.0625000
     40        8.22577      0.0625000
     41        8.56193      0.0625000
     42        8.56203      0.0625000
     43        8.73091      0.0625000
     44        8.73098      0.0625000
     45        9.21290      0.0625000
     46        9.21299      0.0625000
     47        9.60570      0.0625000
     48        9.60573      0.0625000
     49        15.3534        0.00000
     50        15.3536        0.00000
     51        15.5137        0.00000
     52        15.5139        0.00000
     53        16.3683        0.00000
     54        16.3684        0.00000
     55        16.4138        0.00000
     56        16.4139        0.00000
     57        16.9998        0.00000
     58        17.0001        0.00000
 Energy (eV) & Occupations  for spin=1 K-point=15
      1       -49.7472      0.0625000
      2       -49.7459      0.0625000
      3       -49.7426      0.0625000
      4       -49.7423      0.0625000
      5       -19.5040      0.0625000
      6       -19.4880      0.0625000
      7       -19.4724      0.0625000
      8       -19.4714      0.0625000
      9       -19.3557      0.0625000
     10       -19.3450      0.0625000
     11       -19.2983      0.0625000
     12       -19.2869      0.0625000
     13       -19.2135      0.0625000
     14       -19.2074      0.0625000
     15       -19.1881      0.0625000
     16       -19.1866      0.0625000
     17       -6.62141      0.0625000
     18       -6.47467      0.0625000
     19       -6.36273      0.0625000
     20       -6.27589      0.0625000
     21       -5.99299      0.0625000
     22       -5.91594      0.0625000
     23       -5.89704      0.0625000
     24       -5.85419      0.0625000
     25        5.75167      0.0625000
     26        5.94599      0.0625000
     27        5.98139      0.0625000
     28        6.08248      0.0625000
     29        6.09343      0.0625000
     30        6.32976      0.0625000
     31        6.38342      0.0625000
     32        6.52915      0.0625000
     33        6.76083      0.0625000
     34        7.17273      0.0625000
     35        7.37033      0.0625000
     36        7.63535      0.0625000
     37        8.18868      0.0625000
     38        8.24533      0.0625000
     39        8.24693      0.0625000
     40        8.27841      0.0625000
     41        8.45061      0.0625000
     42        8.71424      0.0625000
     43        8.84030      0.0625000
     44        8.91901      0.0625000
     45        9.60569      0.0625000
     46        9.67852      0.0625000
     47        9.68578      0.0625000
     48        9.73021      0.0625000
     49        15.2247        0.00000
     50        15.2792        0.00000
     51        15.4473        0.00000
     52        15.7135        0.00000
     53        15.7657        0.00000
     54        16.1474        0.00000
     55        16.1672        0.00000
     56        16.2783        0.00000
     57        16.6082        0.00000
     58        16.7239        0.00000
 Energy (eV) & Occupations  for spin=1 K-point=16
      1       -49.7464      0.0625000
      2       -49.7463      0.0625000
      3       -49.7426      0.0625000
      4       -49.7425      0.0625000
      5       -19.5531      0.0625000
      6       -19.5531      0.0625000
      7       -19.5126      0.0625000
      8       -19.5126      0.0625000
      9       -19.2759      0.0625000
     10       -19.2759      0.0625000
     11       -19.2407      0.0625000
     12       -19.2407      0.0625000
     13       -19.2247      0.0625000
     14       -19.2247      0.0625000
     15       -19.1969      0.0625000
     16       -19.1968      0.0625000
     17       -6.69764      0.0625000
     18       -6.69758      0.0625000
     19       -6.48186      0.0625000
     20       -6.48176      0.0625000
     21       -5.83613      0.0625000
     22       -5.83610      0.0625000
     23       -5.65604      0.0625000
     24       -5.65598      0.0625000
     25        5.77127      0.0625000
     26        5.77129      0.0625000
     27        6.01187      0.0625000
     28        6.01194      0.0625000
     29        6.23782      0.0625000
     30        6.23788      0.0625000
     31        6.49677      0.0625000
     32        6.49679      0.0625000
     33        7.26664      0.0625000
     34        7.26673      0.0625000
     35        7.80391      0.0625000
     36        7.80397      0.0625000
     37        8.00049      0.0625000
     38        8.00057      0.0625000
     39        8.38568      0.0625000
     40        8.38579      0.0625000
     41        8.70830      0.0625000
     42        8.70835      0.0625000
     43        8.88624      0.0625000
     44        8.88626      0.0625000
     45        9.12165      0.0625000
     46        9.12168      0.0625000
     47        9.35677      0.0625000
     48        9.35680      0.0625000
     49        15.2563        0.00000
     50        15.2564        0.00000
     51        15.3085        0.00000
     52        15.3086        0.00000
     53        16.1703        0.00000
     54        16.1704        0.00000
     55        16.1994        0.00000
     56        16.1997        0.00000
     57        16.5287        0.00000
     58        16.5288        0.00000
 Energy (eV) & Occupations  for spin=1 K-point=17
      1       -49.7474      0.0625000
      2       -49.7472      0.0625000
      3       -49.7418      0.0625000
      4       -49.7416      0.0625000
      5       -19.5121      0.0625000
      6       -19.5120      0.0625000
      7       -19.4166      0.0625000
      8       -19.4165      0.0625000
      9       -19.3717      0.0625000
     10       -19.3716      0.0625000
     11       -19.2491      0.0625000
     12       -19.2491      0.0625000
     13       -19.2290      0.0625000
     14       -19.2290      0.0625000
     15       -19.2281      0.0625000
     16       -19.2280      0.0625000
     17       -6.74462      0.0625000
     18       -6.74451      0.0625000
     19       -6.37399      0.0625000
     20       -6.37393      0.0625000
     21       -5.91801      0.0625000
     22       -5.91798      0.0625000
     23       -5.60724      0.0625000
     24       -5.60718      0.0625000
     25        5.25211      0.0625000
     26        5.25219      0.0625000
     27        6.15203      0.0625000
     28        6.15207      0.0625000
     29        6.20503      0.0625000
     30        6.20513      0.0625000
     31        6.53207      0.0625000
     32        6.53222      0.0625000
     33        6.83853      0.0625000
     34        6.83862      0.0625000
     35        7.56286      0.0625000
     36        7.56296      0.0625000
     37        8.00741      0.0625000
     38        8.00746      0.0625000
     39        8.43114      0.0625000
     40        8.43122      0.0625000
     41        8.51021      0.0625000
     42        8.51027      0.0625000
     43        9.39359      0.0625000
     44        9.39373      0.0625000
     45        9.54976      0.0625000
     46        9.54978      0.0625000
     47        9.84135      0.0625000
     48        9.84139      0.0625000
     49        15.1420        0.00000
     50        15.1423        0.00000
     51        15.4730        0.00000
     52        15.4733        0.00000
     53        15.9158        0.00000
     54        15.9159        0.00000
     55        16.3753        0.00000
     56        16.3755        0.00000
     57        16.8990        0.00000
     58        16.8993        0.00000
 Energy (eV) & Occupations  for spin=1 K-point=18
      1       -49.7446      0.0625000
      2       -49.7445      0.0625000
      3       -49.7444      0.0625000
      4       -49.7444      0.0625000
      5       -19.4629      0.0625000
      6       -19.4629      0.0625000
      7       -19.4629      0.0625000
      8       -19.4629      0.0625000
      9       -19.3135      0.0625000
     10       -19.3133      0.0625000
     11       -19.3133      0.0625000
     12       -19.3133      0.0625000
     13       -19.2287      0.0625000
     14       -19.2286      0.0625000
     15       -19.2286      0.0625000
     16       -19.2286      0.0625000
     17       -6.41257      0.0625000
     18       -6.41250      0.0625000
     19       -6.41245      0.0625000
     20       -6.41244      0.0625000
     21       -5.93753      0.0625000
     22       -5.93747      0.0625000
     23       -5.93742      0.0625000
     24       -5.93739      0.0625000
     25        6.01844      0.0625000
     26        6.01847      0.0625000
     27        6.01853      0.0625000
     28        6.01858      0.0625000
     29        6.44613      0.0625000
     30        6.44618      0.0625000
     31        6.44620      0.0625000
     32        6.44622      0.0625000
     33        7.34032      0.0625000
     34        7.34046      0.0625000
     35        7.34049      0.0625000
     36        7.34062      0.0625000
     37        7.99610      0.0625000
     38        7.99620      0.0625000
     39        7.99626      0.0625000
     40        7.99634      0.0625000
     41        8.57360      0.0625000
     42        8.57361      0.0625000
     43        8.57377      0.0625000
     44        8.57379      0.0625000
     45        9.42028      0.0625000
     46        9.42036      0.0625000
     47        9.42038      0.0625000
     48        9.42044      0.0625000
     49        15.4248        0.00000
     50        15.4249        0.00000
     51        15.4250        0.00000
     52        15.4251        0.00000
     53        16.4100        0.00000
     54        16.4102        0.00000
     55        16.4104        0.00000
     56        16.4105        0.00000
     57        17.1600        0.00000
     58        17.1601        0.00000
 Energy (eV) & Occupations  for spin=1 K-point=19
      1       -49.7450      0.0625000
      2       -49.7448      0.0625000
      3       -49.7441      0.0625000
      4       -49.7440      0.0625000
      5       -19.4955      0.0625000
      6       -19.4954      0.0625000
      7       -19.4869      0.0625000
      8       -19.4869      0.0625000
      9       -19.3280      0.0625000
     10       -19.3279      0.0625000
     11       -19.3162      0.0625000
     12       -19.3161      0.0625000
     13       -19.1925      0.0625000
     14       -19.1925      0.0625000
     15       -19.1895      0.0625000
     16       -19.1894      0.0625000
     17       -6.49530      0.0625000
     18       -6.49520      0.0625000
     19       -6.38103      0.0625000
     20       -6.38100      0.0625000
     21       -5.95033      0.0625000
     22       -5.95020      0.0625000
     23       -5.87445      0.0625000
     24       -5.87442      0.0625000
     25        5.91318      0.0625000
     26        5.91322      0.0625000
     27        6.06081      0.0625000
     28        6.06085      0.0625000
     29        6.27239      0.0625000
     30        6.27248      0.0625000
     31        6.30775      0.0625000
     32        6.30787      0.0625000
     33        7.06809      0.0625000
     34        7.06813      0.0625000
     35        7.41007      0.0625000
     36        7.41012      0.0625000
     37        8.33821      0.0625000
     38        8.33828      0.0625000
     39        8.34454      0.0625000
     40        8.34462      0.0625000
     41        8.54670      0.0625000
     42        8.54683      0.0625000
     43        8.67923      0.0625000
     44        8.67934      0.0625000
     45        9.65376      0.0625000
     46        9.65394      0.0625000
     47        9.70539      0.0625000
     48        9.70543      0.0625000
     49        15.1886        0.00000
     50        15.1887        0.00000
     51        15.5436        0.00000
     52        15.5438        0.00000
     53        15.9548        0.00000
     54        15.9550        0.00000
     55        16.2277        0.00000
     56        16.2278        0.00000
     57        16.6181        0.00000
     58        16.6183        0.00000
 Energy (eV) & Occupations  for spin=1 K-point=20
      1       -49.7446      0.0625000
      2       -49.7444      0.0625000
      3       -49.7444      0.0625000
      4       -49.7444      0.0625000
      5       -19.5427      0.0625000
      6       -19.5427      0.0625000
      7       -19.5427      0.0625000
      8       -19.5426      0.0625000
      9       -19.2496      0.0625000
     10       -19.2495      0.0625000
     11       -19.2495      0.0625000
     12       -19.2495      0.0625000
     13       -19.2095      0.0625000
     14       -19.2094      0.0625000
     15       -19.2094      0.0625000
     16       -19.2094      0.0625000
     17       -6.60686      0.0625000
     18       -6.60683      0.0625000
     19       -6.60678      0.0625000
     20       -6.60675      0.0625000
     21       -5.72921      0.0625000
     22       -5.72917      0.0625000
     23       -5.72914      0.0625000
     24       -5.72908      0.0625000
     25        5.91783      0.0625000
     26        5.91787      0.0625000
     27        5.91791      0.0625000
     28        5.91795      0.0625000
     29        6.31684      0.0625000
     30        6.31691      0.0625000
     31        6.31692      0.0625000
     32        6.31699      0.0625000
     33        7.59476      0.0625000
     34        7.59484      0.0625000
     35        7.59493      0.0625000
     36        7.59499      0.0625000
     37        8.13354      0.0625000
     38        8.13367      0.0625000
     39        8.13368      0.0625000
     40        8.13381      0.0625000
     41        8.85511      0.0625000
     42        8.85517      0.0625000
     43        8.85520      0.0625000
     44        8.85528      0.0625000
     45        9.21753      0.0625000
     46        9.21755      0.0625000
     47        9.21759      0.0625000
     48        9.21762      0.0625000
     49        15.2283        0.00000
     50        15.2284        0.00000
     51        15.2287        0.00000
     52        15.2287        0.00000
     53        16.1917        0.00000
     54        16.1919        0.00000
     55        16.1921        0.00000
     56        16.1923        0.00000
     57        16.5503        0.00000
     58        16.5504        0.00000
 Energy (eV) & Occupations  for spin=1 K-point=21
      1       -49.7510      0.0625000
      2       -49.7436      0.0625000
      3       -49.7421      0.0625000
      4       -49.7413      0.0625000
      5       -19.5300      0.0625000
      6       -19.4798      0.0625000
      7       -19.4760      0.0625000
      8       -19.4381      0.0625000
      9       -19.3413      0.0625000
     10       -19.3261      0.0625000
     11       -19.2664      0.0625000
     12       -19.2578      0.0625000
     13       -19.2352      0.0625000
     14       -19.2288      0.0625000
     15       -19.2209      0.0625000
     16       -19.2093      0.0625000
     17       -7.04873      0.0625000
     18       -6.47487      0.0625000
     19       -6.36977      0.0625000
     20       -6.33151      0.0625000
     21       -5.97701      0.0625000
     22       -5.81136      0.0625000
     23       -5.67294      0.0625000
     24       -5.59799      0.0625000
     25        5.15957      0.0625000
     26        5.31803      0.0625000
     27        5.94565      0.0625000
     28        6.01585      0.0625000
     29        6.17567      0.0625000
     30        6.33121      0.0625000
     31        6.37144      0.0625000
     32        6.51648      0.0625000
     33        6.85478      0.0625000
     34        7.36371      0.0625000
     35        7.50664      0.0625000
     36        7.67184      0.0625000
     37        7.84940      0.0625000
     38        8.01006      0.0625000
     39        8.34091      0.0625000
     40        8.40484      0.0625000
     41        8.60950      0.0625000
     42        8.73027      0.0625000
     43        9.30241      0.0625000
     44        9.32857      0.0625000
     45        9.44924      0.0625000
     46        9.68181      0.0625000
     47        9.73998      0.0625000
     48        9.95870      0.0625000
     49        15.0720        0.00000
     50        15.3405        0.00000
     51        15.3557        0.00000
     52        15.4925        0.00000
     53        15.8745        0.00000
     54        16.0703        0.00000
     55        16.3009        0.00000
     56        16.3311        0.00000
     57        16.7521        0.00000
     58        16.8759        0.00000
 Energy (eV) & Occupations  for spin=1 K-point=22
      1       -49.7470      0.0625000
      2       -49.7469      0.0625000
      3       -49.7420      0.0625000
      4       -49.7419      0.0625000
      5       -19.4802      0.0625000
      6       -19.4801      0.0625000
      7       -19.4408      0.0625000
      8       -19.4407      0.0625000
      9       -19.3522      0.0625000
     10       -19.3521      0.0625000
     11       -19.2758      0.0625000
     12       -19.2758      0.0625000
     13       -19.2476      0.0625000
     14       -19.2476      0.0625000
     15       -19.2123      0.0625000
     16       -19.2123      0.0625000
     17       -6.59460      0.0625000
     18       -6.59454      0.0625000
     19       -6.22975      0.0625000
     20       -6.22971      0.0625000
     21       -5.96577      0.0625000
     22       -5.96568      0.0625000
     23       -5.90761      0.0625000
     24       -5.90755      0.0625000
     25        5.90047      0.0625000
     26        5.90054      0.0625000
     27        6.06476      0.0625000
     28        6.06482      0.0625000
     29        6.37501      0.0625000
     30        6.37503      0.0625000
     31        6.56590      0.0625000
     32        6.56602      0.0625000
     33        7.24429      0.0625000
     34        7.24444      0.0625000
     35        7.39289      0.0625000
     36        7.39299      0.0625000
     37        7.75808      0.0625000
     38        7.75815      0.0625000
     39        8.22567      0.0625000
     40        8.22577      0.0625000
     41        8.56193      0.0625000
     42        8.56203      0.0625000
     43        8.73091      0.0625000
     44        8.73098      0.0625000
     45        9.21290      0.0625000
     46        9.21299      0.0625000
     47        9.60570      0.0625000
     48        9.60573      0.0625000
     49        15.3534        0.00000
     50        15.3536        0.00000
     51        15.5137        0.00000
     52        15.5139        0.00000
     53        16.3683        0.00000
     54        16.3684        0.00000
     55        16.4138        0.00000
     56        16.4139        0.00000
     57        16.9998        0.00000
     58        17.0001        0.00000
 Energy (eV) & Occupations  for spin=1 K-point=23
      1       -49.7472      0.0625000
      2       -49.7459      0.0625000
      3       -49.7426      0.0625000
      4       -49.7423      0.0625000
      5       -19.5040      0.0625000
      6       -19.4880      0.0625000
      7       -19.4724      0.0625000
      8       -19.4714      0.0625000
      9       -19.3557      0.0625000
     10       -19.3450      0.0625000
     11       -19.2983      0.0625000
     12       -19.2869      0.0625000
     13       -19.2135      0.0625000
     14       -19.2074      0.0625000
     15       -19.1881      0.0625000
     16       -19.1866      0.0625000
     17       -6.62141      0.0625000
     18       -6.47467      0.0625000
     19       -6.36273      0.0625000
     20       -6.27589      0.0625000
     21       -5.99299      0.0625000
     22       -5.91594      0.0625000
     23       -5.89704      0.0625000
     24       -5.85419      0.0625000
     25        5.75167      0.0625000
     26        5.94599      0.0625000
     27        5.98139      0.0625000
     28        6.08248      0.0625000
     29        6.09343      0.0625000
     30        6.32976      0.0625000
     31        6.38342      0.0625000
     32        6.52915      0.0625000
     33        6.76083      0.0625000
     34        7.17273      0.0625000
     35        7.37033      0.0625000
     36        7.63535      0.0625000
     37        8.18868      0.0625000
     38        8.24533      0.0625000
     39        8.24693      0.0625000
     40        8.27841      0.0625000
     41        8.45061      0.0625000
     42        8.71424      0.0625000
     43        8.84030      0.0625000
     44        8.91901      0.0625000
     45        9.60569      0.0625000
     46        9.67852      0.0625000
     47        9.68578      0.0625000
     48        9.73021      0.0625000
     49        15.2247        0.00000
     50        15.2792        0.00000
     51        15.4473        0.00000
     52        15.7135        0.00000
     53        15.7657        0.00000
     54        16.1474        0.00000
     55        16.1672        0.00000
     56        16.2783        0.00000
     57        16.6082        0.00000
     58        16.7239        0.00000
 Energy (eV) & Occupations  for spin=1 K-point=24
      1       -49.7464      0.0625000
      2       -49.7463      0.0625000
      3       -49.7426      0.0625000
      4       -49.7425      0.0625000
      5       -19.5531      0.0625000
      6       -19.5531      0.0625000
      7       -19.5126      0.0625000
      8       -19.5126      0.0625000
      9       -19.2759      0.0625000
     10       -19.2759      0.0625000
     11       -19.2407      0.0625000
     12       -19.2407      0.0625000
     13       -19.2247      0.0625000
     14       -19.2247      0.0625000
     15       -19.1969      0.0625000
     16       -19.1968      0.0625000
     17       -6.69764      0.0625000
     18       -6.69758      0.0625000
     19       -6.48186      0.0625000
     20       -6.48176      0.0625000
     21       -5.83613      0.0625000
     22       -5.83610      0.0625000
     23       -5.65604      0.0625000
     24       -5.65598      0.0625000
     25        5.77127      0.0625000
     26        5.77129      0.0625000
     27        6.01187      0.0625000
     28        6.01194      0.0625000
     29        6.23782      0.0625000
     30        6.23788      0.0625000
     31        6.49677      0.0625000
     32        6.49679      0.0625000
     33        7.26664      0.0625000
     34        7.26673      0.0625000
     35        7.80391      0.0625000
     36        7.80397      0.0625000
     37        8.00049      0.0625000
     38        8.00057      0.0625000
     39        8.38568      0.0625000
     40        8.38579      0.0625000
     41        8.70830      0.0625000
     42        8.70835      0.0625000
     43        8.88624      0.0625000
     44        8.88626      0.0625000
     45        9.12165      0.0625000
     46        9.12168      0.0625000
     47        9.35677      0.0625000
     48        9.35680      0.0625000
     49        15.2563        0.00000
     50        15.2564        0.00000
     51        15.3085        0.00000
     52        15.3086        0.00000
     53        16.1703        0.00000
     54        16.1704        0.00000
     55        16.1994        0.00000
     56        16.1997        0.00000
     57        16.5287        0.00000
     58        16.5288        0.00000
 Energy (eV) & Occupations  for spin=1 K-point=25
      1       -49.7540      0.0625000
      2       -49.7424      0.0625000
      3       -49.7410      0.0625000
      4       -49.7405      0.0625000
      5       -19.5342      0.0625000
      6       -19.5324      0.0625000
      7       -19.4802      0.0625000
      8       -19.4362      0.0625000
      9       -19.3097      0.0625000
     10       -19.2938      0.0625000
     11       -19.2808      0.0625000
     12       -19.2767      0.0625000
     13       -19.2461      0.0625000
     14       -19.2124      0.0625000
     15       -19.2081      0.0625000
     16       -19.1917      0.0625000
     17       -7.30842      0.0625000
     18       -6.37074      0.0625000
     19       -6.31916      0.0625000
     20       -6.25181      0.0625000
     21       -5.88962      0.0625000
     22       -5.78386      0.0625000
     23       -5.71069      0.0625000
     24       -5.64107      0.0625000
     25        5.17487      0.0625000
     26        5.20732      0.0625000
     27        5.55808      0.0625000
     28        5.85878      0.0625000
     29        5.90477      0.0625000
     30        6.55403      0.0625000
     31        6.58590      0.0625000
     32        6.74786      0.0625000
     33        6.91129      0.0625000
     34        7.48746      0.0625000
     35        7.51917      0.0625000
     36        7.59225      0.0625000
     37        7.73021      0.0625000
     38        8.21685      0.0625000
     39        8.57619      0.0625000
     40        8.57900      0.0625000
     41        8.61101      0.0625000
     42        8.77530      0.0625000
     43        9.01975      0.0625000
     44        9.29306      0.0625000
     45        9.41376      0.0625000
     46        9.76907      0.0625000
     47        9.76930      0.0625000
     48        9.99463      0.0625000
     49        15.1870        0.00000
     50        15.2803        0.00000
     51        15.4202        0.00000
     52        15.5535        0.00000
     53        15.9248        0.00000
     54        16.0969        0.00000
     55        16.1663        0.00000
     56        16.2149        0.00000
     57        16.5531        0.00000
     58        16.6450        0.00000
 Energy (eV) & Occupations  for spin=1 K-point=26
      1       -49.7491      0.0625000
      2       -49.7490      0.0625000
      3       -49.7399      0.0625000
      4       -49.7398      0.0625000
      5       -19.4888      0.0625000
      6       -19.4888      0.0625000
      7       -19.4226      0.0625000
      8       -19.4226      0.0625000
      9       -19.3835      0.0625000
     10       -19.3835      0.0625000
     11       -19.2714      0.0625000
     12       -19.2714      0.0625000
     13       -19.2358      0.0625000
     14       -19.2357      0.0625000
     15       -19.2041      0.0625000
     16       -19.2041      0.0625000
     17       -6.74686      0.0625000
     18       -6.74679      0.0625000
     19       -6.08953      0.0625000
     20       -6.08950      0.0625000
     21       -5.97283      0.0625000
     22       -5.97273      0.0625000
     23       -5.88308      0.0625000
     24       -5.88302      0.0625000
     25        5.81974      0.0625000
     26        5.81980      0.0625000
     27        5.99745      0.0625000
     28        5.99747      0.0625000
     29        6.33298      0.0625000
     30        6.33304      0.0625000
     31        6.61927      0.0625000
     32        6.61943      0.0625000
     33        7.12099      0.0625000
     34        7.12111      0.0625000
     35        7.47581      0.0625000
     36        7.47597      0.0625000
     37        7.72014      0.0625000
     38        7.72017      0.0625000
     39        8.29671      0.0625000
     40        8.29686      0.0625000
     41        8.61653      0.0625000
     42        8.61660      0.0625000
     43        8.81271      0.0625000
     44        8.81273      0.0625000
     45        9.26069      0.0625000
     46        9.26076      0.0625000
     47        9.67718      0.0625000
     48        9.67723      0.0625000
     49        15.3270        0.00000
     50        15.3271        0.00000
     51        15.6049        0.00000
     52        15.6051        0.00000
     53        16.2711        0.00000
     54        16.2712        0.00000
     55        16.3772        0.00000
     56        16.3774        0.00000
     57        16.8943        0.00000
     58        16.8945        0.00000
 Energy (eV) & Occupations  for spin=1 K-point=27
      1       -49.7491      0.0625000
      2       -49.7474      0.0625000
      3       -49.7408      0.0625000
      4       -49.7407      0.0625000
      5       -19.4981      0.0625000
      6       -19.4741      0.0625000
      7       -19.4502      0.0625000
      8       -19.4412      0.0625000
      9       -19.3710      0.0625000
     10       -19.3663      0.0625000
     11       -19.2764      0.0625000
     12       -19.2666      0.0625000
     13       -19.2402      0.0625000
     14       -19.2343      0.0625000
     15       -19.2035      0.0625000
     16       -19.1965      0.0625000
     17       -6.72470      0.0625000
     18       -6.54688      0.0625000
     19       -6.24211      0.0625000
     20       -6.17276      0.0625000
     21       -6.03408      0.0625000
     22       -5.91648      0.0625000
     23       -5.89844      0.0625000
     24       -5.84228      0.0625000
     25        5.60011      0.0625000
     26        5.71141      0.0625000
     27        6.00811      0.0625000
     28        6.05308      0.0625000
     29        6.12949      0.0625000
     30        6.32382      0.0625000
     31        6.44281      0.0625000
     32        6.53583      0.0625000
     33        6.68951      0.0625000
     34        6.98817      0.0625000
     35        7.63697      0.0625000
     36        7.72573      0.0625000
     37        8.06589      0.0625000
     38        8.08800      0.0625000
     39        8.21429      0.0625000
     40        8.31528      0.0625000
     41        8.46095      0.0625000
     42        8.70686      0.0625000
     43        9.05069      0.0625000
     44        9.16354      0.0625000
     45        9.59434      0.0625000
     46        9.69399      0.0625000
     47        9.71541      0.0625000
     48        9.75646      0.0625000
     49        15.3823        0.00000
     50        15.4039        0.00000
     51        15.4951        0.00000
     52        15.5767        0.00000
     53        15.9687        0.00000
     54        16.2078        0.00000
     55        16.2089        0.00000
     56        16.3159        0.00000
     57        16.6691        0.00000
     58        16.8391        0.00000
 Energy (eV) & Occupations  for spin=1 K-point=28
      1       -49.7480      0.0625000
      2       -49.7479      0.0625000
      3       -49.7410      0.0625000
      4       -49.7409      0.0625000
      5       -19.5420      0.0625000
      6       -19.5420      0.0625000
      7       -19.4699      0.0625000
      8       -19.4699      0.0625000
      9       -19.3193      0.0625000
     10       -19.3193      0.0625000
     11       -19.2574      0.0625000
     12       -19.2574      0.0625000
     13       -19.2135      0.0625000
     14       -19.2135      0.0625000
     15       -19.2034      0.0625000
     16       -19.2034      0.0625000
     17       -6.74303      0.0625000
     18       -6.74299      0.0625000
     19       -6.35984      0.0625000
     20       -6.35971      0.0625000
     21       -5.92902      0.0625000
     22       -5.92897      0.0625000
     23       -5.63930      0.0625000
     24       -5.63922      0.0625000
     25        5.64189      0.0625000
     26        5.64194      0.0625000
     27        6.02367      0.0625000
     28        6.02373      0.0625000
     29        6.18511      0.0625000
     30        6.18521      0.0625000
     31        6.77268      0.0625000
     32        6.77273      0.0625000
     33        7.15823      0.0625000
     34        7.15832      0.0625000
     35        7.54469      0.0625000
     36        7.54475      0.0625000
     37        8.05211      0.0625000
     38        8.05215      0.0625000
     39        8.38259      0.0625000
     40        8.38264      0.0625000
     41        8.74947      0.0625000
     42        8.74951      0.0625000
     43        8.87896      0.0625000
     44        8.87901      0.0625000
     45        9.14084      0.0625000
     46        9.14089      0.0625000
     47        9.46616      0.0625000
     48        9.46620      0.0625000
     49        15.3578        0.00000
     50        15.3579        0.00000
     51        15.4797        0.00000
     52        15.4798        0.00000
     53        16.0873        0.00000
     54        16.0875        0.00000
     55        16.2499        0.00000
     56        16.2501        0.00000
     57        16.6192        0.00000
     58        16.6193        0.00000
 Energy (eV) & Occupations  for spin=1 K-point=29
      1       -49.7561      0.0625000
      2       -49.7426      0.0625000
      3       -49.7408      0.0625000
      4       -49.7384      0.0625000
      5       -19.5700      0.0625000
      6       -19.5301      0.0625000
      7       -19.5087      0.0625000
      8       -19.3878      0.0625000
      9       -19.3192      0.0625000
     10       -19.3024      0.0625000
     11       -19.2971      0.0625000
     12       -19.2649      0.0625000
     13       -19.2490      0.0625000
     14       -19.2070      0.0625000
     15       -19.1797      0.0625000
     16       -19.1786      0.0625000
     17       -7.48066      0.0625000
     18       -6.38606      0.0625000
     19       -6.23277      0.0625000
     20       -6.15869      0.0625000
     21       -5.91390      0.0625000
     22       -5.73813      0.0625000
     23       -5.71379      0.0625000
     24       -5.64099      0.0625000
     25        5.01147      0.0625000
     26        5.19845      0.0625000
     27        5.41825      0.0625000
     28        5.76544      0.0625000
     29        5.80908      0.0625000
     30        6.35103      0.0625000
     31        6.74758      0.0625000
     32        7.02763      0.0625000
     33        7.03267      0.0625000
     34        7.53441      0.0625000
     35        7.57579      0.0625000
     36        7.62541      0.0625000
     37        7.93071      0.0625000
     38        8.12988      0.0625000
     39        8.42759      0.0625000
     40        8.49290      0.0625000
     41        8.66703      0.0625000
     42        8.83140      0.0625000
     43        9.05023      0.0625000
     44        9.41083      0.0625000
     45        9.43820      0.0625000
     46        9.80882      0.0625000
     47        9.83816      0.0625000
     48        9.96542      0.0625000
     49        15.2915        0.00000
     50        15.3661        0.00000
     51        15.4373        0.00000
     52        15.6195        0.00000
     53        15.8206        0.00000
     54        15.9293        0.00000
     55        16.0815        0.00000
     56        16.1488        0.00000
     57        16.2757        0.00000
     58        16.6685        0.00000
 Energy (eV) & Occupations  for spin=1 K-point=30
      1       -49.7505      0.0625000
      2       -49.7505      0.0625000
      3       -49.7385      0.0625000
      4       -49.7384      0.0625000
      5       -19.4901      0.0625000
      6       -19.4901      0.0625000
      7       -19.4198      0.0625000
      8       -19.4198      0.0625000
      9       -19.3993      0.0625000
     10       -19.3993      0.0625000
     11       -19.2771      0.0625000
     12       -19.2770      0.0625000
     13       -19.2140      0.0625000
     14       -19.2140      0.0625000
     15       -19.2034      0.0625000
     16       -19.2034      0.0625000
     17       -6.84753      0.0625000
     18       -6.84746      0.0625000
     19       -6.05267      0.0625000
     20       -6.05261      0.0625000
     21       -5.91889      0.0625000
     22       -5.91882      0.0625000
     23       -5.86750      0.0625000
     24       -5.86746      0.0625000
     25        5.80596      0.0625000
     26        5.80600      0.0625000
     27        5.90333      0.0625000
     28        5.90337      0.0625000
     29        6.25890      0.0625000
     30        6.25895      0.0625000
     31        6.60361      0.0625000
     32        6.60377      0.0625000
     33        7.03462      0.0625000
     34        7.03471      0.0625000
     35        7.54162      0.0625000
     36        7.54172      0.0625000
     37        7.84669      0.0625000
     38        7.84683      0.0625000
     39        8.31308      0.0625000
     40        8.31323      0.0625000
     41        8.58572      0.0625000
     42        8.58576      0.0625000
     43        8.90631      0.0625000
     44        8.90640      0.0625000
     45        9.32850      0.0625000
     46        9.32855      0.0625000
     47        9.72567      0.0625000
     48        9.72571      0.0625000
     49        15.3551        0.00000
     50        15.3551        0.00000
     51        15.6971        0.00000
     52        15.6973        0.00000
     53        16.1232        0.00000
     54        16.1234        0.00000
     55        16.3504        0.00000
     56        16.3504        0.00000
     57        16.8698        0.00000
     58        16.8699        0.00000
 Energy (eV) & Occupations  for spin=1 K-point=31
      1       -49.7504      0.0625000
      2       -49.7484      0.0625000
      3       -49.7398      0.0625000
      4       -49.7394      0.0625000
      5       -19.4841      0.0625000
      6       -19.4519      0.0625000
      7       -19.4407      0.0625000
      8       -19.4194      0.0625000
      9       -19.3687      0.0625000
     10       -19.3614      0.0625000
     11       -19.2851      0.0625000
     12       -19.2830      0.0625000
     13       -19.2420      0.0625000
     14       -19.2382      0.0625000
     15       -19.2290      0.0625000
     16       -19.2159      0.0625000
     17       -6.79215      0.0625000
     18       -6.59183      0.0625000
     19       -6.15309      0.0625000
     20       -6.08834      0.0625000
     21       -6.06368      0.0625000
     22       -5.92922      0.0625000
     23       -5.90086      0.0625000
     24       -5.84088      0.0625000
     25        5.51117      0.0625000
     26        5.54414      0.0625000
     27        6.01051      0.0625000
     28        6.07308      0.0625000
     29        6.18769      0.0625000
     30        6.20446      0.0625000
     31        6.38424      0.0625000
     32        6.49428      0.0625000
     33        6.70853      0.0625000
     34        6.88650      0.0625000
     35        7.70322      0.0625000
     36        7.80740      0.0625000
     37        7.97067      0.0625000
     38        8.09780      0.0625000
     39        8.32914      0.0625000
     40        8.45051      0.0625000
     41        8.54940      0.0625000
     42        8.59570      0.0625000
     43        9.06119      0.0625000
     44        9.12117      0.0625000
     45        9.73259      0.0625000
     46        9.76520      0.0625000
     47        9.76693      0.0625000
     48        9.77086      0.0625000
     49        15.3262        0.00000
     50        15.6137        0.00000
     51        15.6641        0.00000
     52        15.7195        0.00000
     53        16.0645        0.00000
     54        16.1358        0.00000
     55        16.3363        0.00000
     56        16.3534        0.00000
     57        16.7085        0.00000
     58        16.7357        0.00000
 Energy (eV) & Occupations  for spin=1 K-point=32
      1       -49.7491      0.0625000
      2       -49.7490      0.0625000
      3       -49.7399      0.0625000
      4       -49.7398      0.0625000
      5       -19.5131      0.0625000
      6       -19.5131      0.0625000
      7       -19.4307      0.0625000
      8       -19.4307      0.0625000
      9       -19.3690      0.0625000
     10       -19.3689      0.0625000
     11       -19.2637      0.0625000
     12       -19.2637      0.0625000
     13       -19.2272      0.0625000
     14       -19.2271      0.0625000
     15       -19.2036      0.0625000
     16       -19.2035      0.0625000
     17       -6.75120      0.0625000
     18       -6.75117      0.0625000
     19       -6.30990      0.0625000
     20       -6.30979      0.0625000
     21       -5.93123      0.0625000
     22       -5.93117      0.0625000
     23       -5.67889      0.0625000
     24       -5.67882      0.0625000
     25        5.56530      0.0625000
     26        5.56538      0.0625000
     27        5.91074      0.0625000
     28        5.91081      0.0625000
     29        6.24884      0.0625000
     30        6.24893      0.0625000
     31        7.04909      0.0625000
     32        7.04921      0.0625000
     33        7.22732      0.0625000
     34        7.22745      0.0625000
     35        7.34481      0.0625000
     36        7.34495      0.0625000
     37        7.90856      0.0625000
     38        7.90862      0.0625000
     39        8.06409      0.0625000
     40        8.06414      0.0625000
     41        8.86674      0.0625000
     42        8.86680      0.0625000
     43        9.03326      0.0625000
     44        9.03332      0.0625000
     45        9.18066      0.0625000
     46        9.18069      0.0625000
     47        9.55684      0.0625000
     48        9.55687      0.0625000
     49        15.4951        0.00000
     50        15.4953        0.00000
     51        15.6418        0.00000
     52        15.6419        0.00000
     53        16.0650        0.00000
     54        16.0651        0.00000
     55        16.2159        0.00000
     56        16.2160        0.00000
     57        16.7205        0.00000
     58        16.7206        0.00000

 Density error is 0.00000000000
----------------------------------------------------------
     Energy           Rydberg                 eV          
----------------------------------------------------------
 E_KohnSham     -719.0463932920      -9783.1280751199     
 E_KS(sigma->0) -719.0463932920      -9783.1280751199     
 E_Harris       -719.0463932920      -9783.1280751199     
 E_band         -43.5222323499       -592.1503496383      
 E_one_elec     -146.6879706060      -1995.7922282977     
 E_Hartree      126.1208887051       1715.9627232138      
 E_xc           -182.3147181205      -2480.5189957029     
 E_Ewald        -516.1645932706      -7022.7795743330     
 E_entropy(-TS) -0.0000000000        -0.0000000000        
 E_descf        0.0000000000         0.0000000000         
 E_exx          0.0000000000         0.0000000000         
 E_Fermi        0.9800965091         13.3348971143        
----------------------------------------------------------


 charge density convergence is achieved
 final etot is -9783.1280751 eV
 EFERMI = 13.334897114 eV

 STATE ENERGY(eV) AND OCCUPATIONS    NSPIN == 1
 1/32 kpoint (Cartesian) = 0.0000 0.0000 0.0000 (499 pws)
       1       -49.7568      0.0625000
       2       -49.7427      0.0625000
       3       -49.7407      0.0625000
       4       -49.7377      0.0625000
       5       -19.5831      0.0625000
       6       -19.5268      0.0625000
       7       -19.5187      0.0625000
       8       -19.3540      0.0625000
       9       -19.3300      0.0625000
      10       -19.3188      0.0625000
      11       -19.3018      0.0625000
      12       -19.2739      0.0625000
      13       -19.2373      0.0625000
      14       -19.2056      0.0625000
      15       -19.1755      0.0625000
      16       -19.1660      0.0625000
      17       -7.54083      0.0625000
      18       -6.40030      0.0625000
      19       -6.16433      0.0625000
      20       -6.10907      0.0625000
      21       -5.99820      0.0625000
      22       -5.75709      0.0625000
      23       -5.67424      0.0625000
      24       -5.61616      0.0625000
      25        4.94894      0.0625000
      26        5.07134      0.0625000
      27        5.65951      0.0625000
      28        5.73637      0.0625000
      29        5.77520      0.0625000
      30        6.00646      0.0625000
      31        6.80766      0.0625000
      32        7.04207      0.0625000
      33        7.35041      0.0625000
      34        7.55892      0.0625000
      35        7.61382      0.0625000
      36        7.71419      0.0625000
      37        8.07452      0.0625000
      38        8.10983      0.0625000
      39        8.18911      0.0625000
      40        8.41608      0.0625000
      41        8.43020      0.0625000
      42        8.88062      0.0625000
      43        9.20014      0.0625000
      44        9.46788      0.0625000
      45        9.51209      0.0625000
      46        9.81808      0.0625000
      47        9.86582      0.0625000
      48        9.94850      0.0625000
      49        15.3277        0.00000
      50        15.3280        0.00000
      51        15.5944        0.00000
      52        15.6091        0.00000
      53        15.7251        0.00000
      54        15.8184        0.00000
      55        15.9915        0.00000
      56        16.1990        0.00000
      57        16.2212        0.00000
      58        16.6902        0.00000

 2/32 kpoint (Cartesian) = 0.090317 -1.7232e-08 -7.5073e-07 (500 pws)
       1       -49.7510      0.0625000
       2       -49.7509      0.0625000
       3       -49.7380      0.0625000
       4       -49.7379      0.0625000
       5       -19.4893      0.0625000
       6       -19.4893      0.0625000
       7       -19.4235      0.0625000
       8       -19.4234      0.0625000
       9       -19.4025      0.0625000
      10       -19.4024      0.0625000
      11       -19.2767      0.0625000
      12       -19.2766      0.0625000
      13       -19.2072      0.0625000
      14       -19.2071      0.0625000
      15       -19.2037      0.0625000
      16       -19.2036      0.0625000
      17       -6.88272      0.0625000
      18       -6.88264      0.0625000
      19       -6.05313      0.0625000
      20       -6.05306      0.0625000
      21       -5.88572      0.0625000
      22       -5.88567      0.0625000
      23       -5.86244      0.0625000
      24       -5.86239      0.0625000
      25        5.82335      0.0625000
      26        5.82342      0.0625000
      27        5.85451      0.0625000
      28        5.85455      0.0625000
      29        6.20914      0.0625000
      30        6.20918      0.0625000
      31        6.60013      0.0625000
      32        6.60033      0.0625000
      33        7.01590      0.0625000
      34        7.01593      0.0625000
      35        7.49916      0.0625000
      36        7.49918      0.0625000
      37        8.02751      0.0625000
      38        8.02758      0.0625000
      39        8.24201      0.0625000
      40        8.24216      0.0625000
      41        8.57543      0.0625000
      42        8.57560      0.0625000
      43        9.07910      0.0625000
      44        9.07920      0.0625000
      45        9.18445      0.0625000
      46        9.18447      0.0625000
      47        9.78350      0.0625000
      48        9.78350      0.0625000
      49        15.3856        0.00000
      50        15.3856        0.00000
      51        15.7444        0.00000
      52        15.7444        0.00000
      53        16.0473        0.00000
      54        16.0475        0.00000
      55        16.3486        0.00000
      56        16.3487        0.00000
      57        16.8073        0.00000
      58        16.8074        0.00000

 3/32 kpoint (Cartesian) = -1.7314e-08 0.099600 1.5995e-06 (507 pws)
       1       -49.7509      0.0625000
       2       -49.7487      0.0625000
       3       -49.7395      0.0625000
       4       -49.7389      0.0625000
       5       -19.4760      0.0625000
       6       -19.4406      0.0625000
       7       -19.4393      0.0625000
       8       -19.4161      0.0625000
       9       -19.3604      0.0625000
      10       -19.3480      0.0625000
      11       -19.2993      0.0625000
      12       -19.2962      0.0625000
      13       -19.2448      0.0625000
      14       -19.2384      0.0625000
      15       -19.2332      0.0625000
      16       -19.2275      0.0625000
      17       -6.81557      0.0625000
      18       -6.60702      0.0625000
      19       -6.11872      0.0625000
      20       -6.07446      0.0625000
      21       -6.05089      0.0625000
      22       -5.93361      0.0625000
      23       -5.90915      0.0625000
      24       -5.84302      0.0625000
      25        5.48402      0.0625000
      26        5.48408      0.0625000
      27        5.99032      0.0625000
      28        6.12007      0.0625000
      29        6.13989      0.0625000
      30        6.25071      0.0625000
      31        6.30637      0.0625000
      32        6.49112      0.0625000
      33        6.68004      0.0625000
      34        6.85642      0.0625000
      35        7.69399      0.0625000
      36        7.85710      0.0625000
      37        7.94375      0.0625000
      38        8.13399      0.0625000
      39        8.43690      0.0625000
      40        8.44528      0.0625000
      41        8.51747      0.0625000
      42        8.72448      0.0625000
      43        9.00377      0.0625000
      44        9.00566      0.0625000
      45        9.77369      0.0625000
      46        9.79069      0.0625000
      47        9.81018      0.0625000
      48        9.81034      0.0625000
      49        15.2974        0.00000
      50        15.6778        0.00000
      51        15.8399        0.00000
      52        15.8561        0.00000
      53        16.0181        0.00000
      54        16.1071        0.00000
      55        16.3709        0.00000
      56        16.3885        0.00000
      57        16.5463        0.00000
      58        16.7515        0.00000

 4/32 kpoint (Cartesian) = 0.090317 0.099600 8.4875e-07 (508 pws)
       1       -49.7495      0.0625000
       2       -49.7494      0.0625000
       3       -49.7395      0.0625000
       4       -49.7394      0.0625000
       5       -19.4887      0.0625000
       6       -19.4887      0.0625000
       7       -19.4272      0.0625000
       8       -19.4271      0.0625000
       9       -19.3857      0.0625000
      10       -19.3857      0.0625000
      11       -19.2564      0.0625000
      12       -19.2564      0.0625000
      13       -19.2495      0.0625000
      14       -19.2494      0.0625000
      15       -19.2004      0.0625000
      16       -19.2004      0.0625000
      17       -6.74785      0.0625000
      18       -6.74782      0.0625000
      19       -6.31468      0.0625000
      20       -6.31460      0.0625000
      21       -5.88505      0.0625000
      22       -5.88498      0.0625000
      23       -5.72379      0.0625000
      24       -5.72374      0.0625000
      25        5.54220      0.0625000
      26        5.54230      0.0625000
      27        5.84854      0.0625000
      28        5.84862      0.0625000
      29        6.30586      0.0625000
      30        6.30595      0.0625000
      31        7.10235      0.0625000
      32        7.10243      0.0625000
      33        7.23881      0.0625000
      34        7.23896      0.0625000
      35        7.46165      0.0625000
      36        7.46181      0.0625000
      37        7.78965      0.0625000
      38        7.78976      0.0625000
      39        7.85190      0.0625000
      40        7.85193      0.0625000
      41        8.92950      0.0625000
      42        8.92952      0.0625000
      43        9.03027      0.0625000
      44        9.03031      0.0625000
      45        9.24321      0.0625000
      46        9.24323      0.0625000
      47        9.59879      0.0625000
      48        9.59883      0.0625000
      49        15.5601        0.00000
      50        15.5603        0.00000
      51        15.7224        0.00000
      52        15.7225        0.00000
      53        16.0861        0.00000
      54        16.0862        0.00000
      55        16.1456        0.00000
      56        16.1456        0.00000
      57        16.7676        0.00000
      58        16.7677        0.00000

 5/32 kpoint (Cartesian) = -1.8584e-07 3.9819e-07 0.024290 (499 pws)
       1       -49.7561      0.0625000
       2       -49.7426      0.0625000
       3       -49.7408      0.0625000
       4       -49.7384      0.0625000
       5       -19.5700      0.0625000
       6       -19.5301      0.0625000
       7       -19.5087      0.0625000
       8       -19.3878      0.0625000
       9       -19.3192      0.0625000
      10       -19.3024      0.0625000
      11       -19.2971      0.0625000
      12       -19.2649      0.0625000
      13       -19.2490      0.0625000
      14       -19.2070      0.0625000
      15       -19.1797      0.0625000
      16       -19.1786      0.0625000
      17       -7.48066      0.0625000
      18       -6.38606      0.0625000
      19       -6.23277      0.0625000
      20       -6.15869      0.0625000
      21       -5.91390      0.0625000
      22       -5.73813      0.0625000
      23       -5.71379      0.0625000
      24       -5.64099      0.0625000
      25        5.01147      0.0625000
      26        5.19845      0.0625000
      27        5.41825      0.0625000
      28        5.76544      0.0625000
      29        5.80908      0.0625000
      30        6.35103      0.0625000
      31        6.74758      0.0625000
      32        7.02763      0.0625000
      33        7.03267      0.0625000
      34        7.53441      0.0625000
      35        7.57579      0.0625000
      36        7.62541      0.0625000
      37        7.93071      0.0625000
      38        8.12988      0.0625000
      39        8.42759      0.0625000
      40        8.49290      0.0625000
      41        8.66703      0.0625000
      42        8.83140      0.0625000
      43        9.05023      0.0625000
      44        9.41083      0.0625000
      45        9.43820      0.0625000
      46        9.80882      0.0625000
      47        9.83816      0.0625000
      48        9.96542      0.0625000
      49        15.2915        0.00000
      50        15.3661        0.00000
      51        15.4373        0.00000
      52        15.6195        0.00000
      53        15.8206        0.00000
      54        15.9293        0.00000
      55        16.0815        0.00000
      56        16.1488        0.00000
      57        16.2757        0.00000
      58        16.6685        0.00000

 6/32 kpoint (Cartesian) = 0.090317 3.8095e-07 0.024289 (501 pws)
       1       -49.7505      0.0625000
       2       -49.7505      0.0625000
       3       -49.7385      0.0625000
       4       -49.7384      0.0625000
       5       -19.4901      0.0625000
       6       -19.4901      0.0625000
       7       -19.4198      0.0625000
       8       -19.4198      0.0625000
       9       -19.3993      0.0625000
      10       -19.3993      0.0625000
      11       -19.2771      0.0625000
      12       -19.2770      0.0625000
      13       -19.2140      0.0625000
      14       -19.2140      0.0625000
      15       -19.2034      0.0625000
      16       -19.2034      0.0625000
      17       -6.84753      0.0625000
      18       -6.84746      0.0625000
      19       -6.05267      0.0625000
      20       -6.05261      0.0625000
      21       -5.91889      0.0625000
      22       -5.91882      0.0625000
      23       -5.86750      0.0625000
      24       -5.86746      0.0625000
      25        5.80596      0.0625000
      26        5.80600      0.0625000
      27        5.90333      0.0625000
      28        5.90337      0.0625000
      29        6.25890      0.0625000
      30        6.25895      0.0625000
      31        6.60361      0.0625000
      32        6.60377      0.0625000
      33        7.03462      0.0625000
      34        7.03471      0.0625000
      35        7.54162      0.0625000
      36        7.54172      0.0625000
      37        7.84669      0.0625000
      38        7.84683      0.0625000
      39        8.31308      0.0625000
      40        8.31323      0.0625000
      41        8.58572      0.0625000
      42        8.58576      0.0625000
      43        8.90631      0.0625000
      44        8.90640      0.0625000
      45        9.32850      0.0625000
      46        9.32855      0.0625000
      47        9.72567      0.0625000
      48        9.72571      0.0625000
      49        15.3551        0.00000
      50        15.3551        0.00000
      51        15.6971        0.00000
      52        15.6973        0.00000
      53        16.1232        0.00000
      54        16.1234        0.00000
      55        16.3504        0.00000
      56        16.3504        0.00000
      57        16.8698        0.00000
      58        16.8699        0.00000

 7/32 kpoint (Cartesian) = -2.0316e-07 0.099600 0.024291 (513 pws)
       1       -49.7504      0.0625000
       2       -49.7484      0.0625000
       3       -49.7398      0.0625000
       4       -49.7394      0.0625000
       5       -19.4841      0.0625000
       6       -19.4519      0.0625000
       7       -19.4407      0.0625000
       8       -19.4194      0.0625000
       9       -19.3687      0.0625000
      10       -19.3614      0.0625000
      11       -19.2851      0.0625000
      12       -19.2830      0.0625000
      13       -19.2420      0.0625000
      14       -19.2382      0.0625000
      15       -19.2290      0.0625000
      16       -19.2159      0.0625000
      17       -6.79215      0.0625000
      18       -6.59183      0.0625000
      19       -6.15309      0.0625000
      20       -6.08834      0.0625000
      21       -6.06368      0.0625000
      22       -5.92922      0.0625000
      23       -5.90086      0.0625000
      24       -5.84088      0.0625000
      25        5.51117      0.0625000
      26        5.54414      0.0625000
      27        6.01051      0.0625000
      28        6.07308      0.0625000
      29        6.18769      0.0625000
      30        6.20446      0.0625000
      31        6.38424      0.0625000
      32        6.49428      0.0625000
      33        6.70853      0.0625000
      34        6.88650      0.0625000
      35        7.70322      0.0625000
      36        7.80740      0.0625000
      37        7.97067      0.0625000
      38        8.09780      0.0625000
      39        8.32914      0.0625000
      40        8.45051      0.0625000
      41        8.54940      0.0625000
      42        8.59570      0.0625000
      43        9.06119      0.0625000
      44        9.12117      0.0625000
      45        9.73259      0.0625000
      46        9.76520      0.0625000
      47        9.76693      0.0625000
      48        9.77086      0.0625000
      49        15.3262        0.00000
      50        15.6137        0.00000
      51        15.6641        0.00000
      52        15.7195        0.00000
      53        16.0645        0.00000
      54        16.1358        0.00000
      55        16.3363        0.00000
      56        16.3534        0.00000
      57        16.7085        0.00000
      58        16.7357        0.00000

 8/32 kpoint (Cartesian) = 0.090317 0.099600 0.024290 (506 pws)
       1       -49.7491      0.0625000
       2       -49.7490      0.0625000
       3       -49.7399      0.0625000
       4       -49.7398      0.0625000
       5       -19.5131      0.0625000
       6       -19.5131      0.0625000
       7       -19.4307      0.0625000
       8       -19.4307      0.0625000
       9       -19.3690      0.0625000
      10       -19.3689      0.0625000
      11       -19.2637      0.0625000
      12       -19.2637      0.0625000
      13       -19.2272      0.0625000
      14       -19.2271      0.0625000
      15       -19.2036      0.0625000
      16       -19.2035      0.0625000
      17       -6.75120      0.0625000
      18       -6.75117      0.0625000
      19       -6.30990      0.0625000
      20       -6.30979      0.0625000
      21       -5.93123      0.0625000
      22       -5.93117      0.0625000
      23       -5.67889      0.0625000
      24       -5.67882      0.0625000
      25        5.56530      0.0625000
      26        5.56538      0.0625000
      27        5.91074      0.0625000
      28        5.91081      0.0625000
      29        6.24884      0.0625000
      30        6.24893      0.0625000
      31        7.04909      0.0625000
      32        7.04921      0.0625000
      33        7.22732      0.0625000
      34        7.22745      0.0625000
      35        7.34481      0.0625000
      36        7.34495      0.0625000
      37        7.90856      0.0625000
      38        7.90862      0.0625000
      39        8.06409      0.0625000
      40        8.06414      0.0625000
      41        8.86674      0.0625000
      42        8.86680      0.0625000
      43        9.03326      0.0625000
      44        9.03332      0.0625000
      45        9.18066      0.0625000
      46        9.18069      0.0625000
      47        9.55684      0.0625000
      48        9.55687      0.0625000
      49        15.4951        0.00000
      50        15.4953        0.00000
      51        15.6418        0.00000
      52        15.6419        0.00000
      53        16.0650        0.00000
      54        16.0651        0.00000
      55        16.2159        0.00000
      56        16.2160        0.00000
      57        16.7205        0.00000
      58        16.7206        0.00000

 9/32 kpoint (Cartesian) = -3.7169e-07 7.9637e-07 0.048579 (505 pws)
       1       -49.7540      0.0625000
       2       -49.7424      0.0625000
       3       -49.7410      0.0625000
       4       -49.7405      0.0625000
       5       -19.5342      0.0625000
       6       -19.5324      0.0625000
       7       -19.4802      0.0625000
       8       -19.4362      0.0625000
       9       -19.3097      0.0625000
      10       -19.2938      0.0625000
      11       -19.2808      0.0625000
      12       -19.2767      0.0625000
      13       -19.2461      0.0625000
      14       -19.2124      0.0625000
      15       -19.2081      0.0625000
      16       -19.1917      0.0625000
      17       -7.30842      0.0625000
      18       -6.37074      0.0625000
      19       -6.31916      0.0625000
      20       -6.25181      0.0625000
      21       -5.88962      0.0625000
      22       -5.78386      0.0625000
      23       -5.71069      0.0625000
      24       -5.64107      0.0625000
      25        5.17487      0.0625000
      26        5.20732      0.0625000
      27        5.55808      0.0625000
      28        5.85878      0.0625000
      29        5.90477      0.0625000
      30        6.55403      0.0625000
      31        6.58590      0.0625000
      32        6.74786      0.0625000
      33        6.91129      0.0625000
      34        7.48746      0.0625000
      35        7.51917      0.0625000
      36        7.59225      0.0625000
      37        7.73021      0.0625000
      38        8.21685      0.0625000
      39        8.57619      0.0625000
      40        8.57900      0.0625000
      41        8.61101      0.0625000
      42        8.77530      0.0625000
      43        9.01975      0.0625000
      44        9.29306      0.0625000
      45        9.41376      0.0625000
      46        9.76907      0.0625000
      47        9.76930      0.0625000
      48        9.99463      0.0625000
      49        15.1870        0.00000
      50        15.2803        0.00000
      51        15.4202        0.00000
      52        15.5535        0.00000
      53        15.9248        0.00000
      54        16.0969        0.00000
      55        16.1663        0.00000
      56        16.2149        0.00000
      57        16.5531        0.00000
      58        16.6450        0.00000

 10/32 kpoint (Cartesian) = 0.090316 7.7914e-07 0.048578 (501 pws)
       1       -49.7491      0.0625000
       2       -49.7490      0.0625000
       3       -49.7399      0.0625000
       4       -49.7398      0.0625000
       5       -19.4888      0.0625000
       6       -19.4888      0.0625000
       7       -19.4226      0.0625000
       8       -19.4226      0.0625000
       9       -19.3835      0.0625000
      10       -19.3835      0.0625000
      11       -19.2714      0.0625000
      12       -19.2714      0.0625000
      13       -19.2358      0.0625000
      14       -19.2357      0.0625000
      15       -19.2041      0.0625000
      16       -19.2041      0.0625000
      17       -6.74686      0.0625000
      18       -6.74679      0.0625000
      19       -6.08953      0.0625000
      20       -6.08950      0.0625000
      21       -5.97283      0.0625000
      22       -5.97273      0.0625000
      23       -5.88308      0.0625000
      24       -5.88302      0.0625000
      25        5.81974      0.0625000
      26        5.81980      0.0625000
      27        5.99745      0.0625000
      28        5.99747      0.0625000
      29        6.33298      0.0625000
      30        6.33304      0.0625000
      31        6.61927      0.0625000
      32        6.61943      0.0625000
      33        7.12099      0.0625000
      34        7.12111      0.0625000
      35        7.47581      0.0625000
      36        7.47597      0.0625000
      37        7.72014      0.0625000
      38        7.72017      0.0625000
      39        8.29671      0.0625000
      40        8.29686      0.0625000
      41        8.61653      0.0625000
      42        8.61660      0.0625000
      43        8.81271      0.0625000
      44        8.81273      0.0625000
      45        9.26069      0.0625000
      46        9.26076      0.0625000
      47        9.67718      0.0625000
      48        9.67723      0.0625000
      49        15.3270        0.00000
      50        15.3271        0.00000
      51        15.6049        0.00000
      52        15.6051        0.00000
      53        16.2711        0.00000
      54        16.2712        0.00000
      55        16.3772        0.00000
      56        16.3774        0.00000
      57        16.8943        0.00000
      58        16.8945        0.00000

 11/32 kpoint (Cartesian) = -3.8900e-07 0.099600 0.048581 (510 pws)
       1       -49.7491      0.0625000
       2       -49.7474      0.0625000
       3       -49.7408      0.0625000
       4       -49.7407      0.0625000
       5       -19.4981      0.0625000
       6       -19.4741      0.0625000
       7       -19.4502      0.0625000
       8       -19.4412      0.0625000
       9       -19.3710      0.0625000
      10       -19.3663      0.0625000
      11       -19.2764      0.0625000
      12       -19.2666      0.0625000
      13       -19.2402      0.0625000
      14       -19.2343      0.0625000
      15       -19.2035      0.0625000
      16       -19.1965      0.0625000
      17       -6.72470      0.0625000
      18       -6.54688      0.0625000
      19       -6.24211      0.0625000
      20       -6.17276      0.0625000
      21       -6.03408      0.0625000
      22       -5.91648      0.0625000
      23       -5.89844      0.0625000
      24       -5.84228      0.0625000
      25        5.60011      0.0625000
      26        5.71141      0.0625000
      27        6.00811      0.0625000
      28        6.05308      0.0625000
      29        6.12949      0.0625000
      30        6.32382      0.0625000
      31        6.44281      0.0625000
      32        6.53583      0.0625000
      33        6.68951      0.0625000
      34        6.98817      0.0625000
      35        7.63697      0.0625000
      36        7.72573      0.0625000
      37        8.06589      0.0625000
      38        8.08800      0.0625000
      39        8.21429      0.0625000
      40        8.31528      0.0625000
      41        8.46095      0.0625000
      42        8.70686      0.0625000
      43        9.05069      0.0625000
      44        9.16354      0.0625000
      45        9.59434      0.0625000
      46        9.69399      0.0625000
      47        9.71541      0.0625000
      48        9.75646      0.0625000
      49        15.3823        0.00000
      50        15.4039        0.00000
      51        15.4951        0.00000
      52        15.5767        0.00000
      53        15.9687        0.00000
      54        16.2078        0.00000
      55        16.2089        0.00000
      56        16.3159        0.00000
      57        16.6691        0.00000
      58        16.8391        0.00000

 12/32 kpoint (Cartesian) = 0.090316 0.099600 0.048580 (506 pws)
       1       -49.7480      0.0625000
       2       -49.7479      0.0625000
       3       -49.7410      0.0625000
       4       -49.7409      0.0625000
       5       -19.5420      0.0625000
       6       -19.5420      0.0625000
       7       -19.4699      0.0625000
       8       -19.4699      0.0625000
       9       -19.3193      0.0625000
      10       -19.3193      0.0625000
      11       -19.2574      0.0625000
      12       -19.2574      0.0625000
      13       -19.2135      0.0625000
      14       -19.2135      0.0625000
      15       -19.2034      0.0625000
      16       -19.2034      0.0625000
      17       -6.74303      0.0625000
      18       -6.74299      0.0625000
      19       -6.35984      0.0625000
      20       -6.35971      0.0625000
      21       -5.92902      0.0625000
      22       -5.92897      0.0625000
      23       -5.63930      0.0625000
      24       -5.63922      0.0625000
      25        5.64189      0.0625000
      26        5.64194      0.0625000
      27        6.02367      0.0625000
      28        6.02373      0.0625000
      29        6.18511      0.0625000
      30        6.18521      0.0625000
      31        6.77268      0.0625000
      32        6.77273      0.0625000
      33        7.15823      0.0625000
      34        7.15832      0.0625000
      35        7.54469      0.0625000
      36        7.54475      0.0625000
      37        8.05211      0.0625000
      38        8.05215      0.0625000
      39        8.38259      0.0625000
      40        8.38264      0.0625000
      41        8.74947      0.0625000
      42        8.74951      0.0625000
      43        8.87896      0.0625000
      44        8.87901      0.0625000
      45        9.14084      0.0625000
      46        9.14089      0.0625000
      47        9.46616      0.0625000
      48        9.46620      0.0625000
      49        15.3578        0.00000
      50        15.3579        0.00000
      51        15.4797        0.00000
      52        15.4798        0.00000
      53        16.0873        0.00000
      54        16.0875        0.00000
      55        16.2499        0.00000
      56        16.2501        0.00000
      57        16.6192        0.00000
      58        16.6193        0.00000

 13/32 kpoint (Cartesian) = -5.5753e-07 1.1946e-06 0.072869 (503 pws)
       1       -49.7510      0.0625000
       2       -49.7436      0.0625000
       3       -49.7421      0.0625000
       4       -49.7413      0.0625000
       5       -19.5300      0.0625000
       6       -19.4798      0.0625000
       7       -19.4760      0.0625000
       8       -19.4381      0.0625000
       9       -19.3413      0.0625000
      10       -19.3261      0.0625000
      11       -19.2664      0.0625000
      12       -19.2578      0.0625000
      13       -19.2352      0.0625000
      14       -19.2288      0.0625000
      15       -19.2209      0.0625000
      16       -19.2093      0.0625000
      17       -7.04873      0.0625000
      18       -6.47487      0.0625000
      19       -6.36977      0.0625000
      20       -6.33151      0.0625000
      21       -5.97701      0.0625000
      22       -5.81136      0.0625000
      23       -5.67294      0.0625000
      24       -5.59799      0.0625000
      25        5.15957      0.0625000
      26        5.31803      0.0625000
      27        5.94565      0.0625000
      28        6.01585      0.0625000
      29        6.17567      0.0625000
      30        6.33121      0.0625000
      31        6.37144      0.0625000
      32        6.51648      0.0625000
      33        6.85478      0.0625000
      34        7.36371      0.0625000
      35        7.50664      0.0625000
      36        7.67184      0.0625000
      37        7.84940      0.0625000
      38        8.01006      0.0625000
      39        8.34091      0.0625000
      40        8.40484      0.0625000
      41        8.60950      0.0625000
      42        8.73027      0.0625000
      43        9.30241      0.0625000
      44        9.32857      0.0625000
      45        9.44924      0.0625000
      46        9.68181      0.0625000
      47        9.73998      0.0625000
      48        9.95870      0.0625000
      49        15.0720        0.00000
      50        15.3405        0.00000
      51        15.3557        0.00000
      52        15.4925        0.00000
      53        15.8745        0.00000
      54        16.0703        0.00000
      55        16.3009        0.00000
      56        16.3311        0.00000
      57        16.7521        0.00000
      58        16.8759        0.00000

 14/32 kpoint (Cartesian) = 0.090316 1.1773e-06 0.072868 (504 pws)
       1       -49.7470      0.0625000
       2       -49.7469      0.0625000
       3       -49.7420      0.0625000
       4       -49.7419      0.0625000
       5       -19.4802      0.0625000
       6       -19.4801      0.0625000
       7       -19.4408      0.0625000
       8       -19.4407      0.0625000
       9       -19.3522      0.0625000
      10       -19.3521      0.0625000
      11       -19.2758      0.0625000
      12       -19.2758      0.0625000
      13       -19.2476      0.0625000
      14       -19.2476      0.0625000
      15       -19.2123      0.0625000
      16       -19.2123      0.0625000
      17       -6.59460      0.0625000
      18       -6.59454      0.0625000
      19       -6.22975      0.0625000
      20       -6.22971      0.0625000
      21       -5.96577      0.0625000
      22       -5.96568      0.0625000
      23       -5.90761      0.0625000
      24       -5.90755      0.0625000
      25        5.90047      0.0625000
      26        5.90054      0.0625000
      27        6.06476      0.0625000
      28        6.06482      0.0625000
      29        6.37501      0.0625000
      30        6.37503      0.0625000
      31        6.56590      0.0625000
      32        6.56602      0.0625000
      33        7.24429      0.0625000
      34        7.24444      0.0625000
      35        7.39289      0.0625000
      36        7.39299      0.0625000
      37        7.75808      0.0625000
      38        7.75815      0.0625000
      39        8.22567      0.0625000
      40        8.22577      0.0625000
      41        8.56193      0.0625000
      42        8.56203      0.0625000
      43        8.73091      0.0625000
      44        8.73098      0.0625000
      45        9.21290      0.0625000
      46        9.21299      0.0625000
      47        9.60570      0.0625000
      48        9.60573      0.0625000
      49        15.3534        0.00000
      50        15.3536        0.00000
      51        15.5137        0.00000
      52        15.5139        0.00000
      53        16.3683        0.00000
      54        16.3684        0.00000
      55        16.4138        0.00000
      56        16.4139        0.00000
      57        16.9998        0.00000
      58        17.0001        0.00000

 15/32 kpoint (Cartesian) = -5.7485e-07 0.099601 0.072870 (508 pws)
       1       -49.7472      0.0625000
       2       -49.7459      0.0625000
       3       -49.7426      0.0625000
       4       -49.7423      0.0625000
       5       -19.5040      0.0625000
       6       -19.4880      0.0625000
       7       -19.4724      0.0625000
       8       -19.4714      0.0625000
       9       -19.3557      0.0625000
      10       -19.3450      0.0625000
      11       -19.2983      0.0625000
      12       -19.2869      0.0625000
      13       -19.2135      0.0625000
      14       -19.2074      0.0625000
      15       -19.1881      0.0625000
      16       -19.1866      0.0625000
      17       -6.62141      0.0625000
      18       -6.47467      0.0625000
      19       -6.36273      0.0625000
      20       -6.27589      0.0625000
      21       -5.99299      0.0625000
      22       -5.91594      0.0625000
      23       -5.89704      0.0625000
      24       -5.85419      0.0625000
      25        5.75167      0.0625000
      26        5.94599      0.0625000
      27        5.98139      0.0625000
      28        6.08248      0.0625000
      29        6.09343      0.0625000
      30        6.32976      0.0625000
      31        6.38342      0.0625000
      32        6.52915      0.0625000
      33        6.76083      0.0625000
      34        7.17273      0.0625000
      35        7.37033      0.0625000
      36        7.63535      0.0625000
      37        8.18868      0.0625000
      38        8.24533      0.0625000
      39        8.24693      0.0625000
      40        8.27841      0.0625000
      41        8.45061      0.0625000
      42        8.71424      0.0625000
      43        8.84030      0.0625000
      44        8.91901      0.0625000
      45        9.60569      0.0625000
      46        9.67852      0.0625000
      47        9.68578      0.0625000
      48        9.73021      0.0625000
      49        15.2247        0.00000
      50        15.2792        0.00000
      51        15.4473        0.00000
      52        15.7135        0.00000
      53        15.7657        0.00000
      54        16.1474        0.00000
      55        16.1672        0.00000
      56        16.2783        0.00000
      57        16.6082        0.00000
      58        16.7239        0.00000

 16/32 kpoint (Cartesian) = 0.090316 0.099601 0.072870 (504 pws)
       1       -49.7464      0.0625000
       2       -49.7463      0.0625000
       3       -49.7426      0.0625000
       4       -49.7425      0.0625000
       5       -19.5531      0.0625000
       6       -19.5531      0.0625000
       7       -19.5126      0.0625000
       8       -19.5126      0.0625000
       9       -19.2759      0.0625000
      10       -19.2759      0.0625000
      11       -19.2407      0.0625000
      12       -19.2407      0.0625000
      13       -19.2247      0.0625000
      14       -19.2247      0.0625000
      15       -19.1969      0.0625000
      16       -19.1968      0.0625000
      17       -6.69764      0.0625000
      18       -6.69758      0.0625000
      19       -6.48186      0.0625000
      20       -6.48176      0.0625000
      21       -5.83613      0.0625000
      22       -5.83610      0.0625000
      23       -5.65604      0.0625000
      24       -5.65598      0.0625000
      25        5.77127      0.0625000
      26        5.77129      0.0625000
      27        6.01187      0.0625000
      28        6.01194      0.0625000
      29        6.23782      0.0625000
      30        6.23788      0.0625000
      31        6.49677      0.0625000
      32        6.49679      0.0625000
      33        7.26664      0.0625000
      34        7.26673      0.0625000
      35        7.80391      0.0625000
      36        7.80397      0.0625000
      37        8.00049      0.0625000
      38        8.00057      0.0625000
      39        8.38568      0.0625000
      40        8.38579      0.0625000
      41        8.70830      0.0625000
      42        8.70835      0.0625000
      43        8.88624      0.0625000
      44        8.88626      0.0625000
      45        9.12165      0.0625000
      46        9.12168      0.0625000
      47        9.35677      0.0625000
      48        9.35680      0.0625000
      49        15.2563        0.00000
      50        15.2564        0.00000
      51        15.3085        0.00000
      52        15.3086        0.00000
      53        16.1703        0.00000
      54        16.1704        0.00000
      55        16.1994        0.00000
      56        16.1997        0.00000
      57        16.5287        0.00000
      58        16.5288        0.00000

 17/32 kpoint (Cartesian) = -7.4338e-07 1.5927e-06 0.097158 (506 pws)
       1       -49.7474      0.0625000
       2       -49.7472      0.0625000
       3       -49.7418      0.0625000
       4       -49.7416      0.0625000
       5       -19.5121      0.0625000
       6       -19.5120      0.0625000
       7       -19.4166      0.0625000
       8       -19.4165      0.0625000
       9       -19.3717      0.0625000
      10       -19.3716      0.0625000
      11       -19.2491      0.0625000
      12       -19.2491      0.0625000
      13       -19.2290      0.0625000
      14       -19.2290      0.0625000
      15       -19.2281      0.0625000
      16       -19.2280      0.0625000
      17       -6.74462      0.0625000
      18       -6.74451      0.0625000
      19       -6.37399      0.0625000
      20       -6.37393      0.0625000
      21       -5.91801      0.0625000
      22       -5.91798      0.0625000
      23       -5.60724      0.0625000
      24       -5.60718      0.0625000
      25        5.25211      0.0625000
      26        5.25219      0.0625000
      27        6.15203      0.0625000
      28        6.15207      0.0625000
      29        6.20503      0.0625000
      30        6.20513      0.0625000
      31        6.53207      0.0625000
      32        6.53222      0.0625000
      33        6.83853      0.0625000
      34        6.83862      0.0625000
      35        7.56286      0.0625000
      36        7.56296      0.0625000
      37        8.00741      0.0625000
      38        8.00746      0.0625000
      39        8.43114      0.0625000
      40        8.43122      0.0625000
      41        8.51021      0.0625000
      42        8.51027      0.0625000
      43        9.39359      0.0625000
      44        9.39373      0.0625000
      45        9.54976      0.0625000
      46        9.54978      0.0625000
      47        9.84135      0.0625000
      48        9.84139      0.0625000
      49        15.1420        0.00000
      50        15.1423        0.00000
      51        15.4730        0.00000
      52        15.4733        0.00000
      53        15.9158        0.00000
      54        15.9159        0.00000
      55        16.3753        0.00000
      56        16.3755        0.00000
      57        16.8990        0.00000
      58        16.8993        0.00000

 18/32 kpoint (Cartesian) = 0.090316 1.5755e-06 0.097158 (502 pws)
       1       -49.7446      0.0625000
       2       -49.7445      0.0625000
       3       -49.7444      0.0625000
       4       -49.7444      0.0625000
       5       -19.4629      0.0625000
       6       -19.4629      0.0625000
       7       -19.4629      0.0625000
       8       -19.4629      0.0625000
       9       -19.3135      0.0625000
      10       -19.3133      0.0625000
      11       -19.3133      0.0625000
      12       -19.3133      0.0625000
      13       -19.2287      0.0625000
      14       -19.2286      0.0625000
      15       -19.2286      0.0625000
      16       -19.2286      0.0625000
      17       -6.41257      0.0625000
      18       -6.41250      0.0625000
      19       -6.41245      0.0625000
      20       -6.41244      0.0625000
      21       -5.93753      0.0625000
      22       -5.93747      0.0625000
      23       -5.93742      0.0625000
      24       -5.93739      0.0625000
      25        6.01844      0.0625000
      26        6.01847      0.0625000
      27        6.01853      0.0625000
      28        6.01858      0.0625000
      29        6.44613      0.0625000
      30        6.44618      0.0625000
      31        6.44620      0.0625000
      32        6.44622      0.0625000
      33        7.34032      0.0625000
      34        7.34046      0.0625000
      35        7.34049      0.0625000
      36        7.34062      0.0625000
      37        7.99610      0.0625000
      38        7.99620      0.0625000
      39        7.99626      0.0625000
      40        7.99634      0.0625000
      41        8.57360      0.0625000
      42        8.57361      0.0625000
      43        8.57377      0.0625000
      44        8.57379      0.0625000
      45        9.42028      0.0625000
      46        9.42036      0.0625000
      47        9.42038      0.0625000
      48        9.42044      0.0625000
      49        15.4248        0.00000
      50        15.4249        0.00000
      51        15.4250        0.00000
      52        15.4251        0.00000
      53        16.4100        0.00000
      54        16.4102        0.00000
      55        16.4104        0.00000
      56        16.4105        0.00000
      57        17.1600        0.00000
      58        17.1601        0.00000

 19/32 kpoint (Cartesian) = -7.6069e-07 0.099601 0.097160 (510 pws)
       1       -49.7450      0.0625000
       2       -49.7448      0.0625000
       3       -49.7441      0.0625000
       4       -49.7440      0.0625000
       5       -19.4955      0.0625000
       6       -19.4954      0.0625000
       7       -19.4869      0.0625000
       8       -19.4869      0.0625000
       9       -19.3280      0.0625000
      10       -19.3279      0.0625000
      11       -19.3162      0.0625000
      12       -19.3161      0.0625000
      13       -19.1925      0.0625000
      14       -19.1925      0.0625000
      15       -19.1895      0.0625000
      16       -19.1894      0.0625000
      17       -6.49530      0.0625000
      18       -6.49520      0.0625000
      19       -6.38103      0.0625000
      20       -6.38100      0.0625000
      21       -5.95033      0.0625000
      22       -5.95020      0.0625000
      23       -5.87445      0.0625000
      24       -5.87442      0.0625000
      25        5.91318      0.0625000
      26        5.91322      0.0625000
      27        6.06081      0.0625000
      28        6.06085      0.0625000
      29        6.27239      0.0625000
      30        6.27248      0.0625000
      31        6.30775      0.0625000
      32        6.30787      0.0625000
      33        7.06809      0.0625000
      34        7.06813      0.0625000
      35        7.41007      0.0625000
      36        7.41012      0.0625000
      37        8.33821      0.0625000
      38        8.33828      0.0625000
      39        8.34454      0.0625000
      40        8.34462      0.0625000
      41        8.54670      0.0625000
      42        8.54683      0.0625000
      43        8.67923      0.0625000
      44        8.67934      0.0625000
      45        9.65376      0.0625000
      46        9.65394      0.0625000
      47        9.70539      0.0625000
      48        9.70543      0.0625000
      49        15.1886        0.00000
      50        15.1887        0.00000
      51        15.5436        0.00000
      52        15.5438        0.00000
      53        15.9548        0.00000
      54        15.9550        0.00000
      55        16.2277        0.00000
      56        16.2278        0.00000
      57        16.6181        0.00000
      58        16.6183        0.00000

 20/32 kpoint (Cartesian) = 0.090316 0.099601 0.097159 (502 pws)
       1       -49.7446      0.0625000
       2       -49.7444      0.0625000
       3       -49.7444      0.0625000
       4       -49.7444      0.0625000
       5       -19.5427      0.0625000
       6       -19.5427      0.0625000
       7       -19.5427      0.0625000
       8       -19.5426      0.0625000
       9       -19.2496      0.0625000
      10       -19.2495      0.0625000
      11       -19.2495      0.0625000
      12       -19.2495      0.0625000
      13       -19.2095      0.0625000
      14       -19.2094      0.0625000
      15       -19.2094      0.0625000
      16       -19.2094      0.0625000
      17       -6.60686      0.0625000
      18       -6.60683      0.0625000
      19       -6.60678      0.0625000
      20       -6.60675      0.0625000
      21       -5.72921      0.0625000
      22       -5.72917      0.0625000
      23       -5.72914      0.0625000
      24       -5.72908      0.0625000
      25        5.91783      0.0625000
      26        5.91787      0.0625000
      27        5.91791      0.0625000
      28        5.91795      0.0625000
      29        6.31684      0.0625000
      30        6.31691      0.0625000
      31        6.31692      0.0625000
      32        6.31699      0.0625000
      33        7.59476      0.0625000
      34        7.59484      0.0625000
      35        7.59493      0.0625000
      36        7.59499      0.0625000
      37        8.13354      0.0625000
      38        8.13367      0.0625000
      39        8.13368      0.0625000
      40        8.13381      0.0625000
      41        8.85511      0.0625000
      42        8.85517      0.0625000
      43        8.85520      0.0625000
      44        8.85528      0.0625000
      45        9.21753      0.0625000
      46        9.21755      0.0625000
      47        9.21759      0.0625000
      48        9.21762      0.0625000
      49        15.2283        0.00000
      50        15.2284        0.00000
      51        15.2287        0.00000
      52        15.2287        0.00000
      53        16.1917        0.00000
      54        16.1919        0.00000
      55        16.1921        0.00000
      56        16.1923        0.00000
      57        16.5503        0.00000
      58        16.5504        0.00000

 21/32 kpoint (Cartesian) = -9.2922e-07 1.9909e-06 0.12145 (503 pws)
       1       -49.7510      0.0625000
       2       -49.7436      0.0625000
       3       -49.7421      0.0625000
       4       -49.7413      0.0625000
       5       -19.5300      0.0625000
       6       -19.4798      0.0625000
       7       -19.4760      0.0625000
       8       -19.4381      0.0625000
       9       -19.3413      0.0625000
      10       -19.3261      0.0625000
      11       -19.2664      0.0625000
      12       -19.2578      0.0625000
      13       -19.2352      0.0625000
      14       -19.2288      0.0625000
      15       -19.2209      0.0625000
      16       -19.2093      0.0625000
      17       -7.04873      0.0625000
      18       -6.47487      0.0625000
      19       -6.36977      0.0625000
      20       -6.33151      0.0625000
      21       -5.97701      0.0625000
      22       -5.81136      0.0625000
      23       -5.67294      0.0625000
      24       -5.59799      0.0625000
      25        5.15957      0.0625000
      26        5.31803      0.0625000
      27        5.94565      0.0625000
      28        6.01585      0.0625000
      29        6.17567      0.0625000
      30        6.33121      0.0625000
      31        6.37144      0.0625000
      32        6.51648      0.0625000
      33        6.85478      0.0625000
      34        7.36371      0.0625000
      35        7.50664      0.0625000
      36        7.67184      0.0625000
      37        7.84940      0.0625000
      38        8.01006      0.0625000
      39        8.34091      0.0625000
      40        8.40484      0.0625000
      41        8.60950      0.0625000
      42        8.73027      0.0625000
      43        9.30241      0.0625000
      44        9.32857      0.0625000
      45        9.44924      0.0625000
      46        9.68181      0.0625000
      47        9.73998      0.0625000
      48        9.95870      0.0625000
      49        15.0720        0.00000
      50        15.3405        0.00000
      51        15.3557        0.00000
      52        15.4925        0.00000
      53        15.8745        0.00000
      54        16.0703        0.00000
      55        16.3009        0.00000
      56        16.3311        0.00000
      57        16.7521        0.00000
      58        16.8759        0.00000

 22/32 kpoint (Cartesian) = 0.090316 1.9737e-06 0.12145 (504 pws)
       1       -49.7470      0.0625000
       2       -49.7469      0.0625000
       3       -49.7420      0.0625000
       4       -49.7419      0.0625000
       5       -19.4802      0.0625000
       6       -19.4801      0.0625000
       7       -19.4408      0.0625000
       8       -19.4407      0.0625000
       9       -19.3522      0.0625000
      10       -19.3521      0.0625000
      11       -19.2758      0.0625000
      12       -19.2758      0.0625000
      13       -19.2476      0.0625000
      14       -19.2476      0.0625000
      15       -19.2123      0.0625000
      16       -19.2123      0.0625000
      17       -6.59460      0.0625000
      18       -6.59454      0.0625000
      19       -6.22975      0.0625000
      20       -6.22971      0.0625000
      21       -5.96577      0.0625000
      22       -5.96568      0.0625000
      23       -5.90761      0.0625000
      24       -5.90755      0.0625000
      25        5.90047      0.0625000
      26        5.90054      0.0625000
      27        6.06476      0.0625000
      28        6.06482      0.0625000
      29        6.37501      0.0625000
      30        6.37503      0.0625000
      31        6.56590      0.0625000
      32        6.56602      0.0625000
      33        7.24429      0.0625000
      34        7.24444      0.0625000
      35        7.39289      0.0625000
      36        7.39299      0.0625000
      37        7.75808      0.0625000
      38        7.75815      0.0625000
      39        8.22567      0.0625000
      40        8.22577      0.0625000
      41        8.56193      0.0625000
      42        8.56203      0.0625000
      43        8.73091      0.0625000
      44        8.73098      0.0625000
      45        9.21290      0.0625000
      46        9.21299      0.0625000
      47        9.60570      0.0625000
      48        9.60573      0.0625000
      49        15.3534        0.00000
      50        15.3536        0.00000
      51        15.5137        0.00000
      52        15.5139        0.00000
      53        16.3683        0.00000
      54        16.3684        0.00000
      55        16.4138        0.00000
      56        16.4139        0.00000
      57        16.9998        0.00000
      58        17.0001        0.00000

 23/32 kpoint (Cartesian) = -9.4654e-07 0.099602 0.12145 (508 pws)
       1       -49.7472      0.0625000
       2       -49.7459      0.0625000
       3       -49.7426      0.0625000
       4       -49.7423      0.0625000
       5       -19.5040      0.0625000
       6       -19.4880      0.0625000
       7       -19.4724      0.0625000
       8       -19.4714      0.0625000
       9       -19.3557      0.0625000
      10       -19.3450      0.0625000
      11       -19.2983      0.0625000
      12       -19.2869      0.0625000
      13       -19.2135      0.0625000
      14       -19.2074      0.0625000
      15       -19.1881      0.0625000
      16       -19.1866      0.0625000
      17       -6.62141      0.0625000
      18       -6.47467      0.0625000
      19       -6.36273      0.0625000
      20       -6.27589      0.0625000
      21       -5.99299      0.0625000
      22       -5.91594      0.0625000
      23       -5.89704      0.0625000
      24       -5.85419      0.0625000
      25        5.75167      0.0625000
      26        5.94599      0.0625000
      27        5.98139      0.0625000
      28        6.08248      0.0625000
      29        6.09343      0.0625000
      30        6.32976      0.0625000
      31        6.38342      0.0625000
      32        6.52915      0.0625000
      33        6.76083      0.0625000
      34        7.17273      0.0625000
      35        7.37033      0.0625000
      36        7.63535      0.0625000
      37        8.18868      0.0625000
      38        8.24533      0.0625000
      39        8.24693      0.0625000
      40        8.27841      0.0625000
      41        8.45061      0.0625000
      42        8.71424      0.0625000
      43        8.84030      0.0625000
      44        8.91901      0.0625000
      45        9.60569      0.0625000
      46        9.67852      0.0625000
      47        9.68578      0.0625000
      48        9.73021      0.0625000
      49        15.2247        0.00000
      50        15.2792        0.00000
      51        15.4473        0.00000
      52        15.7135        0.00000
      53        15.7657        0.00000
      54        16.1474        0.00000
      55        16.1672        0.00000
      56        16.2783        0.00000
      57        16.6082        0.00000
      58        16.7239        0.00000

 24/32 kpoint (Cartesian) = 0.090316 0.099602 0.12145 (504 pws)
       1       -49.7464      0.0625000
       2       -49.7463      0.0625000
       3       -49.7426      0.0625000
       4       -49.7425      0.0625000
       5       -19.5531      0.0625000
       6       -19.5531      0.0625000
       7       -19.5126      0.0625000
       8       -19.5126      0.0625000
       9       -19.2759      0.0625000
      10       -19.2759      0.0625000
      11       -19.2407      0.0625000
      12       -19.2407      0.0625000
      13       -19.2247      0.0625000
      14       -19.2247      0.0625000
      15       -19.1969      0.0625000
      16       -19.1968      0.0625000
      17       -6.69764      0.0625000
      18       -6.69758      0.0625000
      19       -6.48186      0.0625000
      20       -6.48176      0.0625000
      21       -5.83613      0.0625000
      22       -5.83610      0.0625000
      23       -5.65604      0.0625000
      24       -5.65598      0.0625000
      25        5.77127      0.0625000
      26        5.77129      0.0625000
      27        6.01187      0.0625000
      28        6.01194      0.0625000
      29        6.23782      0.0625000
      30        6.23788      0.0625000
      31        6.49677      0.0625000
      32        6.49679      0.0625000
      33        7.26664      0.0625000
      34        7.26673      0.0625000
      35        7.80391      0.0625000
      36        7.80397      0.0625000
      37        8.00049      0.0625000
      38        8.00057      0.0625000
      39        8.38568      0.0625000
      40        8.38579      0.0625000
      41        8.70830      0.0625000
      42        8.70835      0.0625000
      43        8.88624      0.0625000
      44        8.88626      0.0625000
      45        9.12165      0.0625000
      46        9.12168      0.0625000
      47        9.35677      0.0625000
      48        9.35680      0.0625000
      49        15.2563        0.00000
      50        15.2564        0.00000
      51        15.3085        0.00000
      52        15.3086        0.00000
      53        16.1703        0.00000
      54        16.1704        0.00000
      55        16.1994        0.00000
      56        16.1997        0.00000
      57        16.5287        0.00000
      58        16.5288        0.00000

 25/32 kpoint (Cartesian) = -1.1151e-06 2.3891e-06 0.14574 (505 pws)
       1       -49.7540      0.0625000
       2       -49.7424      0.0625000
       3       -49.7410      0.0625000
       4       -49.7405      0.0625000
       5       -19.5342      0.0625000
       6       -19.5324      0.0625000
       7       -19.4802      0.0625000
       8       -19.4362      0.0625000
       9       -19.3097      0.0625000
      10       -19.2938      0.0625000
      11       -19.2808      0.0625000
      12       -19.2767      0.0625000
      13       -19.2461      0.0625000
      14       -19.2124      0.0625000
      15       -19.2081      0.0625000
      16       -19.1917      0.0625000
      17       -7.30842      0.0625000
      18       -6.37074      0.0625000
      19       -6.31916      0.0625000
      20       -6.25181      0.0625000
      21       -5.88962      0.0625000
      22       -5.78386      0.0625000
      23       -5.71069      0.0625000
      24       -5.64107      0.0625000
      25        5.17487      0.0625000
      26        5.20732      0.0625000
      27        5.55808      0.0625000
      28        5.85878      0.0625000
      29        5.90477      0.0625000
      30        6.55403      0.0625000
      31        6.58590      0.0625000
      32        6.74786      0.0625000
      33        6.91129      0.0625000
      34        7.48746      0.0625000
      35        7.51917      0.0625000
      36        7.59225      0.0625000
      37        7.73021      0.0625000
      38        8.21685      0.0625000
      39        8.57619      0.0625000
      40        8.57900      0.0625000
      41        8.61101      0.0625000
      42        8.77530      0.0625000
      43        9.01975      0.0625000
      44        9.29306      0.0625000
      45        9.41376      0.0625000
      46        9.76907      0.0625000
      47        9.76930      0.0625000
      48        9.99463      0.0625000
      49        15.1870        0.00000
      50        15.2803        0.00000
      51        15.4202        0.00000
      52        15.5535        0.00000
      53        15.9248        0.00000
      54        16.0969        0.00000
      55        16.1663        0.00000
      56        16.2149        0.00000
      57        16.5531        0.00000
      58        16.6450        0.00000

 26/32 kpoint (Cartesian) = 0.090316 2.3719e-06 0.14574 (501 pws)
       1       -49.7491      0.0625000
       2       -49.7490      0.0625000
       3       -49.7399      0.0625000
       4       -49.7398      0.0625000
       5       -19.4888      0.0625000
       6       -19.4888      0.0625000
       7       -19.4226      0.0625000
       8       -19.4226      0.0625000
       9       -19.3835      0.0625000
      10       -19.3835      0.0625000
      11       -19.2714      0.0625000
      12       -19.2714      0.0625000
      13       -19.2358      0.0625000
      14       -19.2357      0.0625000
      15       -19.2041      0.0625000
      16       -19.2041      0.0625000
      17       -6.74686      0.0625000
      18       -6.74679      0.0625000
      19       -6.08953      0.0625000
      20       -6.08950      0.0625000
      21       -5.97283      0.0625000
      22       -5.97273      0.0625000
      23       -5.88308      0.0625000
      24       -5.88302      0.0625000
      25        5.81974      0.0625000
      26        5.81980      0.0625000
      27        5.99745      0.0625000
      28        5.99747      0.0625000
      29        6.33298      0.0625000
      30        6.33304      0.0625000
      31        6.61927      0.0625000
      32        6.61943      0.0625000
      33        7.12099      0.0625000
      34        7.12111      0.0625000
      35        7.47581      0.0625000
      36        7.47597      0.0625000
      37        7.72014      0.0625000
      38        7.72017      0.0625000
      39        8.29671      0.0625000
      40        8.29686      0.0625000
      41        8.61653      0.0625000
      42        8.61660      0.0625000
      43        8.81271      0.0625000
      44        8.81273      0.0625000
      45        9.26069      0.0625000
      46        9.26076      0.0625000
      47        9.67718      0.0625000
      48        9.67723      0.0625000
      49        15.3270        0.00000
      50        15.3271        0.00000
      51        15.6049        0.00000
      52        15.6051        0.00000
      53        16.2711        0.00000
      54        16.2712        0.00000
      55        16.3772        0.00000
      56        16.3774        0.00000
      57        16.8943        0.00000
      58        16.8945        0.00000

 27/32 kpoint (Cartesian) = -1.1324e-06 0.099602 0.14574 (510 pws)
       1       -49.7491      0.0625000
       2       -49.7474      0.0625000
       3       -49.7408      0.0625000
       4       -49.7407      0.0625000
       5       -19.4981      0.0625000
       6       -19.4741      0.0625000
       7       -19.4502      0.0625000
       8       -19.4412      0.0625000
       9       -19.3710      0.0625000
      10       -19.3663      0.0625000
      11       -19.2764      0.0625000
      12       -19.2666      0.0625000
      13       -19.2402      0.0625000
      14       -19.2343      0.0625000
      15       -19.2035      0.0625000
      16       -19.1965      0.0625000
      17       -6.72470      0.0625000
      18       -6.54688      0.0625000
      19       -6.24211      0.0625000
      20       -6.17276      0.0625000
      21       -6.03408      0.0625000
      22       -5.91648      0.0625000
      23       -5.89844      0.0625000
      24       -5.84228      0.0625000
      25        5.60011      0.0625000
      26        5.71141      0.0625000
      27        6.00811      0.0625000
      28        6.05308      0.0625000
      29        6.12949      0.0625000
      30        6.32382      0.0625000
      31        6.44281      0.0625000
      32        6.53583      0.0625000
      33        6.68951      0.0625000
      34        6.98817      0.0625000
      35        7.63697      0.0625000
      36        7.72573      0.0625000
      37        8.06589      0.0625000
      38        8.08800      0.0625000
      39        8.21429      0.0625000
      40        8.31528      0.0625000
      41        8.46095      0.0625000
      42        8.70686      0.0625000
      43        9.05069      0.0625000
      44        9.16354      0.0625000
      45        9.59434      0.0625000
      46        9.69399      0.0625000
      47        9.71541      0.0625000
      48        9.75646      0.0625000
      49        15.3823        0.00000
      50        15.4039        0.00000
      51        15.4951        0.00000
      52        15.5767        0.00000
      53        15.9687        0.00000
      54        16.2078        0.00000
      55        16.2089        0.00000
      56        16.3159        0.00000
      57        16.6691        0.00000
      58        16.8391        0.00000

 28/32 kpoint (Cartesian) = 0.090316 0.099602 0.14574 (506 pws)
       1       -49.7480      0.0625000
       2       -49.7479      0.0625000
       3       -49.7410      0.0625000
       4       -49.7409      0.0625000
       5       -19.5420      0.0625000
       6       -19.5420      0.0625000
       7       -19.4699      0.0625000
       8       -19.4699      0.0625000
       9       -19.3193      0.0625000
      10       -19.3193      0.0625000
      11       -19.2574      0.0625000
      12       -19.2574      0.0625000
      13       -19.2135      0.0625000
      14       -19.2135      0.0625000
      15       -19.2034      0.0625000
      16       -19.2034      0.0625000
      17       -6.74303      0.0625000
      18       -6.74299      0.0625000
      19       -6.35984      0.0625000
      20       -6.35971      0.0625000
      21       -5.92902      0.0625000
      22       -5.92897      0.0625000
      23       -5.63930      0.0625000
      24       -5.63922      0.0625000
      25        5.64189      0.0625000
      26        5.64194      0.0625000
      27        6.02367      0.0625000
      28        6.02373      0.0625000
      29        6.18511      0.0625000
      30        6.18521      0.0625000
      31        6.77268      0.0625000
      32        6.77273      0.0625000
      33        7.15823      0.0625000
      34        7.15832      0.0625000
      35        7.54469      0.0625000
      36        7.54475      0.0625000
      37        8.05211      0.0625000
      38        8.05215      0.0625000
      39        8.38259      0.0625000
      40        8.38264      0.0625000
      41        8.74947      0.0625000
      42        8.74951      0.0625000
      43        8.87896      0.0625000
      44        8.87901      0.0625000
      45        9.14084      0.0625000
      46        9.14089      0.0625000
      47        9.46616      0.0625000
      48        9.46620      0.0625000
      49        15.3578        0.00000
      50        15.3579        0.00000
      51        15.4797        0.00000
      52        15.4798        0.00000
      53        16.0873        0.00000
      54        16.0875        0.00000
      55        16.2499        0.00000
      56        16.2501        0.00000
      57        16.6192        0.00000
      58        16.6193        0.00000

 29/32 kpoint (Cartesian) = -1.3009e-06 2.7873e-06 0.17003 (499 pws)
       1       -49.7561      0.0625000
       2       -49.7426      0.0625000
       3       -49.7408      0.0625000
       4       -49.7384      0.0625000
       5       -19.5700      0.0625000
       6       -19.5301      0.0625000
       7       -19.5087      0.0625000
       8       -19.3878      0.0625000
       9       -19.3192      0.0625000
      10       -19.3024      0.0625000
      11       -19.2971      0.0625000
      12       -19.2649      0.0625000
      13       -19.2490      0.0625000
      14       -19.2070      0.0625000
      15       -19.1797      0.0625000
      16       -19.1786      0.0625000
      17       -7.48066      0.0625000
      18       -6.38606      0.0625000
      19       -6.23277      0.0625000
      20       -6.15869      0.0625000
      21       -5.91390      0.0625000
      22       -5.73813      0.0625000
      23       -5.71379      0.0625000
      24       -5.64099      0.0625000
      25        5.01147      0.0625000
      26        5.19845      0.0625000
      27        5.41825      0.0625000
      28        5.76544      0.0625000
      29        5.80908      0.0625000
      30        6.35103      0.0625000
      31        6.74758      0.0625000
      32        7.02763      0.0625000
      33        7.03267      0.0625000
      34        7.53441      0.0625000
      35        7.57579      0.0625000
      36        7.62541      0.0625000
      37        7.93071      0.0625000
      38        8.12988      0.0625000
      39        8.42759      0.0625000
      40        8.49290      0.0625000
      41        8.66703      0.0625000
      42        8.83140      0.0625000
      43        9.05023      0.0625000
      44        9.41083      0.0625000
      45        9.43820      0.0625000
      46        9.80882      0.0625000
      47        9.83816      0.0625000
      48        9.96542      0.0625000
      49        15.2915        0.00000
      50        15.3661        0.00000
      51        15.4373        0.00000
      52        15.6195        0.00000
      53        15.8206        0.00000
      54        15.9293        0.00000
      55        16.0815        0.00000
      56        16.1488        0.00000
      57        16.2757        0.00000
      58        16.6685        0.00000

 30/32 kpoint (Cartesian) = 0.090315 2.7701e-06 0.17003 (501 pws)
       1       -49.7505      0.0625000
       2       -49.7505      0.0625000
       3       -49.7385      0.0625000
       4       -49.7384      0.0625000
       5       -19.4901      0.0625000
       6       -19.4901      0.0625000
       7       -19.4198      0.0625000
       8       -19.4198      0.0625000
       9       -19.3993      0.0625000
      10       -19.3993      0.0625000
      11       -19.2771      0.0625000
      12       -19.2770      0.0625000
      13       -19.2140      0.0625000
      14       -19.2140      0.0625000
      15       -19.2034      0.0625000
      16       -19.2034      0.0625000
      17       -6.84753      0.0625000
      18       -6.84746      0.0625000
      19       -6.05267      0.0625000
      20       -6.05261      0.0625000
      21       -5.91889      0.0625000
      22       -5.91882      0.0625000
      23       -5.86750      0.0625000
      24       -5.86746      0.0625000
      25        5.80596      0.0625000
      26        5.80600      0.0625000
      27        5.90333      0.0625000
      28        5.90337      0.0625000
      29        6.25890      0.0625000
      30        6.25895      0.0625000
      31        6.60361      0.0625000
      32        6.60377      0.0625000
      33        7.03462      0.0625000
      34        7.03471      0.0625000
      35        7.54162      0.0625000
      36        7.54172      0.0625000
      37        7.84669      0.0625000
      38        7.84683      0.0625000
      39        8.31308      0.0625000
      40        8.31323      0.0625000
      41        8.58572      0.0625000
      42        8.58576      0.0625000
      43        8.90631      0.0625000
      44        8.90640      0.0625000
      45        9.32850      0.0625000
      46        9.32855      0.0625000
      47        9.72567      0.0625000
      48        9.72571      0.0625000
      49        15.3551        0.00000
      50        15.3551        0.00000
      51        15.6971        0.00000
      52        15.6973        0.00000
      53        16.1232        0.00000
      54        16.1234        0.00000
      55        16.3504        0.00000
      56        16.3504        0.00000
      57        16.8698        0.00000
      58        16.8699        0.00000

 31/32 kpoint (Cartesian) = -1.3182e-06 0.099602 0.17003 (513 pws)
       1       -49.7504      0.0625000
       2       -49.7484      0.0625000
       3       -49.7398      0.0625000
       4       -49.7394      0.0625000
       5       -19.4841      0.0625000
       6       -19.4519      0.0625000
       7       -19.4407      0.0625000
       8       -19.4194      0.0625000
       9       -19.3687      0.0625000
      10       -19.3614      0.0625000
      11       -19.2851      0.0625000
      12       -19.2830      0.0625000
      13       -19.2420      0.0625000
      14       -19.2382      0.0625000
      15       -19.2290      0.0625000
      16       -19.2159      0.0625000
      17       -6.79215      0.0625000
      18       -6.59183      0.0625000
      19       -6.15309      0.0625000
      20       -6.08834      0.0625000
      21       -6.06368      0.0625000
      22       -5.92922      0.0625000
      23       -5.90086      0.0625000
      24       -5.84088      0.0625000
      25        5.51117      0.0625000
      26        5.54414      0.0625000
      27        6.01051      0.0625000
      28        6.07308      0.0625000
      29        6.18769      0.0625000
      30        6.20446      0.0625000
      31        6.38424      0.0625000
      32        6.49428      0.0625000
      33        6.70853      0.0625000
      34        6.88650      0.0625000
      35        7.70322      0.0625000
      36        7.80740      0.0625000
      37        7.97067      0.0625000
      38        8.09780      0.0625000
      39        8.32914      0.0625000
      40        8.45051      0.0625000
      41        8.54940      0.0625000
      42        8.59570      0.0625000
      43        9.06119      0.0625000
      44        9.12117      0.0625000
      45        9.73259      0.0625000
      46        9.76520      0.0625000
      47        9.76693      0.0625000
      48        9.77086      0.0625000
      49        15.3262        0.00000
      50        15.6137        0.00000
      51        15.6641        0.00000
      52        15.7195        0.00000
      53        16.0645        0.00000
      54        16.1358        0.00000
      55        16.3363        0.00000
      56        16.3534        0.00000
      57        16.7085        0.00000
      58        16.7357        0.00000

 32/32 kpoint (Cartesian) = 0.090315 0.099602 0.17003 (506 pws)
       1       -49.7491      0.0625000
       2       -49.7490      0.0625000
       3       -49.7399      0.0625000
       4       -49.7398      0.0625000
       5       -19.5131      0.0625000
       6       -19.5131      0.0625000
       7       -19.4307      0.0625000
       8       -19.4307      0.0625000
       9       -19.3690      0.0625000
      10       -19.3689      0.0625000
      11       -19.2637      0.0625000
      12       -19.2637      0.0625000
      13       -19.2272      0.0625000
      14       -19.2271      0.0625000
      15       -19.2036      0.0625000
      16       -19.2035      0.0625000
      17       -6.75120      0.0625000
      18       -6.75117      0.0625000
      19       -6.30990      0.0625000
      20       -6.30979      0.0625000
      21       -5.93123      0.0625000
      22       -5.93117      0.0625000
      23       -5.67889      0.0625000
      24       -5.67882      0.0625000
      25        5.56530      0.0625000
      26        5.56538      0.0625000
      27        5.91074      0.0625000
      28        5.91081      0.0625000
      29        6.24884      0.0625000
      30        6.24893      0.0625000
      31        7.04909      0.0625000
      32        7.04921      0.0625000
      33        7.22732      0.0625000
      34        7.22745      0.0625000
      35        7.34481      0.0625000
      36        7.34495      0.0625000
      37        7.90856      0.0625000
      38        7.90862      0.0625000
      39        8.06409      0.0625000
      40        8.06414      0.0625000
      41        8.86674      0.0625000
      42        8.86680      0.0625000
      43        9.03326      0.0625000
      44        9.03332      0.0625000
      45        9.18066      0.0625000
      46        9.18069      0.0625000
      47        9.55684      0.0625000
      48        9.55687      0.0625000
      49        15.4951        0.00000
      50        15.4953        0.00000
      51        15.6418        0.00000
      52        15.6419        0.00000
      53        16.0650        0.00000
      54        16.0651        0.00000
      55        16.2159        0.00000
      56        16.2160        0.00000
      57        16.7205        0.00000
      58        16.7206        0.00000


 Warning_Memory_Consuming allocated:  ORB::Jl(x) 921.868 MB




 >>>>>>>>>>>>>>>>>>>>>>>>>>>>>>>>>>>>>>>>>>>>>>>>>>>>>>>>>>>>>>>>>>>>>>
 |                                                                    |
 | POLARIZATION CALCULATION:                                          |
 |                  Modern Theory of Polarization                     |
 | calculate the Macroscopic polarization of a crystalline insulator  |
 | by using Berry Phase method.                                       |
 |                                                                    |
 <<<<<<<<<<<<<<<<<<<<<<<<<<<<<<<<<<<<<<<<<<<<<<<<<<<<<<<<<<<<<<<<<<<<<<




 VALUES OF POLARIZATION

  The Ionic Phase:    0.40259
 Electronic Phase:   -0.65748

The calculated polarization direction is in R3 direction

 P =   -2.4788331  (mod   19.4499497)  (  -0.0000206,   0.0000398,  -2.4788331) (e/Omega).bohr

 P =   -0.0025683  (mod    0.0201520)  (  -0.0000000,   0.0000000,  -0.0025683) e/bohr^2

 P =   -0.1468344  (mod    1.1521232)  (  -0.0000012,   0.0000024,  -0.1468344) C/m^2



 --------------------------------------------
 !FINAL_ETOT_IS -9783.1280751199319639 eV
 --------------------------------------------






 >>>>>>>>>>>>>>>>>>>>>>>>>>>>>>>>>>>>>>>>>>>>>>>>>>>>>>>>>>>>>>>>>>>>>>
 |                                                                    |
 | Post-processing of data:                                           |
 | DOS (density of states) and bands will be output here.             |
 | If atomic orbitals are used, Mulliken charge analysis can be done. |
 | Also the .bxsf file containing fermi surface information can be    |
 | done here.                                                         |
 |                                                                    |
 <<<<<<<<<<<<<<<<<<<<<<<<<<<<<<<<<<<<<<<<<<<<<<<<<<<<<<<<<<<<<<<<<<<<<<





 Output bands in file: OUT.ABACUS/BANDS_1.dat
TIME STATISTICS
----------------------------------------------------------------------------------
   CLASS_NAME                   NAME                TIME/s  CALLS   AVG/s  PER/%  
----------------------------------------------------------------------------------
                 total                              28.78  11       2.62   100.00 
 Driver          reading                            1.00   1        1.00   3.47   
 Input_Conv      Convert                            0.00   1        0.00   0.00   
 Driver          driver_line                        27.78  1        27.78  96.53  
 UnitCell        check_tau                          0.00   1        0.00   0.00   
 ESolver_KS_LCAO before_all_runners                 0.82   1        0.82   2.83   
 PW_Basis_Sup    setuptransform                     0.01   1        0.01   0.04   
 PW_Basis_Sup    distributeg                        0.00   1        0.00   0.01   
 mymath          heapsort                           0.00   3        0.00   0.00   
 Charge_Mixing   init_mixing                        0.00   1        0.00   0.00   
 PW_Basis_K      setuptransform                     0.00   1        0.00   0.01   
 PW_Basis_K      distributeg                        0.00   1        0.00   0.01   
 PW_Basis        setup_struc_factor                 0.00   1        0.00   0.01   
 NOrbital_Lm     extra_uniform                      0.29   323      0.00   1.00   
 Mathzone_Add1   SplineD2                           0.01   323      0.00   0.02   
 Mathzone_Add1   Cubic_Spline_Interpolation         0.14   323      0.00   0.47   
 ppcell_vl       init_vloc                          0.13   1        0.13   0.45   
 Ions            opt_ions                           26.93  1        26.93  93.56  
 ESolver_KS_LCAO runner                             26.90  1        26.90  93.46  
 ESolver_KS_LCAO before_scf                         0.94   1        0.94   3.26   
 atom_arrange    search                             0.00   1        0.00   0.00   
 atom_arrange    grid_d.init                        0.00   1        0.00   0.00   
 Grid            Construct_Adjacent_expand          0.00   1        0.00   0.00   
 Grid            Construct_Adjacent_expand_periodic 0.00   12       0.00   0.00   
 Grid_Technique  init                               0.33   1        0.33   1.15   
 Grid_BigCell    grid_expansion_index               0.03   2        0.01   0.10   
 Grid_Driver     Find_atom                          0.00   96       0.00   0.01   
 Record_adj      for_2d                             0.04   1        0.04   0.13   
 LCAO_domain     grid_prepare                       0.00   1        0.00   0.00   
 Veff            initialize_HR                      0.00   1        0.00   0.01   
 OverlapNew      initialize_SR                      0.00   1        0.00   0.01   
 EkineticNew     initialize_HR                      0.00   1        0.00   0.02   
 NonlocalNew     initialize_HR                      0.03   1        0.03   0.09   
 Charge          set_rho_core                       0.14   1        0.14   0.48   
 PW_Basis_Sup    recip2real                         0.09   13       0.01   0.32   
 PW_Basis_Sup    gathers_scatterp                   0.09   13       0.01   0.30   
 ModuleIO        read_rhog                          0.00   1        0.00   0.00   
 Potential       init_pot                           0.25   1        0.25   0.86   
 Potential       update_from_charge                 0.26   2        0.13   0.89   
 Potential       cal_fixed_v                        0.01   1        0.01   0.05   
 PotLocal        cal_fixed_v                        0.01   1        0.01   0.05   
 Potential       cal_v_eff                          0.24   2        0.12   0.84   
 H_Hartree_pw    v_hartree                          0.07   2        0.04   0.25   
 PW_Basis_Sup    real2recip                         0.10   13       0.01   0.33   
 PW_Basis_Sup    gatherp_scatters                   0.09   13       0.01   0.32   
 PotXC           cal_v_eff                          0.17   2        0.08   0.59   
 XC_Functional   v_xc                               0.16   2        0.08   0.55   
 Potential       interpolate_vrs                    0.00   2        0.00   0.00   
 H_Ewald_pw      compute_ewald                      0.01   1        0.01   0.05   
 HSolverLCAO     solve                              5.43   1        5.43   18.86  
 HamiltLCAO      updateHk                           4.18   32       0.13   14.52  
 OperatorLCAO    init                               4.06   96       0.04   14.09  
 Veff            contributeHR                       3.61   1        3.61   12.55  
 Gint_interface  cal_gint                           1.85   1        1.85   6.42   
 Gint_interface  cal_gint_vlocal                    1.85   1        1.85   6.42   
 Gint_Tools      cal_psir_ylm                       0.05   576      0.00   0.16   
 Gint_k          transfer_pvpR                      1.76   1        1.76   6.13   
 OverlapNew      calculate_SR                       0.12   1        0.12   0.40   
 OverlapNew      contributeHk                       0.01   32       0.00   0.02   
 EkineticNew     contributeHR                       0.12   1        0.12   0.41   
 EkineticNew     calculate_HR                       0.12   1        0.12   0.40   
 NonlocalNew     contributeHR                       0.32   1        0.32   1.10   
 NonlocalNew     calculate_HR                       0.32   1        0.32   1.10   
 OperatorLCAO    contributeHk                       0.01   32       0.00   0.03   
 HSolverLCAO     hamiltSolvePsiK                    1.19   32       0.04   4.15   
 DiagoElpa       elpa_solve                         1.03   32       0.03   3.58   
 elecstate       cal_dm                             0.04   1        0.04   0.15   
 psiMulPsiMpi    pdgemm                             0.04   32       0.00   0.15   
 DensityMatrix   cal_DMR                            0.01   1        0.01   0.03   
 Charge_Mixing   get_drho                           0.00   1        0.00   0.00   
 ModuleIO        write_rhog                         0.04   1        0.04   0.13   
 ESolver_KS_LCAO after_scf                          20.45  1        20.45  71.04  
 Charge          atomic_rho                         0.14   1        0.14   0.47   
 ORB_gaunt_table init_Gaunt_CH                      0.00   1        0.00   0.01   
 ORB_gaunt_table Calc_Gaunt_CH                      0.00   1631     0.00   0.00   
 ORB_gaunt_table init_Gaunt                         0.01   1        0.01   0.05   
 ORB_gaunt_table Get_Gaunt_SH                       0.01   25313    0.00   0.02   
 Center2_Orb     cal_ST_Phi12_R                     11.26  769      0.01   39.13  
 ESolver_KS_LCAO after_all_runners                  0.01   1        0.01   0.02   
 ModuleIO        nscf_band                          0.01   1        0.01   0.02   
----------------------------------------------------------------------------------


 NAME-------------------------|MEMORY(MB)--------
                         total     31195.6548
                    ORB::Jl(x)     29499.7681
                  Gint::hRGint       387.1550
                 Gint::DMRGint       386.8425
       TwoCenterTable: Kinetic       137.3855
       TwoCenterTable: Overlap       137.3855
      TwoCenterTable: Nonlocal       136.0217
                  meshball_pos        69.4548
               GT::ind_bigcell        67.1320
         GT::in_this_processor        67.1320
              GT::index2normal        67.1320
               GT::index2ucell        67.1320
                HamiltLCAO::hR        24.7887
            DensityMatrix::DMR        24.4762
            DensityMatrix::DMK        21.9453
      GT::bigcell_on_processor        16.7830
                HamiltLCAO::sR        16.7638
                  PW_B_K::gcar        12.1289
                    index_ball        11.5758
                   PW_B_K::gk2         4.0430
                  SF::strucFac         3.9796
                GT::which_atom         3.8666
             GT::which_bigcell         3.8666
            GT::which_unitcell         3.8666
                RealGauntTable         3.7773
                  SF::eigts123         2.3452
                      Chg::rho         2.2500
                 Chg::rho_save         2.2500
                 Chg::rho_core         2.2500
                 Pot::veff_fix         2.2500
                     Pot::veff         2.2500
              Pot::veff_smooth         2.2500
                 ORB::Gaunt_CH         2.0508
 -------------   < 1.0 MB has been ignored ----------------
 ----------------------------------------------------------

 Start  Time  : Fri Oct  9 19:13:52 2026
 Finish Time  : Fri Oct  9 19:14:20 2026
 Total  Time  : 0 h 0 mins 28 secs 
