                                                                                     
                              ABACUS v3.10.0

               Atomic-orbital Based Ab-initio Computation at UStc                    

                     Website: http://abacus.ustc.edu.cn/                             
               Documentation: https://abacus.deepmodeling.com/                       
                  Repository: https://github.com/abacusmodeling/abacus-develop       
                              https://github.com/deepmodeling/abacus-develop         
                      Commit: f7cb1d3 (Mon May 12 16:53:30 2025 +0800)

    Start Time is Fri Oct  9 19:34:25 2026
                                                                                     
 ------------------------------------------------------------------------------------

 READING GENERAL INFORMATION
                           global_out_dir = OUT.ABACUS/
                           global_in_card = INPUT
                               pseudo_dir = 
                              orbital_dir = 
                                    DRANK = 1
                                    DSIZE = 32
                                   DCOLOR = 1
                                    GRANK = 1
                                    GSIZE = 1




 >>>>>>>>>>>>>>>>>>>>>>>>>>>>>>>>>>>>>>>>>>>>>>>>>>>>>>>>>>>>>>>>>>>>>>
 |                                                                    |
 | Reading atom information in unitcell:                              |
 | From the input file and the structure file we know the number of   |
 | different elments in this unitcell, then we list the detail        |
 | information for each element, especially the zeta and polar atomic |
 | orbital number for each element. The total atom number is counted. |
 | We calculate the nearest atom distance for each atom and show the  |
 | Cartesian and Direct coordinates for each atom. We list the file   |
 | address for atomic orbitals. The volume and the lattice vectors    |
 | in real and reciprocal space is also shown.                        |
 |                                                                    |
 <<<<<<<<<<<<<<<<<<<<<<<<<<<<<<<<<<<<<<<<<<<<<<<<<<<<<<<<<<<<<<<<<<<<<<




 READING UNITCELL INFORMATION
                                    ntype = 2
                  lattice constant (Bohr) = 1.88973
              lattice constant (Angstrom) = 1

 READING ATOM TYPE 1
                               atom label = Hf
                      L=0, number of zeta = 4
                      L=1, number of zeta = 2
                      L=2, number of zeta = 2
                      L=3, number of zeta = 1
             number of atom for this type = 4

 READING ATOM TYPE 2
                               atom label = O
                      L=0, number of zeta = 2
                      L=1, number of zeta = 2
                      L=2, number of zeta = 1
             number of atom for this type = 8

                        TOTAL ATOM NUMBER = 12
DIRECT COORDINATES
    atom                   x                   y                   z     mag                  vx                  vy                  vz
taud_Hf1            0.9849310057        0.9921773258        0.0150614405  0.0000        0.0000000000        0.0000000000        0.0000000000
taud_Hf2            0.0147269309        0.5076530803        0.5150566549  0.0000        0.0000000000        0.0000000000        0.0000000000
taud_Hf3            0.5147277605        0.9921826155        0.5150587368  0.0000        0.0000000000        0.0000000000        0.0000000000
taud_Hf4            0.4849316952        0.5076587163        0.0150595520  0.0000        0.0000000000        0.0000000000        0.0000000000
taud_O1            0.1776829096        0.3069097267        0.1909666001  0.0000        0.0000000000        0.0000000000        0.0000000000
taud_O2            0.3219861706        0.3069168379        0.6909649220  0.0000        0.0000000000        0.0000000000        0.0000000000
taud_O3            0.2173518815        0.7975845627        0.2945146172  0.0000        0.0000000000        0.0000000000        0.0000000000
taud_O4            0.2823169501        0.7975912264        0.7945165712  0.0000        0.0000000000        0.0000000000        0.0000000000
taud_O5            0.6776826476        0.1929272663        0.1909698543  0.0000        0.0000000000        0.0000000000        0.0000000000
taud_O6            0.8219865452        0.1929200656        0.6909681090  0.0000        0.0000000000        0.0000000000        0.0000000000
taud_O7            0.7173523355        0.7022518841        0.2945122596  0.0000        0.0000000000        0.0000000000        0.0000000000
taud_O8            0.7823164799        0.7022456090        0.7945141483  0.0000        0.0000000000        0.0000000000        0.0000000000



                          Volume (Bohr^3) = 920.948
                             Volume (A^3) = 136.47

 Lattice vectors: (Cartesian coordinate: in unit of a_0)
             +5.16264        +1.46376e-07        -1.93378e-06
         +1.31626e-07            +5.13916        -2.39095e-06
         -1.15204e-06        -2.41956e-06            +5.14368
 Reciprocal vectors: (Cartesian coordinate: in unit of 2 pi/a_0)
            +0.193699        -4.96109e-09         +4.3383e-08
           -5.517e-09           +0.194584        +9.15315e-08
         +7.28216e-08        +9.04492e-08           +0.194413
 The esolver type has been set to : ksdft_lcao

 RUNNING WITH DEVICE  : CPU / AMD EPYC 7702 64-Core Processor




 >>>>>>>>>>>>>>>>>>>>>>>>>>>>>>>>>>>>>>>>>>>>>>>>>>>>>>>>>>>>>>>>>>>>>>
 |                                                                    |
 | Reading pseudopotentials files:                                    |
 | The pseudopotential file is in UPF format. The 'NC' indicates that |
 | the type of pseudopotential is 'norm conserving'. Functional of    |
 | exchange and correlation is decided by 4 given parameters in UPF   |
 | file.  We also read in the 'core correction' if there exists.      |
 | Also we can read the valence electrons number and the maximal      |
 | angular momentum used in this pseudopotential. We also read in the |
 | trail wave function, trail atomic density and local-pseudopotential|
 | on logrithmic grid. The non-local pseudopotential projector is also|
 | read in if there is any.                                           |
 |                                                                    |
 <<<<<<<<<<<<<<<<<<<<<<<<<<<<<<<<<<<<<<<<<<<<<<<<<<<<<<<<<<<<<<<<<<<<<<




                PAO radial cut off (Bohr) = 15

 Read in pseudopotential file is Hf.upf
                     pseudopotential type = NC
          exchange-correlation functional = PBE
                 nonlocal core correction = 1
                        valence electrons = 12
                                     lmax = 3
                           number of zeta = 4
                     number of projectors = 8
                           L of projector = 0
                           L of projector = 0
                           L of projector = 1
                           L of projector = 1
                           L of projector = 2
                           L of projector = 2
                           L of projector = 3
                           L of projector = 3
                PAO radial cut off (Bohr) = 15

 Read in pseudopotential file is O.upf
                     pseudopotential type = NC
          exchange-correlation functional = PBE
                 nonlocal core correction = 1
                        valence electrons = 6
                                     lmax = 2
                           number of zeta = 2
                     number of projectors = 5
                           L of projector = 0
                           L of projector = 0
                           L of projector = 1
                           L of projector = 1
                           L of projector = 2
     initial pseudo atomic orbital number = 72

 SETUP THE ELECTRONS NUMBER
            electron number of element Hf = 12
      total electron number of element Hf = 48
             electron number of element O = 6
       total electron number of element O = 48
            AUTOSET number of electrons:  = 96
                           occupied bands = 48
                                   NLOCAL = 212
                                   NBANDS = 58
                                   NBANDS = 58
                                   NLOCAL = 212

%%%%%%%%%%%%%%%%%%%%%%%%%%%%%%%%%%%%%%%%%%%%%%%%%%%%%%%%%%%%%%%%%%%%%%%%%%%%%%%%%%%%%%%%%%%%%%%%%%%%%%%%%%
 Warning: the number of valence electrons in pseudopotential > 4 for Hf: [Xe] 4f14 5d2 6s2
 Pseudopotentials with additional electrons can yield (more) accurate outcomes, but may be less efficient.
 If you're confident that your chosen pseudopotential is appropriate, you can safely ignore this warning.
%%%%%%%%%%%%%%%%%%%%%%%%%%%%%%%%%%%%%%%%%%%%%%%%%%%%%%%%%%%%%%%%%%%%%%%%%%%%%%%%%%%%%%%%%%%%%%%%%%%%%%%%%%
                  




 >>>>>>>>>>>>>>>>>>>>>>>>>>>>>>>>>>>>>>>>>>>>>>>>>>>>>>>>>>>>>>>>>>>>>>
 |                                                                    |
 | Setup plane waves of charge/potential:                             |
 | Use the energy cutoff and the lattice vectors to generate the      |
 | dimensions of FFT grid. The number of FFT grid on each processor   |
 | is 'nrxx'. The number of plane wave basis in reciprocal space is   |
 | different for charege/potential and wave functions. We also set    |
 | the 'sticks' for the parallel of FFT. The number of plane waves    |
 | is 'npw' in each processor.                                        |
 <<<<<<<<<<<<<<<<<<<<<<<<<<<<<<<<<<<<<<<<<<<<<<<<<<<<<<<<<<<<<<<<<<<<<<





 SETUP THE PLANE WAVE BASIS
 energy cutoff for charge/potential (unit:Ry) = 400
            fft grid for charge/potential = [ 64, 64, 64 ]
                        fft grid division = [ 2, 2, 2 ]
        big fft grid for charge/potential = [ 32, 32, 32 ]
                                     nbxx = 1024
                                     nrxx = 8192

 SETUP PLANE WAVES FOR CHARGE/POTENTIAL
                    number of plane waves = 124259
                         number of sticks = 3007

 PARALLEL PW FOR CHARGE/POTENTIAL
     PROC   COLUMNS(POT)             PW
        1             94           3886
        2             94           3884
        3             94           3884
        4             94           3884
        5             94           3884
        6             94           3884
        7             94           3884
        8             94           3884
        9             94           3884
       10             94           3884
       11             94           3884
       12             93           3881
       13             94           3884
       14             94           3884
       15             94           3882
       16             94           3882
       17             94           3882
       18             94           3882
       19             94           3882
       20             94           3882
       21             94           3882
       22             94           3882
       23             94           3882
       24             94           3882
       25             94           3882
       26             94           3882
       27             94           3882
       28             94           3882
       29             94           3884
       30             94           3884
       31             94           3884
       32             94           3884
 --------------- sum -------------------
       32           3007         124259
                            number of |g| = 3805
                                  max |g| = 36.1814
                                  min |g| = 0.678442
 DONE : SETUP UNITCELL Time : 1.9641 (SEC)


----------- Double Check Mixing Parameters Begin ------------
mixing_type: broyden
mixing_beta: 0.3
mixing_gg0: 1
mixing_gg0_min: 0.1
mixing_ndim: 8
----------- Double Check Mixing Parameters End ------------




 >>>>>>>>>>>>>>>>>>>>>>>>>>>>>>>>>>>>>>>>>>>>>>>>>>>>>>>>>>>>>>>>>>>>>>
 |                                                                    |
 | Setup K-points                                                     |
 | We setup the k-points according to input parameters.               |
 | The reduced k-points are set according to symmetry operations.     |
 | We treat the spin as another set of k-points.                      |
 |                                                                    |
 <<<<<<<<<<<<<<<<<<<<<<<<<<<<<<<<<<<<<<<<<<<<<<<<<<<<<<<<<<<<<<<<<<<<<<





 SETUP K-POINTS
                                    nspin = 1
                   Input type of k points = Monkhorst-Pack(Gamma)
                                   nkstot = 16
K-POINTS DIRECT COORDINATES
 KPOINTS    DIRECT_X    DIRECT_Y    DIRECT_Z  WEIGHT
       1  0.00000000  0.00000000  0.00000000  0.0625
       2  0.50000000  0.00000000  0.00000000  0.0625
       3  0.00000000  0.50000000  0.00000000  0.0625
       4  0.50000000  0.50000000  0.00000000  0.0625
       5  0.00000000  0.00000000  0.25000000  0.0625
       6  0.50000000  0.00000000  0.25000000  0.0625
       7  0.00000000  0.50000000  0.25000000  0.0625
       8  0.50000000  0.50000000  0.25000000  0.0625
       9  0.00000000  0.00000000  0.50000000  0.0625
      10  0.50000000  0.00000000  0.50000000  0.0625
      11  0.00000000  0.50000000  0.50000000  0.0625
      12  0.50000000  0.50000000  0.50000000  0.0625
      13  0.00000000  0.00000000  0.75000000  0.0625
      14  0.50000000  0.00000000  0.75000000  0.0625
      15  0.00000000  0.50000000  0.75000000  0.0625
      16  0.50000000  0.50000000  0.75000000  0.0625


           k-point number in this process = 16
       minimum distributed K point number = 16

K-POINTS CARTESIAN COORDINATES
 KPOINTS CARTESIAN_X CARTESIAN_Y CARTESIAN_Z  WEIGHT
       1  0.00000000  0.00000000  0.00000000  0.1250
       2  0.09684958 -0.00000000  0.00000002  0.1250
       3 -0.00000000  0.09729217  0.00000005  0.1250
       4  0.09684958  0.09729216  0.00000007  0.1250
       5  0.00000002  0.00000002  0.04860329  0.1250
       6  0.09684960  0.00000002  0.04860331  0.1250
       7  0.00000002  0.09729219  0.04860334  0.1250
       8  0.09684960  0.09729219  0.04860336  0.1250
       9  0.00000004  0.00000005  0.09720658  0.1250
      10  0.09684962  0.00000004  0.09720660  0.1250
      11  0.00000003  0.09729221  0.09720663  0.1250
      12  0.09684962  0.09729221  0.09720665  0.1250
      13  0.00000005  0.00000007  0.14580987  0.1250
      14  0.09684964  0.00000007  0.14580989  0.1250
      15  0.00000005  0.09729223  0.14580992  0.1250
      16  0.09684964  0.09729223  0.14580994  0.1250


K-POINTS DIRECT COORDINATES
 KPOINTS    DIRECT_X    DIRECT_Y    DIRECT_Z  WEIGHT
       1  0.00000000  0.00000000  0.00000000  0.1250
       2  0.50000000  0.00000000  0.00000000  0.1250
       3  0.00000000  0.50000000  0.00000000  0.1250
       4  0.50000000  0.50000000  0.00000000  0.1250
       5  0.00000000  0.00000000  0.25000000  0.1250
       6  0.50000000  0.00000000  0.25000000  0.1250
       7  0.00000000  0.50000000  0.25000000  0.1250
       8  0.50000000  0.50000000  0.25000000  0.1250
       9  0.00000000  0.00000000  0.50000000  0.1250
      10  0.50000000  0.00000000  0.50000000  0.1250
      11  0.00000000  0.50000000  0.50000000  0.1250
      12  0.50000000  0.50000000  0.50000000  0.1250
      13  0.00000000  0.00000000  0.75000000  0.1250
      14  0.50000000  0.00000000  0.75000000  0.1250
      15  0.00000000  0.50000000  0.75000000  0.1250
      16  0.50000000  0.50000000  0.75000000  0.1250

 DONE : INIT K-POINTS Time : 2.00419 (SEC)





 >>>>>>>>>>>>>>>>>>>>>>>>>>>>>>>>>>>>>>>>>>>>>>>>>>>>>>>>>>>>>>>>>>>>>>
 |                                                                    |
 | Setup plane waves of wave functions:                               |
 | Use the energy cutoff and the lattice vectors to generate the      |
 | dimensions of FFT grid. The number of FFT grid on each processor   |
 | is 'nrxx'. The number of plane wave basis in reciprocal space is   |
 | different for charege/potential and wave functions. We also set    |
 | the 'sticks' for the parallel of FFT. The number of plane wave of  |
 | each k-point is 'npwk[ik]' in each processor                       |
 <<<<<<<<<<<<<<<<<<<<<<<<<<<<<<<<<<<<<<<<<<<<<<<<<<<<<<<<<<<<<<<<<<<<<<





 SETUP PLANE WAVES FOR WAVE FUNCTIONS
     energy cutoff for wavefunc (unit:Ry) = 100
              fft grid for wave functions = [ 64, 64, 64 ]
                    number of plane waves = 18885
                         number of sticks = 857

 PARALLEL PW FOR WAVE FUNCTIONS
     PROC   COLUMNS(POT)             PW
        1             27            591
        2             27            591
        3             27            593
        4             27            591
        5             27            591
        6             26            588
        7             26            588
        8             26            588
        9             26            588
       10             26            588
       11             26            588
       12             27            591
       13             27            591
       14             27            591
       15             27            591
       16             27            591
       17             27            591
       18             27            591
       19             27            591
       20             27            591
       21             27            591
       22             26            588
       23             27            591
       24             27            591
       25             27            591
       26             27            591
       27             27            591
       28             27            591
       29             27            589
       30             27            589
       31             27            589
       32             27            589
 --------------- sum -------------------
       32            857          18885
 DONE : INIT PLANEWAVE Time : 2.01997 (SEC)

 SET NONLOCAL PSEUDOPOTENTIAL PROJECTORS
 SET NONLOCAL PSEUDOPOTENTIAL PROJECTORS
 max number of nonlocal projetors among all species is 8
 DONE : LOCAL POTENTIAL Time : 2.5376 (SEC)


 -------------------------------------------
 NONSELF-CONSISTENT
 -------------------------------------------




 >>>>>>>>>>>>>>>>>>>>>>>>>>>>>>>>>>>>>>>>>>>>>>>>>>>>>>>>>>>>>>>>>>>>>>
 |                                                                    |
 | Search adjacent atoms:                                             |
 | Set the adjacent atoms for each atom and set the periodic boundary |
 | condition for the atoms on real space FFT grid. For k-dependent    |
 | algorithm, we also need to set the sparse H and S matrix element   |
 | for each atom.                                                     |
 |                                                                    |
 <<<<<<<<<<<<<<<<<<<<<<<<<<<<<<<<<<<<<<<<<<<<<<<<<<<<<<<<<<<<<<<<<<<<<<





 SETUP SEARCHING RADIUS FOR PROGRAM TO SEARCH ADJACENT ATOMS
                  longest orb rcut (Bohr) = 10
   longest nonlocal projector rcut (Bohr) = 2.46
                     search radius (Bohr) = 24.9
              searching radius is (Bohr)) = 24.9
         searching radius unit is (Bohr)) = 1.89
                         PeriodicBoundary = 1
                        Radius(unit:lat0) = 13.2
                                   glayer = [ 4, 4, 4 ]
                             glayer_minus = [ 3, 3, 3 ]

Find the coordinate range of the input atom(unit:lat0).
                                  min_tau = [ -15.4, -14.4, -15.4 ]
                                  max_tau = [ 20.6, 20.5, 19.5 ]
                                BoxNumber = [ 7, 7, 7 ]

 SETUP EXTENDED REAL SPACE GRID FOR GRID INTEGRATION
                          real space grid = [ 64, 64, 64 ]
                 big cell numbers in grid = [ 32, 32, 32 ]
             meshcell numbers in big cell = [ 2, 2, 2 ]
                        extended fft grid = [ 33, 33, 33 ]
                dimension of extened grid = [ 99, 99, 99 ]
                            UnitCellTotal = 125
              Atom number in sub-FFT-grid = 12
    Local orbitals number in sub-FFT-grid = 212
                                ParaV.nnr = 81779

 Warning_Memory_Consuming allocated:  Gint::hRGint 12.6 MB

 Warning_Memory_Consuming allocated:  Gint::DMRGint 12.6 MB
                                 init_chg = file
 try to read charge from file
 Find the file OUT.ABACUS//SPIN1_CHG.cube , try to read it.
 Read in the charge density: OUT.ABACUS//SPIN1_CHG.cube
 DONE : INIT SCF Time : 3.34152 (SEC)


 LCAO ALGORITHM --------------- ION=   1  ELEC=   1--------------------------------
 Energy (eV) & Occupations  for spin=1 K-point=1
      1       -49.0613       0.125000
      2       -49.0455       0.125000
      3       -49.0451       0.125000
      4       -49.0450       0.125000
      5       -18.8095       0.125000
      6       -18.8057       0.125000
      7       -18.8048       0.125000
      8       -18.6349       0.125000
      9       -18.5551       0.125000
     10       -18.5549       0.125000
     11       -18.5537       0.125000
     12       -18.5149       0.125000
     13       -18.5085       0.125000
     14       -18.4354       0.125000
     15       -18.4319       0.125000
     16       -18.4314       0.125000
     17       -6.86222       0.125000
     18       -5.50677       0.125000
     19       -5.46732       0.125000
     20       -5.46235       0.125000
     21       -4.87556       0.125000
     22       -4.84653       0.125000
     23       -4.83789       0.125000
     24       -4.20660       0.125000
     25        5.55784       0.125000
     26        5.56901       0.125000
     27        5.58389       0.125000
     28        6.39337       0.125000
     29        6.39396       0.125000
     30        6.40893       0.125000
     31        8.07276       0.125000
     32        8.12951       0.125000
     33        8.13335       0.125000
     34        8.32495       0.125000
     35        8.48163       0.125000
     36        8.50735       0.125000
     37        8.64004       0.125000
     38        8.69201       0.125000
     39        9.63699       0.125000
     40        9.73333       0.125000
     41        9.79314       0.125000
     42        10.6067       0.125000
     43        10.7230       0.125000
     44        10.7705       0.125000
     45        10.9251       0.125000
     46        10.9676       0.125000
     47        10.9998       0.125000
     48        11.4035       0.125000
     49        15.9880        0.00000
     50        16.0494        0.00000
     51        16.1332        0.00000
     52        16.1588        0.00000
     53        16.2111        0.00000
     54        16.3050        0.00000
     55        16.9492        0.00000
     56        16.9872        0.00000
     57        17.1043        0.00000
     58        17.1578        0.00000
 Energy (eV) & Occupations  for spin=1 K-point=2
      1       -49.0536       0.125000
      2       -49.0535       0.125000
      3       -49.0449       0.125000
      4       -49.0449       0.125000
      5       -18.6913       0.125000
      6       -18.6913       0.125000
      7       -18.6828       0.125000
      8       -18.6828       0.125000
      9       -18.6295       0.125000
     10       -18.6294       0.125000
     11       -18.5637       0.125000
     12       -18.5636       0.125000
     13       -18.4943       0.125000
     14       -18.4942       0.125000
     15       -18.4732       0.125000
     16       -18.4732       0.125000
     17       -6.01739       0.125000
     18       -6.01730       0.125000
     19       -5.24655       0.125000
     20       -5.24650       0.125000
     21       -5.07659       0.125000
     22       -5.07654       0.125000
     23       -4.80306       0.125000
     24       -4.80305       0.125000
     25        6.42257       0.125000
     26        6.42258       0.125000
     27        6.60368       0.125000
     28        6.60377       0.125000
     29        6.97482       0.125000
     30        6.97486       0.125000
     31        7.30198       0.125000
     32        7.30200       0.125000
     33        7.72101       0.125000
     34        7.72107       0.125000
     35        8.34707       0.125000
     36        8.34717       0.125000
     37        8.53606       0.125000
     38        8.53612       0.125000
     39        9.36925       0.125000
     40        9.36927       0.125000
     41        9.73851       0.125000
     42        9.73853       0.125000
     43        10.6480       0.125000
     44        10.6480       0.125000
     45        10.7577       0.125000
     46        10.7577       0.125000
     47        10.9398       0.125000
     48        10.9399       0.125000
     49        16.3048        0.00000
     50        16.3048        0.00000
     51        16.4483        0.00000
     52        16.4484        0.00000
     53        16.6737        0.00000
     54        16.6737        0.00000
     55        16.9920        0.00000
     56        16.9920        0.00000
     57        17.1485        0.00000
     58        17.1485        0.00000
 Energy (eV) & Occupations  for spin=1 K-point=3
      1       -49.0551       0.125000
      2       -49.0518       0.125000
      3       -49.0452       0.125000
      4       -49.0450       0.125000
      5       -18.7141       0.125000
      6       -18.6994       0.125000
      7       -18.6638       0.125000
      8       -18.6612       0.125000
      9       -18.6407       0.125000
     10       -18.6188       0.125000
     11       -18.5668       0.125000
     12       -18.5653       0.125000
     13       -18.5003       0.125000
     14       -18.4862       0.125000
     15       -18.4848       0.125000
     16       -18.4688       0.125000
     17       -6.17536       0.125000
     18       -5.79583       0.125000
     19       -5.28262       0.125000
     20       -5.25015       0.125000
     21       -5.17607       0.125000
     22       -4.97110       0.125000
     23       -4.87923       0.125000
     24       -4.75604       0.125000
     25        6.25389       0.125000
     26        6.38138       0.125000
     27        6.63922       0.125000
     28        6.79520       0.125000
     29        6.93343       0.125000
     30        7.12532       0.125000
     31        7.20914       0.125000
     32        7.28840       0.125000
     33        7.43957       0.125000
     34        7.98351       0.125000
     35        8.37858       0.125000
     36        8.41884       0.125000
     37        8.48359       0.125000
     38        8.48703       0.125000
     39        9.24407       0.125000
     40        9.62532       0.125000
     41        9.67788       0.125000
     42        9.76107       0.125000
     43        10.4803       0.125000
     44        10.6888       0.125000
     45        10.7253       0.125000
     46        10.7723       0.125000
     47        10.9090       0.125000
     48        11.1081       0.125000
     49        16.0554        0.00000
     50        16.2605        0.00000
     51        16.4085        0.00000
     52        16.4142        0.00000
     53        16.5610        0.00000
     54        17.0146        0.00000
     55        17.0456        0.00000
     56        17.1390        0.00000
     57        17.2228        0.00000
     58        17.3142        0.00000
 Energy (eV) & Occupations  for spin=1 K-point=4
      1       -49.0511       0.125000
      2       -49.0511       0.125000
      3       -49.0474       0.125000
      4       -49.0474       0.125000
      5       -18.7157       0.125000
      6       -18.7156       0.125000
      7       -18.6843       0.125000
      8       -18.6843       0.125000
      9       -18.6187       0.125000
     10       -18.6187       0.125000
     11       -18.5650       0.125000
     12       -18.5650       0.125000
     13       -18.4898       0.125000
     14       -18.4898       0.125000
     15       -18.4637       0.125000
     16       -18.4636       0.125000
     17       -5.77952       0.125000
     18       -5.77937       0.125000
     19       -5.45009       0.125000
     20       -5.45003       0.125000
     21       -5.07903       0.125000
     22       -5.07888       0.125000
     23       -4.88292       0.125000
     24       -4.88286       0.125000
     25        6.65387       0.125000
     26        6.65400       0.125000
     27        6.87957       0.125000
     28        6.87958       0.125000
     29        7.12172       0.125000
     30        7.12173       0.125000
     31        7.57403       0.125000
     32        7.57407       0.125000
     33        8.15486       0.125000
     34        8.15490       0.125000
     35        8.20513       0.125000
     36        8.20519       0.125000
     37        8.74167       0.125000
     38        8.74170       0.125000
     39        8.94907       0.125000
     40        8.94915       0.125000
     41        9.58175       0.125000
     42        9.58180       0.125000
     43        9.91161       0.125000
     44        9.91163       0.125000
     45        10.5010       0.125000
     46        10.5011       0.125000
     47        10.5804       0.125000
     48        10.5805       0.125000
     49        15.7183        0.00000
     50        15.7183        0.00000
     51        16.1988        0.00000
     52        16.1988        0.00000
     53        16.8169        0.00000
     54        16.8170        0.00000
     55        17.1213        0.00000
     56        17.1213        0.00000
     57        17.5443        0.00000
     58        17.5443        0.00000
 Energy (eV) & Occupations  for spin=1 K-point=5
      1       -49.0590       0.125000
      2       -49.0474       0.125000
      3       -49.0454       0.125000
      4       -49.0451       0.125000
      5       -18.7719       0.125000
      6       -18.7682       0.125000
      7       -18.7607       0.125000
      8       -18.6408       0.125000
      9       -18.5892       0.125000
     10       -18.5575       0.125000
     11       -18.5480       0.125000
     12       -18.5407       0.125000
     13       -18.4991       0.125000
     14       -18.4802       0.125000
     15       -18.4503       0.125000
     16       -18.4485       0.125000
     17       -6.62017       0.125000
     18       -5.49623       0.125000
     19       -5.39608       0.125000
     20       -5.38020       0.125000
     21       -5.08018       0.125000
     22       -4.90952       0.125000
     23       -4.89393       0.125000
     24       -4.40188       0.125000
     25        5.77402       0.125000
     26        5.87469       0.125000
     27        6.14475       0.125000
     28        6.53930       0.125000
     29        6.57124       0.125000
     30        6.94607       0.125000
     31        7.56006       0.125000
     32        7.59594       0.125000
     33        7.79823       0.125000
     34        8.05800       0.125000
     35        8.20698       0.125000
     36        8.59418       0.125000
     37        8.72784       0.125000
     38        9.14255       0.125000
     39        9.67324       0.125000
     40        9.69311       0.125000
     41        9.79256       0.125000
     42        10.0350       0.125000
     43        10.2442       0.125000
     44        10.6380       0.125000
     45        10.7439       0.125000
     46        10.9343       0.125000
     47        10.9581       0.125000
     48        11.2731       0.125000
     49        16.0905        0.00000
     50        16.1821        0.00000
     51        16.2552        0.00000
     52        16.3845        0.00000
     53        16.4164        0.00000
     54        16.7410        0.00000
     55        16.7923        0.00000
     56        16.8558        0.00000
     57        16.9864        0.00000
     58        17.3031        0.00000
 Energy (eV) & Occupations  for spin=1 K-point=6
      1       -49.0523       0.125000
      2       -49.0523       0.125000
      3       -49.0462       0.125000
      4       -49.0461       0.125000
      5       -18.7034       0.125000
      6       -18.7034       0.125000
      7       -18.6780       0.125000
      8       -18.6780       0.125000
      9       -18.6384       0.125000
     10       -18.6384       0.125000
     11       -18.5364       0.125000
     12       -18.5364       0.125000
     13       -18.5173       0.125000
     14       -18.5173       0.125000
     15       -18.4625       0.125000
     16       -18.4625       0.125000
     17       -5.90902       0.125000
     18       -5.90893       0.125000
     19       -5.34939       0.125000
     20       -5.34930       0.125000
     21       -5.06255       0.125000
     22       -5.06253       0.125000
     23       -4.84824       0.125000
     24       -4.84823       0.125000
     25        6.58588       0.125000
     26        6.58593       0.125000
     27        6.85249       0.125000
     28        6.85262       0.125000
     29        7.06743       0.125000
     30        7.06745       0.125000
     31        7.26550       0.125000
     32        7.26557       0.125000
     33        7.76600       0.125000
     34        7.76606       0.125000
     35        8.24663       0.125000
     36        8.24667       0.125000
     37        8.83594       0.125000
     38        8.83598       0.125000
     39        9.09311       0.125000
     40        9.09315       0.125000
     41        9.76528       0.125000
     42        9.76529       0.125000
     43        10.2390       0.125000
     44        10.2391       0.125000
     45        10.5296       0.125000
     46        10.5296       0.125000
     47        10.8215       0.125000
     48        10.8215       0.125000
     49        16.0891        0.00000
     50        16.0891        0.00000
     51        16.2577        0.00000
     52        16.2577        0.00000
     53        16.9035        0.00000
     54        16.9036        0.00000
     55        17.0236        0.00000
     56        17.0237        0.00000
     57        17.3037        0.00000
     58        17.3039        0.00000
 Energy (eV) & Occupations  for spin=1 K-point=7
      1       -49.0536       0.125000
      2       -49.0508       0.125000
      3       -49.0465       0.125000
      4       -49.0461       0.125000
      5       -18.7222       0.125000
      6       -18.6839       0.125000
      7       -18.6749       0.125000
      8       -18.6747       0.125000
      9       -18.6503       0.125000
     10       -18.6305       0.125000
     11       -18.5592       0.125000
     12       -18.5479       0.125000
     13       -18.4866       0.125000
     14       -18.4860       0.125000
     15       -18.4786       0.125000
     16       -18.4778       0.125000
     17       -6.05252       0.125000
     18       -5.69944       0.125000
     19       -5.42589       0.125000
     20       -5.25511       0.125000
     21       -5.21286       0.125000
     22       -4.95847       0.125000
     23       -4.94400       0.125000
     24       -4.78870       0.125000
     25        6.45290       0.125000
     26        6.52173       0.125000
     27        6.73575       0.125000
     28        6.89542       0.125000
     29        6.99862       0.125000
     30        7.03408       0.125000
     31        7.49044       0.125000
     32        7.55868       0.125000
     33        7.56011       0.125000
     34        7.95106       0.125000
     35        8.22473       0.125000
     36        8.42086       0.125000
     37        8.54737       0.125000
     38        8.68571       0.125000
     39        9.22909       0.125000
     40        9.42340       0.125000
     41        9.55348       0.125000
     42        9.59604       0.125000
     43        10.2394       0.125000
     44        10.2787       0.125000
     45        10.4639       0.125000
     46        10.6006       0.125000
     47        10.8338       0.125000
     48        10.9643       0.125000
     49        15.8515        0.00000
     50        15.9239        0.00000
     51        16.1395        0.00000
     52        16.4376        0.00000
     53        16.8118        0.00000
     54        16.9879        0.00000
     55        17.1175        0.00000
     56        17.1744        0.00000
     57        17.2476        0.00000
     58        17.3260        0.00000
 Energy (eV) & Occupations  for spin=1 K-point=8
      1       -49.0505       0.125000
      2       -49.0505       0.125000
      3       -49.0479       0.125000
      4       -49.0479       0.125000
      5       -18.7711       0.125000
      6       -18.7711       0.125000
      7       -18.7514       0.125000
      8       -18.7514       0.125000
      9       -18.5502       0.125000
     10       -18.5501       0.125000
     11       -18.5220       0.125000
     12       -18.5220       0.125000
     13       -18.4803       0.125000
     14       -18.4803       0.125000
     15       -18.4577       0.125000
     16       -18.4577       0.125000
     17       -5.83436       0.125000
     18       -5.83423       0.125000
     19       -5.65831       0.125000
     20       -5.65822       0.125000
     21       -4.88366       0.125000
     22       -4.88355       0.125000
     23       -4.80009       0.125000
     24       -4.80002       0.125000
     25        6.69051       0.125000
     26        6.69059       0.125000
     27        6.94098       0.125000
     28        6.94101       0.125000
     29        7.12833       0.125000
     30        7.12837       0.125000
     31        7.30463       0.125000
     32        7.30465       0.125000
     33        8.28710       0.125000
     34        8.28714       0.125000
     35        8.42267       0.125000
     36        8.42268       0.125000
     37        8.95491       0.125000
     38        8.95494       0.125000
     39        9.19073       0.125000
     40        9.19081       0.125000
     41        9.50380       0.125000
     42        9.50389       0.125000
     43        9.83283       0.125000
     44        9.83284       0.125000
     45        10.2347       0.125000
     46        10.2349       0.125000
     47        10.3697       0.125000
     48        10.3697       0.125000
     49        15.5978        0.00000
     50        15.5979        0.00000
     51        15.9855        0.00000
     52        15.9855        0.00000
     53        16.5812        0.00000
     54        16.5812        0.00000
     55        16.9114        0.00000
     56        16.9114        0.00000
     57        17.7578        0.00000
     58        17.7578        0.00000
 Energy (eV) & Occupations  for spin=1 K-point=9
      1       -49.0533       0.125000
      2       -49.0531       0.125000
      3       -49.0454       0.125000
      4       -49.0452       0.125000
      5       -18.6941       0.125000
      6       -18.6940       0.125000
      7       -18.6837       0.125000
      8       -18.6835       0.125000
      9       -18.6314       0.125000
     10       -18.6313       0.125000
     11       -18.5605       0.125000
     12       -18.5604       0.125000
     13       -18.4884       0.125000
     14       -18.4882       0.125000
     15       -18.4770       0.125000
     16       -18.4769       0.125000
     17       -6.01642       0.125000
     18       -6.01636       0.125000
     19       -5.26376       0.125000
     20       -5.26369       0.125000
     21       -5.06929       0.125000
     22       -5.06924       0.125000
     23       -4.79423       0.125000
     24       -4.79416       0.125000
     25        6.34589       0.125000
     26        6.34600       0.125000
     27        6.75619       0.125000
     28        6.75625       0.125000
     29        6.93170       0.125000
     30        6.93173       0.125000
     31        7.33864       0.125000
     32        7.33869       0.125000
     33        7.72233       0.125000
     34        7.72241       0.125000
     35        8.37257       0.125000
     36        8.37261       0.125000
     37        8.43839       0.125000
     38        8.43845       0.125000
     39        9.37199       0.125000
     40        9.37200       0.125000
     41        9.70861       0.125000
     42        9.70865       0.125000
     43        10.6127       0.125000
     44        10.6128       0.125000
     45        10.7493       0.125000
     46        10.7493       0.125000
     47        11.0277       0.125000
     48        11.0278       0.125000
     49        16.2483        0.00000
     50        16.2484        0.00000
     51        16.3265        0.00000
     52        16.3266        0.00000
     53        16.7124        0.00000
     54        16.7125        0.00000
     55        16.9160        0.00000
     56        16.9161        0.00000
     57        17.2838        0.00000
     58        17.2841        0.00000
 Energy (eV) & Occupations  for spin=1 K-point=10
      1       -49.0493       0.125000
      2       -49.0493       0.125000
      3       -49.0491       0.125000
      4       -49.0491       0.125000
      5       -18.7019       0.125000
      6       -18.7019       0.125000
      7       -18.7019       0.125000
      8       -18.7019       0.125000
      9       -18.5904       0.125000
     10       -18.5903       0.125000
     11       -18.5902       0.125000
     12       -18.5902       0.125000
     13       -18.4765       0.125000
     14       -18.4765       0.125000
     15       -18.4765       0.125000
     16       -18.4765       0.125000
     17       -5.63596       0.125000
     18       -5.63592       0.125000
     19       -5.63586       0.125000
     20       -5.63580       0.125000
     21       -4.96085       0.125000
     22       -4.96082       0.125000
     23       -4.96078       0.125000
     24       -4.96076       0.125000
     25        6.82219       0.125000
     26        6.82221       0.125000
     27        6.82223       0.125000
     28        6.82226       0.125000
     29        7.34180       0.125000
     30        7.34184       0.125000
     31        7.34188       0.125000
     32        7.34193       0.125000
     33        8.12718       0.125000
     34        8.12723       0.125000
     35        8.12728       0.125000
     36        8.12734       0.125000
     37        8.80113       0.125000
     38        8.80115       0.125000
     39        8.80124       0.125000
     40        8.80125       0.125000
     41        9.75063       0.125000
     42        9.75065       0.125000
     43        9.75071       0.125000
     44        9.75073       0.125000
     45        10.5540       0.125000
     46        10.5540       0.125000
     47        10.5540       0.125000
     48        10.5540       0.125000
     49        16.0201        0.00000
     50        16.0202        0.00000
     51        16.0203        0.00000
     52        16.0204        0.00000
     53        17.0628        0.00000
     54        17.0628        0.00000
     55        17.0630        0.00000
     56        17.0630        0.00000
     57        17.5108        0.00000
     58        17.5108        0.00000
 Energy (eV) & Occupations  for spin=1 K-point=11
      1       -49.0501       0.125000
      2       -49.0499       0.125000
      3       -49.0485       0.125000
      4       -49.0484       0.125000
      5       -18.7133       0.125000
      6       -18.7133       0.125000
      7       -18.6888       0.125000
      8       -18.6888       0.125000
      9       -18.6091       0.125000
     10       -18.6089       0.125000
     11       -18.5746       0.125000
     12       -18.5745       0.125000
     13       -18.4825       0.125000
     14       -18.4825       0.125000
     15       -18.4694       0.125000
     16       -18.4694       0.125000
     17       -5.74771       0.125000
     18       -5.74763       0.125000
     19       -5.46916       0.125000
     20       -5.46909       0.125000
     21       -5.10559       0.125000
     22       -5.10551       0.125000
     23       -4.87035       0.125000
     24       -4.87025       0.125000
     25        6.64546       0.125000
     26        6.64554       0.125000
     27        6.90423       0.125000
     28        6.90428       0.125000
     29        7.30692       0.125000
     30        7.30701       0.125000
     31        7.37108       0.125000
     32        7.37113       0.125000
     33        8.11715       0.125000
     34        8.11726       0.125000
     35        8.22211       0.125000
     36        8.22217       0.125000
     37        8.69592       0.125000
     38        8.69597       0.125000
     39        9.03791       0.125000
     40        9.03797       0.125000
     41        9.67091       0.125000
     42        9.67093       0.125000
     43        9.83408       0.125000
     44        9.83418       0.125000
     45        10.3367       0.125000
     46        10.3368       0.125000
     47        10.7157       0.125000
     48        10.7158       0.125000
     49        15.6846        0.00000
     50        15.6846        0.00000
     51        16.2018        0.00000
     52        16.2018        0.00000
     53        17.0098        0.00000
     54        17.0099        0.00000
     55        17.1604        0.00000
     56        17.1606        0.00000
     57        17.2733        0.00000
     58        17.2734        0.00000
 Energy (eV) & Occupations  for spin=1 K-point=12
      1       -49.0493       0.125000
      2       -49.0492       0.125000
      3       -49.0491       0.125000
      4       -49.0490       0.125000
      5       -18.7990       0.125000
      6       -18.7990       0.125000
      7       -18.7990       0.125000
      8       -18.7989       0.125000
      9       -18.5120       0.125000
     10       -18.5120       0.125000
     11       -18.5119       0.125000
     12       -18.5119       0.125000
     13       -18.4531       0.125000
     14       -18.4531       0.125000
     15       -18.4530       0.125000
     16       -18.4530       0.125000
     17       -5.83832       0.125000
     18       -5.83825       0.125000
     19       -5.83820       0.125000
     20       -5.83812       0.125000
     21       -4.74252       0.125000
     22       -4.74243       0.125000
     23       -4.74242       0.125000
     24       -4.74233       0.125000
     25        6.78576       0.125000
     26        6.78578       0.125000
     27        6.78580       0.125000
     28        6.78581       0.125000
     29        7.22968       0.125000
     30        7.22972       0.125000
     31        7.22975       0.125000
     32        7.22978       0.125000
     33        8.57022       0.125000
     34        8.57026       0.125000
     35        8.57029       0.125000
     36        8.57034       0.125000
     37        9.16405       0.125000
     38        9.16407       0.125000
     39        9.16412       0.125000
     40        9.16416       0.125000
     41        9.56214       0.125000
     42        9.56216       0.125000
     43        9.56222       0.125000
     44        9.56224       0.125000
     45        10.1359       0.125000
     46        10.1359       0.125000
     47        10.1359       0.125000
     48        10.1359       0.125000
     49        15.5246        0.00000
     50        15.5246        0.00000
     51        15.5247        0.00000
     52        15.5247        0.00000
     53        16.7375        0.00000
     54        16.7376        0.00000
     55        16.7377        0.00000
     56        16.7377        0.00000
     57        17.8046        0.00000
     58        17.8046        0.00000
 Energy (eV) & Occupations  for spin=1 K-point=13
      1       -49.0590       0.125000
      2       -49.0474       0.125000
      3       -49.0454       0.125000
      4       -49.0451       0.125000
      5       -18.7719       0.125000
      6       -18.7682       0.125000
      7       -18.7607       0.125000
      8       -18.6408       0.125000
      9       -18.5892       0.125000
     10       -18.5575       0.125000
     11       -18.5480       0.125000
     12       -18.5407       0.125000
     13       -18.4991       0.125000
     14       -18.4802       0.125000
     15       -18.4503       0.125000
     16       -18.4485       0.125000
     17       -6.62017       0.125000
     18       -5.49623       0.125000
     19       -5.39608       0.125000
     20       -5.38020       0.125000
     21       -5.08018       0.125000
     22       -4.90952       0.125000
     23       -4.89393       0.125000
     24       -4.40188       0.125000
     25        5.77402       0.125000
     26        5.87469       0.125000
     27        6.14475       0.125000
     28        6.53930       0.125000
     29        6.57124       0.125000
     30        6.94607       0.125000
     31        7.56006       0.125000
     32        7.59594       0.125000
     33        7.79823       0.125000
     34        8.05800       0.125000
     35        8.20698       0.125000
     36        8.59418       0.125000
     37        8.72784       0.125000
     38        9.14255       0.125000
     39        9.67324       0.125000
     40        9.69311       0.125000
     41        9.79256       0.125000
     42        10.0350       0.125000
     43        10.2442       0.125000
     44        10.6380       0.125000
     45        10.7439       0.125000
     46        10.9343       0.125000
     47        10.9581       0.125000
     48        11.2731       0.125000
     49        16.0905        0.00000
     50        16.1821        0.00000
     51        16.2552        0.00000
     52        16.3845        0.00000
     53        16.4164        0.00000
     54        16.7410        0.00000
     55        16.7923        0.00000
     56        16.8558        0.00000
     57        16.9864        0.00000
     58        17.3031        0.00000
 Energy (eV) & Occupations  for spin=1 K-point=14
      1       -49.0523       0.125000
      2       -49.0523       0.125000
      3       -49.0462       0.125000
      4       -49.0461       0.125000
      5       -18.7034       0.125000
      6       -18.7034       0.125000
      7       -18.6780       0.125000
      8       -18.6780       0.125000
      9       -18.6384       0.125000
     10       -18.6384       0.125000
     11       -18.5364       0.125000
     12       -18.5364       0.125000
     13       -18.5173       0.125000
     14       -18.5173       0.125000
     15       -18.4625       0.125000
     16       -18.4625       0.125000
     17       -5.90902       0.125000
     18       -5.90893       0.125000
     19       -5.34939       0.125000
     20       -5.34930       0.125000
     21       -5.06255       0.125000
     22       -5.06253       0.125000
     23       -4.84824       0.125000
     24       -4.84823       0.125000
     25        6.58588       0.125000
     26        6.58593       0.125000
     27        6.85249       0.125000
     28        6.85262       0.125000
     29        7.06743       0.125000
     30        7.06745       0.125000
     31        7.26550       0.125000
     32        7.26557       0.125000
     33        7.76600       0.125000
     34        7.76606       0.125000
     35        8.24663       0.125000
     36        8.24667       0.125000
     37        8.83594       0.125000
     38        8.83598       0.125000
     39        9.09311       0.125000
     40        9.09315       0.125000
     41        9.76528       0.125000
     42        9.76529       0.125000
     43        10.2390       0.125000
     44        10.2391       0.125000
     45        10.5296       0.125000
     46        10.5296       0.125000
     47        10.8215       0.125000
     48        10.8215       0.125000
     49        16.0891        0.00000
     50        16.0891        0.00000
     51        16.2577        0.00000
     52        16.2577        0.00000
     53        16.9035        0.00000
     54        16.9036        0.00000
     55        17.0236        0.00000
     56        17.0237        0.00000
     57        17.3037        0.00000
     58        17.3039        0.00000
 Energy (eV) & Occupations  for spin=1 K-point=15
      1       -49.0536       0.125000
      2       -49.0508       0.125000
      3       -49.0465       0.125000
      4       -49.0461       0.125000
      5       -18.7222       0.125000
      6       -18.6839       0.125000
      7       -18.6749       0.125000
      8       -18.6747       0.125000
      9       -18.6503       0.125000
     10       -18.6305       0.125000
     11       -18.5592       0.125000
     12       -18.5479       0.125000
     13       -18.4866       0.125000
     14       -18.4860       0.125000
     15       -18.4786       0.125000
     16       -18.4778       0.125000
     17       -6.05252       0.125000
     18       -5.69944       0.125000
     19       -5.42589       0.125000
     20       -5.25511       0.125000
     21       -5.21286       0.125000
     22       -4.95847       0.125000
     23       -4.94400       0.125000
     24       -4.78870       0.125000
     25        6.45290       0.125000
     26        6.52173       0.125000
     27        6.73575       0.125000
     28        6.89542       0.125000
     29        6.99862       0.125000
     30        7.03408       0.125000
     31        7.49044       0.125000
     32        7.55868       0.125000
     33        7.56011       0.125000
     34        7.95106       0.125000
     35        8.22473       0.125000
     36        8.42086       0.125000
     37        8.54737       0.125000
     38        8.68571       0.125000
     39        9.22909       0.125000
     40        9.42340       0.125000
     41        9.55348       0.125000
     42        9.59604       0.125000
     43        10.2394       0.125000
     44        10.2787       0.125000
     45        10.4639       0.125000
     46        10.6006       0.125000
     47        10.8338       0.125000
     48        10.9643       0.125000
     49        15.8515        0.00000
     50        15.9239        0.00000
     51        16.1395        0.00000
     52        16.4376        0.00000
     53        16.8118        0.00000
     54        16.9879        0.00000
     55        17.1175        0.00000
     56        17.1744        0.00000
     57        17.2476        0.00000
     58        17.3260        0.00000
 Energy (eV) & Occupations  for spin=1 K-point=16
      1       -49.0505       0.125000
      2       -49.0505       0.125000
      3       -49.0479       0.125000
      4       -49.0479       0.125000
      5       -18.7711       0.125000
      6       -18.7711       0.125000
      7       -18.7514       0.125000
      8       -18.7514       0.125000
      9       -18.5502       0.125000
     10       -18.5501       0.125000
     11       -18.5220       0.125000
     12       -18.5220       0.125000
     13       -18.4803       0.125000
     14       -18.4803       0.125000
     15       -18.4577       0.125000
     16       -18.4577       0.125000
     17       -5.83436       0.125000
     18       -5.83423       0.125000
     19       -5.65831       0.125000
     20       -5.65822       0.125000
     21       -4.88366       0.125000
     22       -4.88355       0.125000
     23       -4.80009       0.125000
     24       -4.80002       0.125000
     25        6.69051       0.125000
     26        6.69059       0.125000
     27        6.94098       0.125000
     28        6.94101       0.125000
     29        7.12833       0.125000
     30        7.12837       0.125000
     31        7.30463       0.125000
     32        7.30465       0.125000
     33        8.28710       0.125000
     34        8.28714       0.125000
     35        8.42267       0.125000
     36        8.42268       0.125000
     37        8.95491       0.125000
     38        8.95494       0.125000
     39        9.19073       0.125000
     40        9.19081       0.125000
     41        9.50380       0.125000
     42        9.50389       0.125000
     43        9.83283       0.125000
     44        9.83284       0.125000
     45        10.2347       0.125000
     46        10.2349       0.125000
     47        10.3697       0.125000
     48        10.3697       0.125000
     49        15.5978        0.00000
     50        15.5979        0.00000
     51        15.9855        0.00000
     52        15.9855        0.00000
     53        16.5812        0.00000
     54        16.5812        0.00000
     55        16.9114        0.00000
     56        16.9114        0.00000
     57        17.7578        0.00000
     58        17.7578        0.00000

 Density error is 0.00000000000
----------------------------------------------------------
     Energy           Rydberg                 eV          
----------------------------------------------------------
 E_KohnSham     -718.9710763295      -9782.1033352740     
 E_KS(sigma->0) -718.9710763295      -9782.1033352740     
 E_Harris       -718.9710763295      -9782.1033352740     
 E_band         -37.5045786297       -510.2759704529      
 E_one_elec     -121.1681798257      -1648.5776619177     
 E_Hartree      116.4027013043       1583.7400003305      
 E_xc           -182.3513930184      -2481.0179832877     
 E_Ewald        -531.8542047897      -7236.2476903990     
 E_entropy(-TS) -0.0000000000        -0.0000000000        
 E_descf        0.0000000000         0.0000000000         
 E_exx          0.0000000000         0.0000000000         
 E_Fermi        1.0277022157         13.9826059812        
----------------------------------------------------------


 charge density convergence is achieved
 final etot is -9782.1033353 eV
 EFERMI = 13.982605981 eV

 STATE ENERGY(eV) AND OCCUPATIONS    NSPIN == 1
 1/16 kpoint (Cartesian) = 0.0000 0.0000 0.0000 (496 pws)
       1       -49.0613       0.125000
       2       -49.0455       0.125000
       3       -49.0451       0.125000
       4       -49.0450       0.125000
       5       -18.8095       0.125000
       6       -18.8057       0.125000
       7       -18.8048       0.125000
       8       -18.6349       0.125000
       9       -18.5551       0.125000
      10       -18.5549       0.125000
      11       -18.5537       0.125000
      12       -18.5149       0.125000
      13       -18.5085       0.125000
      14       -18.4354       0.125000
      15       -18.4319       0.125000
      16       -18.4314       0.125000
      17       -6.86222       0.125000
      18       -5.50677       0.125000
      19       -5.46732       0.125000
      20       -5.46235       0.125000
      21       -4.87556       0.125000
      22       -4.84653       0.125000
      23       -4.83789       0.125000
      24       -4.20660       0.125000
      25        5.55784       0.125000
      26        5.56901       0.125000
      27        5.58389       0.125000
      28        6.39337       0.125000
      29        6.39396       0.125000
      30        6.40893       0.125000
      31        8.07276       0.125000
      32        8.12951       0.125000
      33        8.13335       0.125000
      34        8.32495       0.125000
      35        8.48163       0.125000
      36        8.50735       0.125000
      37        8.64004       0.125000
      38        8.69201       0.125000
      39        9.63699       0.125000
      40        9.73333       0.125000
      41        9.79314       0.125000
      42        10.6067       0.125000
      43        10.7230       0.125000
      44        10.7705       0.125000
      45        10.9251       0.125000
      46        10.9676       0.125000
      47        10.9998       0.125000
      48        11.4035       0.125000
      49        15.9880        0.00000
      50        16.0494        0.00000
      51        16.1332        0.00000
      52        16.1588        0.00000
      53        16.2111        0.00000
      54        16.3050        0.00000
      55        16.9492        0.00000
      56        16.9872        0.00000
      57        17.1043        0.00000
      58        17.1578        0.00000

 2/16 kpoint (Cartesian) = 0.096850 -2.4805e-09 2.1692e-08 (494 pws)
       1       -49.0536       0.125000
       2       -49.0535       0.125000
       3       -49.0449       0.125000
       4       -49.0449       0.125000
       5       -18.6913       0.125000
       6       -18.6913       0.125000
       7       -18.6828       0.125000
       8       -18.6828       0.125000
       9       -18.6295       0.125000
      10       -18.6294       0.125000
      11       -18.5637       0.125000
      12       -18.5636       0.125000
      13       -18.4943       0.125000
      14       -18.4942       0.125000
      15       -18.4732       0.125000
      16       -18.4732       0.125000
      17       -6.01739       0.125000
      18       -6.01730       0.125000
      19       -5.24655       0.125000
      20       -5.24650       0.125000
      21       -5.07659       0.125000
      22       -5.07654       0.125000
      23       -4.80306       0.125000
      24       -4.80305       0.125000
      25        6.42257       0.125000
      26        6.42258       0.125000
      27        6.60368       0.125000
      28        6.60377       0.125000
      29        6.97482       0.125000
      30        6.97486       0.125000
      31        7.30198       0.125000
      32        7.30200       0.125000
      33        7.72101       0.125000
      34        7.72107       0.125000
      35        8.34707       0.125000
      36        8.34717       0.125000
      37        8.53606       0.125000
      38        8.53612       0.125000
      39        9.36925       0.125000
      40        9.36927       0.125000
      41        9.73851       0.125000
      42        9.73853       0.125000
      43        10.6480       0.125000
      44        10.6480       0.125000
      45        10.7577       0.125000
      46        10.7577       0.125000
      47        10.9398       0.125000
      48        10.9399       0.125000
      49        16.3048        0.00000
      50        16.3048        0.00000
      51        16.4483        0.00000
      52        16.4484        0.00000
      53        16.6737        0.00000
      54        16.6737        0.00000
      55        16.9920        0.00000
      56        16.9920        0.00000
      57        17.1485        0.00000
      58        17.1485        0.00000

 3/16 kpoint (Cartesian) = -2.7585e-09 0.097292 4.5766e-08 (494 pws)
       1       -49.0551       0.125000
       2       -49.0518       0.125000
       3       -49.0452       0.125000
       4       -49.0450       0.125000
       5       -18.7141       0.125000
       6       -18.6994       0.125000
       7       -18.6638       0.125000
       8       -18.6612       0.125000
       9       -18.6407       0.125000
      10       -18.6188       0.125000
      11       -18.5668       0.125000
      12       -18.5653       0.125000
      13       -18.5003       0.125000
      14       -18.4862       0.125000
      15       -18.4848       0.125000
      16       -18.4688       0.125000
      17       -6.17536       0.125000
      18       -5.79583       0.125000
      19       -5.28262       0.125000
      20       -5.25015       0.125000
      21       -5.17607       0.125000
      22       -4.97110       0.125000
      23       -4.87923       0.125000
      24       -4.75604       0.125000
      25        6.25389       0.125000
      26        6.38138       0.125000
      27        6.63922       0.125000
      28        6.79520       0.125000
      29        6.93343       0.125000
      30        7.12532       0.125000
      31        7.20914       0.125000
      32        7.28840       0.125000
      33        7.43957       0.125000
      34        7.98351       0.125000
      35        8.37858       0.125000
      36        8.41884       0.125000
      37        8.48359       0.125000
      38        8.48703       0.125000
      39        9.24407       0.125000
      40        9.62532       0.125000
      41        9.67788       0.125000
      42        9.76107       0.125000
      43        10.4803       0.125000
      44        10.6888       0.125000
      45        10.7253       0.125000
      46        10.7723       0.125000
      47        10.9090       0.125000
      48        11.1081       0.125000
      49        16.0554        0.00000
      50        16.2605        0.00000
      51        16.4085        0.00000
      52        16.4142        0.00000
      53        16.5610        0.00000
      54        17.0146        0.00000
      55        17.0456        0.00000
      56        17.1390        0.00000
      57        17.2228        0.00000
      58        17.3142        0.00000

 4/16 kpoint (Cartesian) = 0.096850 0.097292 6.7457e-08 (496 pws)
       1       -49.0511       0.125000
       2       -49.0511       0.125000
       3       -49.0474       0.125000
       4       -49.0474       0.125000
       5       -18.7157       0.125000
       6       -18.7156       0.125000
       7       -18.6843       0.125000
       8       -18.6843       0.125000
       9       -18.6187       0.125000
      10       -18.6187       0.125000
      11       -18.5650       0.125000
      12       -18.5650       0.125000
      13       -18.4898       0.125000
      14       -18.4898       0.125000
      15       -18.4637       0.125000
      16       -18.4636       0.125000
      17       -5.77952       0.125000
      18       -5.77937       0.125000
      19       -5.45009       0.125000
      20       -5.45003       0.125000
      21       -5.07903       0.125000
      22       -5.07888       0.125000
      23       -4.88292       0.125000
      24       -4.88286       0.125000
      25        6.65387       0.125000
      26        6.65400       0.125000
      27        6.87957       0.125000
      28        6.87958       0.125000
      29        7.12172       0.125000
      30        7.12173       0.125000
      31        7.57403       0.125000
      32        7.57407       0.125000
      33        8.15486       0.125000
      34        8.15490       0.125000
      35        8.20513       0.125000
      36        8.20519       0.125000
      37        8.74167       0.125000
      38        8.74170       0.125000
      39        8.94907       0.125000
      40        8.94915       0.125000
      41        9.58175       0.125000
      42        9.58180       0.125000
      43        9.91161       0.125000
      44        9.91163       0.125000
      45        10.5010       0.125000
      46        10.5011       0.125000
      47        10.5804       0.125000
      48        10.5805       0.125000
      49        15.7183        0.00000
      50        15.7183        0.00000
      51        16.1988        0.00000
      52        16.1988        0.00000
      53        16.8169        0.00000
      54        16.8170        0.00000
      55        17.1213        0.00000
      56        17.1213        0.00000
      57        17.5443        0.00000
      58        17.5443        0.00000

 5/16 kpoint (Cartesian) = 1.8205e-08 2.2612e-08 0.048603 (492 pws)
       1       -49.0590       0.125000
       2       -49.0474       0.125000
       3       -49.0454       0.125000
       4       -49.0451       0.125000
       5       -18.7719       0.125000
       6       -18.7682       0.125000
       7       -18.7607       0.125000
       8       -18.6408       0.125000
       9       -18.5892       0.125000
      10       -18.5575       0.125000
      11       -18.5480       0.125000
      12       -18.5407       0.125000
      13       -18.4991       0.125000
      14       -18.4802       0.125000
      15       -18.4503       0.125000
      16       -18.4485       0.125000
      17       -6.62017       0.125000
      18       -5.49623       0.125000
      19       -5.39608       0.125000
      20       -5.38020       0.125000
      21       -5.08018       0.125000
      22       -4.90952       0.125000
      23       -4.89393       0.125000
      24       -4.40188       0.125000
      25        5.77402       0.125000
      26        5.87469       0.125000
      27        6.14475       0.125000
      28        6.53930       0.125000
      29        6.57124       0.125000
      30        6.94607       0.125000
      31        7.56006       0.125000
      32        7.59594       0.125000
      33        7.79823       0.125000
      34        8.05800       0.125000
      35        8.20698       0.125000
      36        8.59418       0.125000
      37        8.72784       0.125000
      38        9.14255       0.125000
      39        9.67324       0.125000
      40        9.69311       0.125000
      41        9.79256       0.125000
      42        10.0350       0.125000
      43        10.2442       0.125000
      44        10.6380       0.125000
      45        10.7439       0.125000
      46        10.9343       0.125000
      47        10.9581       0.125000
      48        11.2731       0.125000
      49        16.0905        0.00000
      50        16.1821        0.00000
      51        16.2552        0.00000
      52        16.3845        0.00000
      53        16.4164        0.00000
      54        16.7410        0.00000
      55        16.7923        0.00000
      56        16.8558        0.00000
      57        16.9864        0.00000
      58        17.3031        0.00000

 6/16 kpoint (Cartesian) = 0.096850 2.0132e-08 0.048603 (490 pws)
       1       -49.0523       0.125000
       2       -49.0523       0.125000
       3       -49.0462       0.125000
       4       -49.0461       0.125000
       5       -18.7034       0.125000
       6       -18.7034       0.125000
       7       -18.6780       0.125000
       8       -18.6780       0.125000
       9       -18.6384       0.125000
      10       -18.6384       0.125000
      11       -18.5364       0.125000
      12       -18.5364       0.125000
      13       -18.5173       0.125000
      14       -18.5173       0.125000
      15       -18.4625       0.125000
      16       -18.4625       0.125000
      17       -5.90902       0.125000
      18       -5.90893       0.125000
      19       -5.34939       0.125000
      20       -5.34930       0.125000
      21       -5.06255       0.125000
      22       -5.06253       0.125000
      23       -4.84824       0.125000
      24       -4.84823       0.125000
      25        6.58588       0.125000
      26        6.58593       0.125000
      27        6.85249       0.125000
      28        6.85262       0.125000
      29        7.06743       0.125000
      30        7.06745       0.125000
      31        7.26550       0.125000
      32        7.26557       0.125000
      33        7.76600       0.125000
      34        7.76606       0.125000
      35        8.24663       0.125000
      36        8.24667       0.125000
      37        8.83594       0.125000
      38        8.83598       0.125000
      39        9.09311       0.125000
      40        9.09315       0.125000
      41        9.76528       0.125000
      42        9.76529       0.125000
      43        10.2390       0.125000
      44        10.2391       0.125000
      45        10.5296       0.125000
      46        10.5296       0.125000
      47        10.8215       0.125000
      48        10.8215       0.125000
      49        16.0891        0.00000
      50        16.0891        0.00000
      51        16.2577        0.00000
      52        16.2577        0.00000
      53        16.9035        0.00000
      54        16.9036        0.00000
      55        17.0236        0.00000
      56        17.0237        0.00000
      57        17.3037        0.00000
      58        17.3039        0.00000

 7/16 kpoint (Cartesian) = 1.5447e-08 0.097292 0.048603 (493 pws)
       1       -49.0536       0.125000
       2       -49.0508       0.125000
       3       -49.0465       0.125000
       4       -49.0461       0.125000
       5       -18.7222       0.125000
       6       -18.6839       0.125000
       7       -18.6749       0.125000
       8       -18.6747       0.125000
       9       -18.6503       0.125000
      10       -18.6305       0.125000
      11       -18.5592       0.125000
      12       -18.5479       0.125000
      13       -18.4866       0.125000
      14       -18.4860       0.125000
      15       -18.4786       0.125000
      16       -18.4778       0.125000
      17       -6.05252       0.125000
      18       -5.69944       0.125000
      19       -5.42589       0.125000
      20       -5.25511       0.125000
      21       -5.21286       0.125000
      22       -4.95847       0.125000
      23       -4.94400       0.125000
      24       -4.78870       0.125000
      25        6.45290       0.125000
      26        6.52173       0.125000
      27        6.73575       0.125000
      28        6.89542       0.125000
      29        6.99862       0.125000
      30        7.03408       0.125000
      31        7.49044       0.125000
      32        7.55868       0.125000
      33        7.56011       0.125000
      34        7.95106       0.125000
      35        8.22473       0.125000
      36        8.42086       0.125000
      37        8.54737       0.125000
      38        8.68571       0.125000
      39        9.22909       0.125000
      40        9.42340       0.125000
      41        9.55348       0.125000
      42        9.59604       0.125000
      43        10.2394       0.125000
      44        10.2787       0.125000
      45        10.4639       0.125000
      46        10.6006       0.125000
      47        10.8338       0.125000
      48        10.9643       0.125000
      49        15.8515        0.00000
      50        15.9239        0.00000
      51        16.1395        0.00000
      52        16.4376        0.00000
      53        16.8118        0.00000
      54        16.9879        0.00000
      55        17.1175        0.00000
      56        17.1744        0.00000
      57        17.2476        0.00000
      58        17.3260        0.00000

 8/16 kpoint (Cartesian) = 0.096850 0.097292 0.048603 (492 pws)
       1       -49.0505       0.125000
       2       -49.0505       0.125000
       3       -49.0479       0.125000
       4       -49.0479       0.125000
       5       -18.7711       0.125000
       6       -18.7711       0.125000
       7       -18.7514       0.125000
       8       -18.7514       0.125000
       9       -18.5502       0.125000
      10       -18.5501       0.125000
      11       -18.5220       0.125000
      12       -18.5220       0.125000
      13       -18.4803       0.125000
      14       -18.4803       0.125000
      15       -18.4577       0.125000
      16       -18.4577       0.125000
      17       -5.83436       0.125000
      18       -5.83423       0.125000
      19       -5.65831       0.125000
      20       -5.65822       0.125000
      21       -4.88366       0.125000
      22       -4.88355       0.125000
      23       -4.80009       0.125000
      24       -4.80002       0.125000
      25        6.69051       0.125000
      26        6.69059       0.125000
      27        6.94098       0.125000
      28        6.94101       0.125000
      29        7.12833       0.125000
      30        7.12837       0.125000
      31        7.30463       0.125000
      32        7.30465       0.125000
      33        8.28710       0.125000
      34        8.28714       0.125000
      35        8.42267       0.125000
      36        8.42268       0.125000
      37        8.95491       0.125000
      38        8.95494       0.125000
      39        9.19073       0.125000
      40        9.19081       0.125000
      41        9.50380       0.125000
      42        9.50389       0.125000
      43        9.83283       0.125000
      44        9.83284       0.125000
      45        10.2347       0.125000
      46        10.2349       0.125000
      47        10.3697       0.125000
      48        10.3697       0.125000
      49        15.5978        0.00000
      50        15.5979        0.00000
      51        15.9855        0.00000
      52        15.9855        0.00000
      53        16.5812        0.00000
      54        16.5812        0.00000
      55        16.9114        0.00000
      56        16.9114        0.00000
      57        17.7578        0.00000
      58        17.7578        0.00000

 9/16 kpoint (Cartesian) = 3.6411e-08 4.5225e-08 0.097207 (488 pws)
       1       -49.0533       0.125000
       2       -49.0531       0.125000
       3       -49.0454       0.125000
       4       -49.0452       0.125000
       5       -18.6941       0.125000
       6       -18.6940       0.125000
       7       -18.6837       0.125000
       8       -18.6835       0.125000
       9       -18.6314       0.125000
      10       -18.6313       0.125000
      11       -18.5605       0.125000
      12       -18.5604       0.125000
      13       -18.4884       0.125000
      14       -18.4882       0.125000
      15       -18.4770       0.125000
      16       -18.4769       0.125000
      17       -6.01642       0.125000
      18       -6.01636       0.125000
      19       -5.26376       0.125000
      20       -5.26369       0.125000
      21       -5.06929       0.125000
      22       -5.06924       0.125000
      23       -4.79423       0.125000
      24       -4.79416       0.125000
      25        6.34589       0.125000
      26        6.34600       0.125000
      27        6.75619       0.125000
      28        6.75625       0.125000
      29        6.93170       0.125000
      30        6.93173       0.125000
      31        7.33864       0.125000
      32        7.33869       0.125000
      33        7.72233       0.125000
      34        7.72241       0.125000
      35        8.37257       0.125000
      36        8.37261       0.125000
      37        8.43839       0.125000
      38        8.43845       0.125000
      39        9.37199       0.125000
      40        9.37200       0.125000
      41        9.70861       0.125000
      42        9.70865       0.125000
      43        10.6127       0.125000
      44        10.6128       0.125000
      45        10.7493       0.125000
      46        10.7493       0.125000
      47        11.0277       0.125000
      48        11.0278       0.125000
      49        16.2483        0.00000
      50        16.2484        0.00000
      51        16.3265        0.00000
      52        16.3266        0.00000
      53        16.7124        0.00000
      54        16.7125        0.00000
      55        16.9160        0.00000
      56        16.9161        0.00000
      57        17.2838        0.00000
      58        17.2841        0.00000

 10/16 kpoint (Cartesian) = 0.096850 4.2744e-08 0.097207 (494 pws)
       1       -49.0493       0.125000
       2       -49.0493       0.125000
       3       -49.0491       0.125000
       4       -49.0491       0.125000
       5       -18.7019       0.125000
       6       -18.7019       0.125000
       7       -18.7019       0.125000
       8       -18.7019       0.125000
       9       -18.5904       0.125000
      10       -18.5903       0.125000
      11       -18.5902       0.125000
      12       -18.5902       0.125000
      13       -18.4765       0.125000
      14       -18.4765       0.125000
      15       -18.4765       0.125000
      16       -18.4765       0.125000
      17       -5.63596       0.125000
      18       -5.63592       0.125000
      19       -5.63586       0.125000
      20       -5.63580       0.125000
      21       -4.96085       0.125000
      22       -4.96082       0.125000
      23       -4.96078       0.125000
      24       -4.96076       0.125000
      25        6.82219       0.125000
      26        6.82221       0.125000
      27        6.82223       0.125000
      28        6.82226       0.125000
      29        7.34180       0.125000
      30        7.34184       0.125000
      31        7.34188       0.125000
      32        7.34193       0.125000
      33        8.12718       0.125000
      34        8.12723       0.125000
      35        8.12728       0.125000
      36        8.12734       0.125000
      37        8.80113       0.125000
      38        8.80115       0.125000
      39        8.80124       0.125000
      40        8.80125       0.125000
      41        9.75063       0.125000
      42        9.75065       0.125000
      43        9.75071       0.125000
      44        9.75073       0.125000
      45        10.5540       0.125000
      46        10.5540       0.125000
      47        10.5540       0.125000
      48        10.5540       0.125000
      49        16.0201        0.00000
      50        16.0202        0.00000
      51        16.0203        0.00000
      52        16.0204        0.00000
      53        17.0628        0.00000
      54        17.0628        0.00000
      55        17.0630        0.00000
      56        17.0630        0.00000
      57        17.5108        0.00000
      58        17.5108        0.00000

 11/16 kpoint (Cartesian) = 3.3652e-08 0.097292 0.097207 (492 pws)
       1       -49.0501       0.125000
       2       -49.0499       0.125000
       3       -49.0485       0.125000
       4       -49.0484       0.125000
       5       -18.7133       0.125000
       6       -18.7133       0.125000
       7       -18.6888       0.125000
       8       -18.6888       0.125000
       9       -18.6091       0.125000
      10       -18.6089       0.125000
      11       -18.5746       0.125000
      12       -18.5745       0.125000
      13       -18.4825       0.125000
      14       -18.4825       0.125000
      15       -18.4694       0.125000
      16       -18.4694       0.125000
      17       -5.74771       0.125000
      18       -5.74763       0.125000
      19       -5.46916       0.125000
      20       -5.46909       0.125000
      21       -5.10559       0.125000
      22       -5.10551       0.125000
      23       -4.87035       0.125000
      24       -4.87025       0.125000
      25        6.64546       0.125000
      26        6.64554       0.125000
      27        6.90423       0.125000
      28        6.90428       0.125000
      29        7.30692       0.125000
      30        7.30701       0.125000
      31        7.37108       0.125000
      32        7.37113       0.125000
      33        8.11715       0.125000
      34        8.11726       0.125000
      35        8.22211       0.125000
      36        8.22217       0.125000
      37        8.69592       0.125000
      38        8.69597       0.125000
      39        9.03791       0.125000
      40        9.03797       0.125000
      41        9.67091       0.125000
      42        9.67093       0.125000
      43        9.83408       0.125000
      44        9.83418       0.125000
      45        10.3367       0.125000
      46        10.3368       0.125000
      47        10.7157       0.125000
      48        10.7158       0.125000
      49        15.6846        0.00000
      50        15.6846        0.00000
      51        16.2018        0.00000
      52        16.2018        0.00000
      53        17.0098        0.00000
      54        17.0099        0.00000
      55        17.1604        0.00000
      56        17.1606        0.00000
      57        17.2733        0.00000
      58        17.2734        0.00000

 12/16 kpoint (Cartesian) = 0.096850 0.097292 0.097207 (490 pws)
       1       -49.0493       0.125000
       2       -49.0492       0.125000
       3       -49.0491       0.125000
       4       -49.0490       0.125000
       5       -18.7990       0.125000
       6       -18.7990       0.125000
       7       -18.7990       0.125000
       8       -18.7989       0.125000
       9       -18.5120       0.125000
      10       -18.5120       0.125000
      11       -18.5119       0.125000
      12       -18.5119       0.125000
      13       -18.4531       0.125000
      14       -18.4531       0.125000
      15       -18.4530       0.125000
      16       -18.4530       0.125000
      17       -5.83832       0.125000
      18       -5.83825       0.125000
      19       -5.83820       0.125000
      20       -5.83812       0.125000
      21       -4.74252       0.125000
      22       -4.74243       0.125000
      23       -4.74242       0.125000
      24       -4.74233       0.125000
      25        6.78576       0.125000
      26        6.78578       0.125000
      27        6.78580       0.125000
      28        6.78581       0.125000
      29        7.22968       0.125000
      30        7.22972       0.125000
      31        7.22975       0.125000
      32        7.22978       0.125000
      33        8.57022       0.125000
      34        8.57026       0.125000
      35        8.57029       0.125000
      36        8.57034       0.125000
      37        9.16405       0.125000
      38        9.16407       0.125000
      39        9.16412       0.125000
      40        9.16416       0.125000
      41        9.56214       0.125000
      42        9.56216       0.125000
      43        9.56222       0.125000
      44        9.56224       0.125000
      45        10.1359       0.125000
      46        10.1359       0.125000
      47        10.1359       0.125000
      48        10.1359       0.125000
      49        15.5246        0.00000
      50        15.5246        0.00000
      51        15.5247        0.00000
      52        15.5247        0.00000
      53        16.7375        0.00000
      54        16.7376        0.00000
      55        16.7377        0.00000
      56        16.7377        0.00000
      57        17.8046        0.00000
      58        17.8046        0.00000

 13/16 kpoint (Cartesian) = 5.4616e-08 6.7837e-08 0.14581 (492 pws)
       1       -49.0590       0.125000
       2       -49.0474       0.125000
       3       -49.0454       0.125000
       4       -49.0451       0.125000
       5       -18.7719       0.125000
       6       -18.7682       0.125000
       7       -18.7607       0.125000
       8       -18.6408       0.125000
       9       -18.5892       0.125000
      10       -18.5575       0.125000
      11       -18.5480       0.125000
      12       -18.5407       0.125000
      13       -18.4991       0.125000
      14       -18.4802       0.125000
      15       -18.4503       0.125000
      16       -18.4485       0.125000
      17       -6.62017       0.125000
      18       -5.49623       0.125000
      19       -5.39608       0.125000
      20       -5.38020       0.125000
      21       -5.08018       0.125000
      22       -4.90952       0.125000
      23       -4.89393       0.125000
      24       -4.40188       0.125000
      25        5.77402       0.125000
      26        5.87469       0.125000
      27        6.14475       0.125000
      28        6.53930       0.125000
      29        6.57124       0.125000
      30        6.94607       0.125000
      31        7.56006       0.125000
      32        7.59594       0.125000
      33        7.79823       0.125000
      34        8.05800       0.125000
      35        8.20698       0.125000
      36        8.59418       0.125000
      37        8.72784       0.125000
      38        9.14255       0.125000
      39        9.67324       0.125000
      40        9.69311       0.125000
      41        9.79256       0.125000
      42        10.0350       0.125000
      43        10.2442       0.125000
      44        10.6380       0.125000
      45        10.7439       0.125000
      46        10.9343       0.125000
      47        10.9581       0.125000
      48        11.2731       0.125000
      49        16.0905        0.00000
      50        16.1821        0.00000
      51        16.2552        0.00000
      52        16.3845        0.00000
      53        16.4164        0.00000
      54        16.7410        0.00000
      55        16.7923        0.00000
      56        16.8558        0.00000
      57        16.9864        0.00000
      58        17.3031        0.00000

 14/16 kpoint (Cartesian) = 0.096850 6.5356e-08 0.14581 (490 pws)
       1       -49.0523       0.125000
       2       -49.0523       0.125000
       3       -49.0462       0.125000
       4       -49.0461       0.125000
       5       -18.7034       0.125000
       6       -18.7034       0.125000
       7       -18.6780       0.125000
       8       -18.6780       0.125000
       9       -18.6384       0.125000
      10       -18.6384       0.125000
      11       -18.5364       0.125000
      12       -18.5364       0.125000
      13       -18.5173       0.125000
      14       -18.5173       0.125000
      15       -18.4625       0.125000
      16       -18.4625       0.125000
      17       -5.90902       0.125000
      18       -5.90893       0.125000
      19       -5.34939       0.125000
      20       -5.34930       0.125000
      21       -5.06255       0.125000
      22       -5.06253       0.125000
      23       -4.84824       0.125000
      24       -4.84823       0.125000
      25        6.58588       0.125000
      26        6.58593       0.125000
      27        6.85249       0.125000
      28        6.85262       0.125000
      29        7.06743       0.125000
      30        7.06745       0.125000
      31        7.26550       0.125000
      32        7.26557       0.125000
      33        7.76600       0.125000
      34        7.76606       0.125000
      35        8.24663       0.125000
      36        8.24667       0.125000
      37        8.83594       0.125000
      38        8.83598       0.125000
      39        9.09311       0.125000
      40        9.09315       0.125000
      41        9.76528       0.125000
      42        9.76529       0.125000
      43        10.2390       0.125000
      44        10.2391       0.125000
      45        10.5296       0.125000
      46        10.5296       0.125000
      47        10.8215       0.125000
      48        10.8215       0.125000
      49        16.0891        0.00000
      50        16.0891        0.00000
      51        16.2577        0.00000
      52        16.2577        0.00000
      53        16.9035        0.00000
      54        16.9036        0.00000
      55        17.0236        0.00000
      56        17.0237        0.00000
      57        17.3037        0.00000
      58        17.3039        0.00000

 15/16 kpoint (Cartesian) = 5.1858e-08 0.097292 0.14581 (493 pws)
       1       -49.0536       0.125000
       2       -49.0508       0.125000
       3       -49.0465       0.125000
       4       -49.0461       0.125000
       5       -18.7222       0.125000
       6       -18.6839       0.125000
       7       -18.6749       0.125000
       8       -18.6747       0.125000
       9       -18.6503       0.125000
      10       -18.6305       0.125000
      11       -18.5592       0.125000
      12       -18.5479       0.125000
      13       -18.4866       0.125000
      14       -18.4860       0.125000
      15       -18.4786       0.125000
      16       -18.4778       0.125000
      17       -6.05252       0.125000
      18       -5.69944       0.125000
      19       -5.42589       0.125000
      20       -5.25511       0.125000
      21       -5.21286       0.125000
      22       -4.95847       0.125000
      23       -4.94400       0.125000
      24       -4.78870       0.125000
      25        6.45290       0.125000
      26        6.52173       0.125000
      27        6.73575       0.125000
      28        6.89542       0.125000
      29        6.99862       0.125000
      30        7.03408       0.125000
      31        7.49044       0.125000
      32        7.55868       0.125000
      33        7.56011       0.125000
      34        7.95106       0.125000
      35        8.22473       0.125000
      36        8.42086       0.125000
      37        8.54737       0.125000
      38        8.68571       0.125000
      39        9.22909       0.125000
      40        9.42340       0.125000
      41        9.55348       0.125000
      42        9.59604       0.125000
      43        10.2394       0.125000
      44        10.2787       0.125000
      45        10.4639       0.125000
      46        10.6006       0.125000
      47        10.8338       0.125000
      48        10.9643       0.125000
      49        15.8515        0.00000
      50        15.9239        0.00000
      51        16.1395        0.00000
      52        16.4376        0.00000
      53        16.8118        0.00000
      54        16.9879        0.00000
      55        17.1175        0.00000
      56        17.1744        0.00000
      57        17.2476        0.00000
      58        17.3260        0.00000

 16/16 kpoint (Cartesian) = 0.096850 0.097292 0.14581 (492 pws)
       1       -49.0505       0.125000
       2       -49.0505       0.125000
       3       -49.0479       0.125000
       4       -49.0479       0.125000
       5       -18.7711       0.125000
       6       -18.7711       0.125000
       7       -18.7514       0.125000
       8       -18.7514       0.125000
       9       -18.5502       0.125000
      10       -18.5501       0.125000
      11       -18.5220       0.125000
      12       -18.5220       0.125000
      13       -18.4803       0.125000
      14       -18.4803       0.125000
      15       -18.4577       0.125000
      16       -18.4577       0.125000
      17       -5.83436       0.125000
      18       -5.83423       0.125000
      19       -5.65831       0.125000
      20       -5.65822       0.125000
      21       -4.88366       0.125000
      22       -4.88355       0.125000
      23       -4.80009       0.125000
      24       -4.80002       0.125000
      25        6.69051       0.125000
      26        6.69059       0.125000
      27        6.94098       0.125000
      28        6.94101       0.125000
      29        7.12833       0.125000
      30        7.12837       0.125000
      31        7.30463       0.125000
      32        7.30465       0.125000
      33        8.28710       0.125000
      34        8.28714       0.125000
      35        8.42267       0.125000
      36        8.42268       0.125000
      37        8.95491       0.125000
      38        8.95494       0.125000
      39        9.19073       0.125000
      40        9.19081       0.125000
      41        9.50380       0.125000
      42        9.50389       0.125000
      43        9.83283       0.125000
      44        9.83284       0.125000
      45        10.2347       0.125000
      46        10.2349       0.125000
      47        10.3697       0.125000
      48        10.3697       0.125000
      49        15.5978        0.00000
      50        15.5979        0.00000
      51        15.9855        0.00000
      52        15.9855        0.00000
      53        16.5812        0.00000
      54        16.5812        0.00000
      55        16.9114        0.00000
      56        16.9114        0.00000
      57        17.7578        0.00000
      58        17.7578        0.00000


 Warning_Memory_Consuming allocated:  ORB::Jl(x) 921.868 MB




 >>>>>>>>>>>>>>>>>>>>>>>>>>>>>>>>>>>>>>>>>>>>>>>>>>>>>>>>>>>>>>>>>>>>>>
 |                                                                    |
 | POLARIZATION CALCULATION:                                          |
 |                  Modern Theory of Polarization                     |
 | calculate the Macroscopic polarization of a crystalline insulator  |
 | by using Berry Phase method.                                       |
 |                                                                    |
 <<<<<<<<<<<<<<<<<<<<<<<<<<<<<<<<<<<<<<<<<<<<<<<<<<<<<<<<<<<<<<<<<<<<<<




 VALUES OF POLARIZATION

  The Ionic Phase:    0.37440
 Electronic Phase:    0.01112

The calculated polarization direction is in R3 direction

 P =    3.7472971  (mod   19.4403105)  (  -0.0000008,  -0.0000018,   3.7472971) (e/Omega).bohr

 P =    0.0040690  (mod    0.0211090)  (  -0.0000000,  -0.0000000,   0.0040690) e/bohr^2

 P =    0.2326291  (mod    1.2068385)  (  -0.0000001,  -0.0000001,   0.2326291) C/m^2



 --------------------------------------------
 !FINAL_ETOT_IS -9782.1033352739796101 eV
 --------------------------------------------






 >>>>>>>>>>>>>>>>>>>>>>>>>>>>>>>>>>>>>>>>>>>>>>>>>>>>>>>>>>>>>>>>>>>>>>
 |                                                                    |
 | Post-processing of data:                                           |
 | DOS (density of states) and bands will be output here.             |
 | If atomic orbitals are used, Mulliken charge analysis can be done. |
 | Also the .bxsf file containing fermi surface information can be    |
 | done here.                                                         |
 |                                                                    |
 <<<<<<<<<<<<<<<<<<<<<<<<<<<<<<<<<<<<<<<<<<<<<<<<<<<<<<<<<<<<<<<<<<<<<<





 Output bands in file: OUT.ABACUS/BANDS_1.dat
TIME STATISTICS
----------------------------------------------------------------------------------
   CLASS_NAME                   NAME                TIME/s  CALLS   AVG/s  PER/%  
----------------------------------------------------------------------------------
                 total                              38.35  11       3.49   100.00 
 Driver          reading                            1.70   1        1.70   4.43   
 Input_Conv      Convert                            0.00   1        0.00   0.00   
 Driver          driver_line                        36.65  1        36.65  95.57  
 UnitCell        check_tau                          0.00   1        0.00   0.00   
 ESolver_KS_LCAO before_all_runners                 0.81   1        0.81   2.11   
 PW_Basis_Sup    setuptransform                     0.02   1        0.02   0.04   
 PW_Basis_Sup    distributeg                        0.01   1        0.01   0.01   
 mymath          heapsort                           0.00   3        0.00   0.00   
 Charge_Mixing   init_mixing                        0.00   1        0.00   0.00   
 PW_Basis_K      setuptransform                     0.00   1        0.00   0.01   
 PW_Basis_K      distributeg                        0.00   1        0.00   0.01   
 PW_Basis        setup_struc_factor                 0.01   1        0.01   0.02   
 NOrbital_Lm     extra_uniform                      0.29   323      0.00   0.75   
 Mathzone_Add1   SplineD2                           0.01   323      0.00   0.02   
 Mathzone_Add1   Cubic_Spline_Interpolation         0.14   323      0.00   0.37   
 ppcell_vl       init_vloc                          0.12   1        0.12   0.32   
 Ions            opt_ions                           35.79  1        35.79  93.32  
 ESolver_KS_LCAO runner                             35.71  1        35.71  93.12  
 ESolver_KS_LCAO before_scf                         0.80   1        0.80   2.10   
 atom_arrange    search                             0.00   1        0.00   0.00   
 atom_arrange    grid_d.init                        0.00   1        0.00   0.00   
 Grid            Construct_Adjacent_expand          0.00   1        0.00   0.00   
 Grid            Construct_Adjacent_expand_periodic 0.00   12       0.00   0.00   
 Grid_Technique  init                               0.23   1        0.23   0.60   
 Grid_BigCell    grid_expansion_index               0.05   2        0.03   0.13   
 Grid_Driver     Find_atom                          0.00   96       0.00   0.00   
 Record_adj      for_2d                             0.05   1        0.05   0.12   
 LCAO_domain     grid_prepare                       0.00   1        0.00   0.00   
 Veff            initialize_HR                      0.00   1        0.00   0.01   
 OverlapNew      initialize_SR                      0.00   1        0.00   0.01   
 EkineticNew     initialize_HR                      0.01   1        0.01   0.01   
 NonlocalNew     initialize_HR                      0.03   1        0.03   0.07   
 Charge          set_rho_core                       0.14   1        0.14   0.38   
 PW_Basis_Sup    recip2real                         0.15   13       0.01   0.39   
 PW_Basis_Sup    gathers_scatterp                   0.15   13       0.01   0.38   
 ModuleIO        read_rhog                          0.00   1        0.00   0.00   
 Potential       init_pot                           0.19   1        0.19   0.50   
 Potential       update_from_charge                 0.36   2        0.18   0.93   
 Potential       cal_fixed_v                        0.01   1        0.01   0.04   
 PotLocal        cal_fixed_v                        0.01   1        0.01   0.04   
 Potential       cal_v_eff                          0.34   2        0.17   0.90   
 H_Hartree_pw    v_hartree                          0.07   2        0.04   0.19   
 PW_Basis_Sup    real2recip                         0.15   13       0.01   0.40   
 PW_Basis_Sup    gatherp_scatters                   0.15   13       0.01   0.39   
 PotXC           cal_v_eff                          0.27   2        0.14   0.70   
 XC_Functional   v_xc                               0.27   2        0.13   0.70   
 Potential       interpolate_vrs                    0.00   2        0.00   0.00   
 H_Ewald_pw      compute_ewald                      0.01   1        0.01   0.02   
 HSolverLCAO     solve                              5.04   1        5.04   13.15  
 HamiltLCAO      updateHk                           3.92   16       0.24   10.22  
 OperatorLCAO    init                               3.79   48       0.08   9.88   
 Veff            contributeHR                       3.28   1        3.28   8.56   
 Gint_interface  cal_gint                           2.66   1        2.66   6.93   
 Gint_interface  cal_gint_vlocal                    2.66   1        2.66   6.93   
 Gint_Tools      cal_psir_ylm                       0.08   1024     0.00   0.22   
 Gint_k          transfer_pvpR                      0.63   1        0.63   1.63   
 OverlapNew      calculate_SR                       0.12   1        0.12   0.32   
 OverlapNew      contributeHk                       0.00   16       0.00   0.01   
 EkineticNew     contributeHR                       0.13   1        0.13   0.33   
 EkineticNew     calculate_HR                       0.13   1        0.13   0.33   
 NonlocalNew     contributeHR                       0.37   1        0.37   0.97   
 NonlocalNew     calculate_HR                       0.37   1        0.37   0.97   
 OperatorLCAO    contributeHk                       0.01   16       0.00   0.02   
 HSolverLCAO     hamiltSolvePsiK                    1.08   16       0.07   2.82   
 DiagoElpa       elpa_solve                         0.88   16       0.05   2.29   
 elecstate       cal_dm                             0.04   1        0.04   0.09   
 psiMulPsiMpi    pdgemm                             0.04   16       0.00   0.09   
 DensityMatrix   cal_DMR                            0.01   1        0.01   0.02   
 Charge_Mixing   get_drho                           0.01   1        0.01   0.01   
 ModuleIO        write_rhog                         0.29   1        0.29   0.75   
 ESolver_KS_LCAO after_scf                          29.34  1        29.34  76.52  
 Charge          atomic_rho                         0.15   1        0.15   0.40   
 ORB_gaunt_table init_Gaunt_CH                      0.00   1        0.00   0.01   
 ORB_gaunt_table Calc_Gaunt_CH                      0.00   1631     0.00   0.00   
 ORB_gaunt_table init_Gaunt                         0.02   1        0.02   0.04   
 ORB_gaunt_table Get_Gaunt_SH                       0.01   25313    0.00   0.02   
 Center2_Orb     cal_ST_Phi12_R                     12.09  769      0.02   31.54  
 ESolver_KS_LCAO after_all_runners                  0.01   1        0.01   0.03   
 ModuleIO        nscf_band                          0.01   1        0.01   0.03   
----------------------------------------------------------------------------------


 NAME-------------------------|MEMORY(MB)--------
                         total     31502.2860
                    ORB::Jl(x)     29499.7681
                  Gint::hRGint       402.9480
                 Gint::DMRGint       402.6355
       TwoCenterTable: Kinetic       137.3855
       TwoCenterTable: Overlap       137.3855
      TwoCenterTable: Nonlocal       136.0217
                  meshball_pos       124.6458
               GT::ind_bigcell       118.4447
         GT::in_this_processor       118.4447
              GT::index2normal       118.4447
               GT::index2ucell       118.4447
      GT::bigcell_on_processor        29.6112
                HamiltLCAO::hR        26.5196
            DensityMatrix::DMR        26.2071
                    index_ball        20.7743
                HamiltLCAO::sR        17.4276
            DensityMatrix::DMK        10.9727
                GT::which_atom         7.0577
             GT::which_bigcell         7.0577
            GT::which_unitcell         7.0577
                  PW_B_K::gcar         5.7986
                  SF::strucFac         3.7921
                RealGauntTable         3.7773
                  SF::eigts123         2.2515
                 ORB::Gaunt_CH         2.0508
                      Chg::rho         2.0000
                 Chg::rho_save         2.0000
                 Chg::rho_core         2.0000
                 Pot::veff_fix         2.0000
                     Pot::veff         2.0000
              Pot::veff_smooth         2.0000
                   PW_B_K::gk2         1.9329
 -------------   < 1.0 MB has been ignored ----------------
 ----------------------------------------------------------

 Start  Time  : Fri Oct  9 19:34:24 2026
 Finish Time  : Fri Oct  9 19:35:02 2026
 Total  Time  : 0 h 0 mins 38 secs 
