                                                                                     
                              ABACUS v3.10.0

               Atomic-orbital Based Ab-initio Computation at UStc                    

                     Website: http://abacus.ustc.edu.cn/                             
               Documentation: https://abacus.deepmodeling.com/                       
                  Repository: https://github.com/abacusmodeling/abacus-develop       
                              https://github.com/deepmodeling/abacus-develop         
                      Commit: f7cb1d3 (Mon May 12 16:53:30 2025 +0800)

    Start Time is Fri Oct  9 19:12:42 2026
                                                                                     
 ------------------------------------------------------------------------------------

 READING GENERAL INFORMATION
                           global_out_dir = OUT.ABACUS/
                           global_in_card = INPUT
                               pseudo_dir = 
                              orbital_dir = 
                                    DRANK = 1
                                    DSIZE = 32
                                   DCOLOR = 1
                                    GRANK = 1
                                    GSIZE = 1




 >>>>>>>>>>>>>>>>>>>>>>>>>>>>>>>>>>>>>>>>>>>>>>>>>>>>>>>>>>>>>>>>>>>>>>
 |                                                                    |
 | Reading atom information in unitcell:                              |
 | From the input file and the structure file we know the number of   |
 | different elments in this unitcell, then we list the detail        |
 | information for each element, especially the zeta and polar atomic |
 | orbital number for each element. The total atom number is counted. |
 | We calculate the nearest atom distance for each atom and show the  |
 | Cartesian and Direct coordinates for each atom. We list the file   |
 | address for atomic orbitals. The volume and the lattice vectors    |
 | in real and reciprocal space is also shown.                        |
 |                                                                    |
 <<<<<<<<<<<<<<<<<<<<<<<<<<<<<<<<<<<<<<<<<<<<<<<<<<<<<<<<<<<<<<<<<<<<<<




 READING UNITCELL INFORMATION
                                    ntype = 2
                  lattice constant (Bohr) = 1.88973
              lattice constant (Angstrom) = 1

 READING ATOM TYPE 1
                               atom label = Hf
                      L=0, number of zeta = 4
                      L=1, number of zeta = 2
                      L=2, number of zeta = 2
                      L=3, number of zeta = 1
             number of atom for this type = 4

 READING ATOM TYPE 2
                               atom label = O
                      L=0, number of zeta = 2
                      L=1, number of zeta = 2
                      L=2, number of zeta = 1
             number of atom for this type = 8

                        TOTAL ATOM NUMBER = 12
DIRECT COORDINATES
    atom                   x                   y                   z     mag                  vx                  vy                  vz
taud_Hf1            0.0651410701        0.9999933123        0.0000011820  0.0000        0.0000000000        0.0000000000        0.0000000000
taud_Hf2            0.9348595162        0.4999942018        0.4999988558  0.0000        0.0000000000        0.0000000000        0.0000000000
taud_Hf3            0.4348596066        0.9999989982        0.4999984292  0.0000        0.0000000000        0.0000000000        0.0000000000
taud_Hf4            0.5651411768        0.4999985875        0.0000017886  0.0000        0.0000000000        0.0000000000        0.0000000000
taud_O1            0.3519087001        0.2258670811        0.1763074273  0.0000        0.0000000000        0.0000000000        0.0000000000
taud_O2            0.1480863780        0.2258615328        0.6763068820  0.0000        0.0000000000        0.0000000000        0.0000000000
taud_O3            0.1480919366        0.7741245022        0.3236920071  0.0000        0.0000000000        0.0000000000        0.0000000000
taud_O4            0.3519144247        0.7741301668        0.8236930498  0.0000        0.0000000000        0.0000000000        0.0000000000
taud_O5            0.8519088896        0.2741255010        0.1763074301  0.0000        0.0000000000        0.0000000000        0.0000000000
taud_O6            0.6480850641        0.2741305935        0.6763067030  0.0000        0.0000000000        0.0000000000        0.0000000000
taud_O7            0.6480928480        0.7258674812        0.3236921381  0.0000        0.0000000000        0.0000000000        0.0000000000
taud_O8            0.8519143044        0.7258627314        0.8236922917  0.0000        0.0000000000        0.0000000000        0.0000000000



                          Volume (Bohr^3) = 993.373
                             Volume (A^3) = 147.202

 Lattice vectors: (Cartesian coordinate: in unit of a_0)
             +5.69522        +5.15858e-06        +2.63401e-05
          +5.8901e-06            +4.96398        +1.47499e-07
         +2.65937e-05        +1.39817e-07            +5.20686
 Reciprocal vectors: (Cartesian coordinate: in unit of 2 pi/a_0)
            +0.175586        -2.08345e-07        -8.96796e-07
         -1.82469e-07           +0.201451        -5.40855e-09
         -8.88241e-07        -5.70563e-09           +0.192054
 The esolver type has been set to : ksdft_lcao

 RUNNING WITH DEVICE  : CPU / AMD EPYC 7702 64-Core Processor




 >>>>>>>>>>>>>>>>>>>>>>>>>>>>>>>>>>>>>>>>>>>>>>>>>>>>>>>>>>>>>>>>>>>>>>
 |                                                                    |
 | Reading pseudopotentials files:                                    |
 | The pseudopotential file is in UPF format. The 'NC' indicates that |
 | the type of pseudopotential is 'norm conserving'. Functional of    |
 | exchange and correlation is decided by 4 given parameters in UPF   |
 | file.  We also read in the 'core correction' if there exists.      |
 | Also we can read the valence electrons number and the maximal      |
 | angular momentum used in this pseudopotential. We also read in the |
 | trail wave function, trail atomic density and local-pseudopotential|
 | on logrithmic grid. The non-local pseudopotential projector is also|
 | read in if there is any.                                           |
 |                                                                    |
 <<<<<<<<<<<<<<<<<<<<<<<<<<<<<<<<<<<<<<<<<<<<<<<<<<<<<<<<<<<<<<<<<<<<<<




                PAO radial cut off (Bohr) = 15

 Read in pseudopotential file is Hf.upf
                     pseudopotential type = NC
          exchange-correlation functional = PBE
                 nonlocal core correction = 1
                        valence electrons = 12
                                     lmax = 3
                           number of zeta = 4
                     number of projectors = 8
                           L of projector = 0
                           L of projector = 0
                           L of projector = 1
                           L of projector = 1
                           L of projector = 2
                           L of projector = 2
                           L of projector = 3
                           L of projector = 3
                PAO radial cut off (Bohr) = 15

 Read in pseudopotential file is O.upf
                     pseudopotential type = NC
          exchange-correlation functional = PBE
                 nonlocal core correction = 1
                        valence electrons = 6
                                     lmax = 2
                           number of zeta = 2
                     number of projectors = 5
                           L of projector = 0
                           L of projector = 0
                           L of projector = 1
                           L of projector = 1
                           L of projector = 2
     initial pseudo atomic orbital number = 72

 SETUP THE ELECTRONS NUMBER
            electron number of element Hf = 12
      total electron number of element Hf = 48
             electron number of element O = 6
       total electron number of element O = 48
            AUTOSET number of electrons:  = 96
                           occupied bands = 48
                                   NLOCAL = 212
                                   NBANDS = 58
                                   NBANDS = 58
                                   NLOCAL = 212

%%%%%%%%%%%%%%%%%%%%%%%%%%%%%%%%%%%%%%%%%%%%%%%%%%%%%%%%%%%%%%%%%%%%%%%%%%%%%%%%%%%%%%%%%%%%%%%%%%%%%%%%%%
 Warning: the number of valence electrons in pseudopotential > 4 for Hf: [Xe] 4f14 5d2 6s2
 Pseudopotentials with additional electrons can yield (more) accurate outcomes, but may be less efficient.
 If you're confident that your chosen pseudopotential is appropriate, you can safely ignore this warning.
%%%%%%%%%%%%%%%%%%%%%%%%%%%%%%%%%%%%%%%%%%%%%%%%%%%%%%%%%%%%%%%%%%%%%%%%%%%%%%%%%%%%%%%%%%%%%%%%%%%%%%%%%%
                  




 >>>>>>>>>>>>>>>>>>>>>>>>>>>>>>>>>>>>>>>>>>>>>>>>>>>>>>>>>>>>>>>>>>>>>>
 |                                                                    |
 | Setup plane waves of charge/potential:                             |
 | Use the energy cutoff and the lattice vectors to generate the      |
 | dimensions of FFT grid. The number of FFT grid on each processor   |
 | is 'nrxx'. The number of plane wave basis in reciprocal space is   |
 | different for charege/potential and wave functions. We also set    |
 | the 'sticks' for the parallel of FFT. The number of plane waves    |
 | is 'npw' in each processor.                                        |
 <<<<<<<<<<<<<<<<<<<<<<<<<<<<<<<<<<<<<<<<<<<<<<<<<<<<<<<<<<<<<<<<<<<<<<





 SETUP THE PLANE WAVE BASIS
 energy cutoff for charge/potential (unit:Ry) = 400
            fft grid for charge/potential = [ 72, 60, 64 ]
                        fft grid division = [ 4, 5, 2 ]
        big fft grid for charge/potential = [ 18, 12, 32 ]
                                     nbxx = 216
                                     nrxx = 8640

 SETUP PLANE WAVES FOR CHARGE/POTENTIAL
                    number of plane waves = 134193
                         number of sticks = 3211

 PARALLEL PW FOR CHARGE/POTENTIAL
     PROC   COLUMNS(POT)             PW
        1            100           4194
        2            100           4194
        3            100           4194
        4            100           4194
        5            100           4194
        6            100           4194
        7            100           4194
        8            100           4194
        9            100           4194
       10            101           4197
       11            101           4197
       12            101           4195
       13            101           4195
       14            101           4195
       15            101           4195
       16            101           4193
       17            101           4193
       18            101           4197
       19            101           4193
       20            101           4193
       21            100           4192
       22            100           4192
       23            100           4192
       24            100           4192
       25            100           4192
       26            100           4192
       27            100           4192
       28            100           4192
       29            100           4192
       30            100           4192
       31            100           4192
       32            100           4192
 --------------- sum -------------------
       32           3211         134193
                            number of |g| = 4193
                                  max |g| = 36.1682
                                  min |g| = 0.0405827
 DONE : SETUP UNITCELL Time : 0.792618 (SEC)


----------- Double Check Mixing Parameters Begin ------------
mixing_type: broyden
mixing_beta: 0.3
mixing_gg0: 1
mixing_gg0_min: 0.1
mixing_ndim: 8
----------- Double Check Mixing Parameters End ------------




 >>>>>>>>>>>>>>>>>>>>>>>>>>>>>>>>>>>>>>>>>>>>>>>>>>>>>>>>>>>>>>>>>>>>>>
 |                                                                    |
 | Setup K-points                                                     |
 | We setup the k-points according to input parameters.               |
 | The reduced k-points are set according to symmetry operations.     |
 | We treat the spin as another set of k-points.                      |
 |                                                                    |
 <<<<<<<<<<<<<<<<<<<<<<<<<<<<<<<<<<<<<<<<<<<<<<<<<<<<<<<<<<<<<<<<<<<<<<





 SETUP K-POINTS
                                    nspin = 1
                   Input type of k points = Monkhorst-Pack(Gamma)
                                   nkstot = 16
K-POINTS DIRECT COORDINATES
 KPOINTS    DIRECT_X    DIRECT_Y    DIRECT_Z  WEIGHT
       1  0.00000000  0.00000000  0.00000000  0.0625
       2  0.50000000  0.00000000  0.00000000  0.0625
       3  0.00000000  0.50000000  0.00000000  0.0625
       4  0.50000000  0.50000000  0.00000000  0.0625
       5  0.00000000  0.00000000  0.25000000  0.0625
       6  0.50000000  0.00000000  0.25000000  0.0625
       7  0.00000000  0.50000000  0.25000000  0.0625
       8  0.50000000  0.50000000  0.25000000  0.0625
       9  0.00000000  0.00000000  0.50000000  0.0625
      10  0.50000000  0.00000000  0.50000000  0.0625
      11  0.00000000  0.50000000  0.50000000  0.0625
      12  0.50000000  0.50000000  0.50000000  0.0625
      13  0.00000000  0.00000000  0.75000000  0.0625
      14  0.50000000  0.00000000  0.75000000  0.0625
      15  0.00000000  0.50000000  0.75000000  0.0625
      16  0.50000000  0.50000000  0.75000000  0.0625


           k-point number in this process = 16
       minimum distributed K point number = 16

K-POINTS CARTESIAN COORDINATES
 KPOINTS CARTESIAN_X CARTESIAN_Y CARTESIAN_Z  WEIGHT
       1  0.00000000  0.00000000  0.00000000  0.1250
       2  0.08779299 -0.00000010 -0.00000045  0.1250
       3 -0.00000009  0.10072570 -0.00000000  0.1250
       4  0.08779290  0.10072559 -0.00000045  0.1250
       5 -0.00000022 -0.00000000  0.04801360  0.1250
       6  0.08779277 -0.00000011  0.04801315  0.1250
       7 -0.00000031  0.10072569  0.04801360  0.1250
       8  0.08779268  0.10072559  0.04801315  0.1250
       9 -0.00000044 -0.00000000  0.09602720  0.1250
      10  0.08779254 -0.00000011  0.09602675  0.1250
      11 -0.00000054  0.10072569  0.09602720  0.1250
      12  0.08779245  0.10072559  0.09602675  0.1250
      13 -0.00000067 -0.00000000  0.14404080  0.1250
      14  0.08779232 -0.00000011  0.14404035  0.1250
      15 -0.00000076  0.10072569  0.14404080  0.1250
      16  0.08779223  0.10072559  0.14404035  0.1250


K-POINTS DIRECT COORDINATES
 KPOINTS    DIRECT_X    DIRECT_Y    DIRECT_Z  WEIGHT
       1  0.00000000  0.00000000  0.00000000  0.1250
       2  0.50000000  0.00000000  0.00000000  0.1250
       3  0.00000000  0.50000000  0.00000000  0.1250
       4  0.50000000  0.50000000  0.00000000  0.1250
       5  0.00000000  0.00000000  0.25000000  0.1250
       6  0.50000000  0.00000000  0.25000000  0.1250
       7  0.00000000  0.50000000  0.25000000  0.1250
       8  0.50000000  0.50000000  0.25000000  0.1250
       9  0.00000000  0.00000000  0.50000000  0.1250
      10  0.50000000  0.00000000  0.50000000  0.1250
      11  0.00000000  0.50000000  0.50000000  0.1250
      12  0.50000000  0.50000000  0.50000000  0.1250
      13  0.00000000  0.00000000  0.75000000  0.1250
      14  0.50000000  0.00000000  0.75000000  0.1250
      15  0.00000000  0.50000000  0.75000000  0.1250
      16  0.50000000  0.50000000  0.75000000  0.1250

 DONE : INIT K-POINTS Time : 0.848142 (SEC)





 >>>>>>>>>>>>>>>>>>>>>>>>>>>>>>>>>>>>>>>>>>>>>>>>>>>>>>>>>>>>>>>>>>>>>>
 |                                                                    |
 | Setup plane waves of wave functions:                               |
 | Use the energy cutoff and the lattice vectors to generate the      |
 | dimensions of FFT grid. The number of FFT grid on each processor   |
 | is 'nrxx'. The number of plane wave basis in reciprocal space is   |
 | different for charege/potential and wave functions. We also set    |
 | the 'sticks' for the parallel of FFT. The number of plane wave of  |
 | each k-point is 'npwk[ik]' in each processor                       |
 <<<<<<<<<<<<<<<<<<<<<<<<<<<<<<<<<<<<<<<<<<<<<<<<<<<<<<<<<<<<<<<<<<<<<<





 SETUP PLANE WAVES FOR WAVE FUNCTIONS
     energy cutoff for wavefunc (unit:Ry) = 100
              fft grid for wave functions = [ 72, 60, 64 ]
                    number of plane waves = 20255
                         number of sticks = 911

 PARALLEL PW FOR WAVE FUNCTIONS
     PROC   COLUMNS(POT)             PW
        1             29            635
        2             29            635
        3             29            635
        4             29            635
        5             29            635
        6             29            635
        7             29            635
        8             29            633
        9             29            633
       10             29            633
       11             29            633
       12             29            633
       13             28            634
       14             28            632
       15             28            632
       16             28            632
       17             28            632
       18             28            632
       19             28            632
       20             28            632
       21             28            632
       22             28            632
       23             28            632
       24             28            632
       25             28            632
       26             28            632
       27             28            632
       28             28            632
       29             28            632
       30             29            633
       31             29            633
       32             29            633
 --------------- sum -------------------
       32            911          20255
 DONE : INIT PLANEWAVE Time : 0.868308 (SEC)

 SET NONLOCAL PSEUDOPOTENTIAL PROJECTORS
 SET NONLOCAL PSEUDOPOTENTIAL PROJECTORS
 max number of nonlocal projetors among all species is 8
 DONE : LOCAL POTENTIAL Time : 1.46117 (SEC)


 -------------------------------------------
 NONSELF-CONSISTENT
 -------------------------------------------




 >>>>>>>>>>>>>>>>>>>>>>>>>>>>>>>>>>>>>>>>>>>>>>>>>>>>>>>>>>>>>>>>>>>>>>
 |                                                                    |
 | Search adjacent atoms:                                             |
 | Set the adjacent atoms for each atom and set the periodic boundary |
 | condition for the atoms on real space FFT grid. For k-dependent    |
 | algorithm, we also need to set the sparse H and S matrix element   |
 | for each atom.                                                     |
 |                                                                    |
 <<<<<<<<<<<<<<<<<<<<<<<<<<<<<<<<<<<<<<<<<<<<<<<<<<<<<<<<<<<<<<<<<<<<<<





 SETUP SEARCHING RADIUS FOR PROGRAM TO SEARCH ADJACENT ATOMS
                  longest orb rcut (Bohr) = 10
   longest nonlocal projector rcut (Bohr) = 2.46
                     search radius (Bohr) = 24.9
              searching radius is (Bohr)) = 24.9
         searching radius unit is (Bohr)) = 1.89
                         PeriodicBoundary = 1
                        Radius(unit:lat0) = 13.2
                                   glayer = [ 4, 4, 4 ]
                             glayer_minus = [ 3, 3, 3 ]

Find the coordinate range of the input atom(unit:lat0).
                                  min_tau = [ -16.7, -13.8, -15.6 ]
                                  max_tau = [ 22.4, 19.9, 19.9 ]
                                BoxNumber = [ 7, 7, 7 ]

 SETUP EXTENDED REAL SPACE GRID FOR GRID INTEGRATION
                          real space grid = [ 72, 60, 64 ]
                 big cell numbers in grid = [ 18, 12, 32 ]
             meshcell numbers in big cell = [ 4, 5, 2 ]
                        extended fft grid = [ 17, 13, 33 ]
                dimension of extened grid = [ 53, 39, 99 ]
                            UnitCellTotal = 75
              Atom number in sub-FFT-grid = 12
    Local orbitals number in sub-FFT-grid = 212
                                ParaV.nnr = 70568

 Warning_Memory_Consuming allocated:  Gint::hRGint 11.8 MB

 Warning_Memory_Consuming allocated:  Gint::DMRGint 11.8 MB
                                 init_chg = file
 try to read charge from file
 Find the file OUT.ABACUS//SPIN1_CHG.cube , try to read it.
 Read in the charge density: OUT.ABACUS//SPIN1_CHG.cube
 DONE : INIT SCF Time : 2.03712 (SEC)


 LCAO ALGORITHM --------------- ION=   1  ELEC=   1--------------------------------
 Energy (eV) & Occupations  for spin=1 K-point=1
      1       -50.2595       0.125000
      2       -50.2474       0.125000
      3       -50.2422       0.125000
      4       -50.2397       0.125000
      5       -20.1010       0.125000
      6       -20.0219       0.125000
      7       -20.0032       0.125000
      8       -19.8830       0.125000
      9       -19.8457       0.125000
     10       -19.8288       0.125000
     11       -19.8178       0.125000
     12       -19.7819       0.125000
     13       -19.7398       0.125000
     14       -19.7149       0.125000
     15       -19.6942       0.125000
     16       -19.6712       0.125000
     17       -7.92984       0.125000
     18       -7.00920       0.125000
     19       -6.62218       0.125000
     20       -6.58117       0.125000
     21       -6.57217       0.125000
     22       -6.38413       0.125000
     23       -6.09488       0.125000
     24       -6.05279       0.125000
     25        4.56539       0.125000
     26        4.75446       0.125000
     27        5.21077       0.125000
     28        5.46385       0.125000
     29        5.48303       0.125000
     30        5.69437       0.125000
     31        6.11704       0.125000
     32        6.47280       0.125000
     33        6.72654       0.125000
     34        6.86831       0.125000
     35        7.29993       0.125000
     36        7.30998       0.125000
     37        7.36183       0.125000
     38        7.44423       0.125000
     39        7.64921       0.125000
     40        7.70880       0.125000
     41        7.92713       0.125000
     42        8.32522       0.125000
     43        8.83011       0.125000
     44        8.84493       0.125000
     45        9.07289       0.125000
     46        9.22068       0.125000
     47        9.30008       0.125000
     48        9.30981       0.125000
     49        14.5152        0.00000
     50        14.7457        0.00000
     51        14.8405        0.00000
     52        15.0058        0.00000
     53        15.0482        0.00000
     54        15.1437        0.00000
     55        15.2782        0.00000
     56        15.9188        0.00000
     57        16.0505        0.00000
     58        16.0916        0.00000
 Energy (eV) & Occupations  for spin=1 K-point=2
      1       -50.2544       0.125000
      2       -50.2543       0.125000
      3       -50.2401       0.125000
      4       -50.2400       0.125000
      5       -20.0135       0.125000
      6       -20.0135       0.125000
      7       -19.9153       0.125000
      8       -19.9152       0.125000
      9       -19.9140       0.125000
     10       -19.9140       0.125000
     11       -19.7885       0.125000
     12       -19.7885       0.125000
     13       -19.7147       0.125000
     14       -19.7147       0.125000
     15       -19.7111       0.125000
     16       -19.7111       0.125000
     17       -7.33032       0.125000
     18       -7.33024       0.125000
     19       -6.65906       0.125000
     20       -6.65898       0.125000
     21       -6.36154       0.125000
     22       -6.36149       0.125000
     23       -6.32375       0.125000
     24       -6.32371       0.125000
     25        5.41170       0.125000
     26        5.41174       0.125000
     27        5.60123       0.125000
     28        5.60125       0.125000
     29        5.61039       0.125000
     30        5.61045       0.125000
     31        6.09211       0.125000
     32        6.09216       0.125000
     33        6.50372       0.125000
     34        6.50378       0.125000
     35        7.08375       0.125000
     36        7.08380       0.125000
     37        7.36796       0.125000
     38        7.36800       0.125000
     39        7.85096       0.125000
     40        7.85103       0.125000
     41        8.22643       0.125000
     42        8.22651       0.125000
     43        8.35946       0.125000
     44        8.35952       0.125000
     45        8.47506       0.125000
     46        8.47511       0.125000
     47        9.22196       0.125000
     48        9.22202       0.125000
     49        14.8549        0.00000
     50        14.8549        0.00000
     51        15.0698        0.00000
     52        15.0698        0.00000
     53        15.3661        0.00000
     54        15.3661        0.00000
     55        15.7061        0.00000
     56        15.7062        0.00000
     57        16.0459        0.00000
     58        16.0459        0.00000
 Energy (eV) & Occupations  for spin=1 K-point=3
      1       -50.2535       0.125000
      2       -50.2535       0.125000
      3       -50.2410       0.125000
      4       -50.2410       0.125000
      5       -19.9860       0.125000
      6       -19.9859       0.125000
      7       -19.9349       0.125000
      8       -19.9349       0.125000
      9       -19.8531       0.125000
     10       -19.8531       0.125000
     11       -19.8127       0.125000
     12       -19.8127       0.125000
     13       -19.7392       0.125000
     14       -19.7392       0.125000
     15       -19.7390       0.125000
     16       -19.7390       0.125000
     17       -7.15766       0.125000
     18       -7.15763       0.125000
     19       -6.67780       0.125000
     20       -6.67777       0.125000
     21       -6.46385       0.125000
     22       -6.46381       0.125000
     23       -6.37406       0.125000
     24       -6.37403       0.125000
     25        5.15383       0.125000
     26        5.15384       0.125000
     27        5.64693       0.125000
     28        5.64695       0.125000
     29        5.73939       0.125000
     30        5.73940       0.125000
     31        5.94411       0.125000
     32        5.94414       0.125000
     33        6.25520       0.125000
     34        6.25523       0.125000
     35        7.26309       0.125000
     36        7.26310       0.125000
     37        7.65352       0.125000
     38        7.65354       0.125000
     39        7.87286       0.125000
     40        7.87289       0.125000
     41        8.03131       0.125000
     42        8.03133       0.125000
     43        8.25009       0.125000
     44        8.25011       0.125000
     45        9.18653       0.125000
     46        9.18655       0.125000
     47        9.20145       0.125000
     48        9.20148       0.125000
     49        15.2254        0.00000
     50        15.2254        0.00000
     51        15.2980        0.00000
     52        15.2980        0.00000
     53        15.5049        0.00000
     54        15.5049        0.00000
     55        15.7955        0.00000
     56        15.7955        0.00000
     57        16.0519        0.00000
     58        16.0519        0.00000
 Energy (eV) & Occupations  for spin=1 K-point=4
      1       -50.2533       0.125000
      2       -50.2533       0.125000
      3       -50.2411       0.125000
      4       -50.2410       0.125000
      5       -20.0138       0.125000
      6       -20.0137       0.125000
      7       -19.9358       0.125000
      8       -19.9358       0.125000
      9       -19.8941       0.125000
     10       -19.8941       0.125000
     11       -19.7580       0.125000
     12       -19.7580       0.125000
     13       -19.7528       0.125000
     14       -19.7528       0.125000
     15       -19.7074       0.125000
     16       -19.7074       0.125000
     17       -7.25001       0.125000
     18       -7.25000       0.125000
     19       -6.86968       0.125000
     20       -6.86967       0.125000
     21       -6.35077       0.125000
     22       -6.35075       0.125000
     23       -6.17927       0.125000
     24       -6.17925       0.125000
     25        4.94673       0.125000
     26        4.94674       0.125000
     27        5.42201       0.125000
     28        5.42202       0.125000
     29        5.93969       0.125000
     30        5.93970       0.125000
     31        6.58416       0.125000
     32        6.58416       0.125000
     33        6.76064       0.125000
     34        6.76065       0.125000
     35        6.83942       0.125000
     36        6.83944       0.125000
     37        7.36123       0.125000
     38        7.36124       0.125000
     39        7.40614       0.125000
     40        7.40616       0.125000
     41        8.24402       0.125000
     42        8.24404       0.125000
     43        8.54874       0.125000
     44        8.54876       0.125000
     45        8.81354       0.125000
     46        8.81355       0.125000
     47        9.07159       0.125000
     48        9.07161       0.125000
     49        15.0504        0.00000
     50        15.0504        0.00000
     51        15.1751        0.00000
     52        15.1751        0.00000
     53        15.4241        0.00000
     54        15.4241        0.00000
     55        15.9328        0.00000
     56        15.9328        0.00000
     57        16.1772        0.00000
     58        16.1772        0.00000
 Energy (eV) & Occupations  for spin=1 K-point=5
      1       -50.2567       0.125000
      2       -50.2466       0.125000
      3       -50.2430       0.125000
      4       -50.2426       0.125000
      5       -20.0495       0.125000
      6       -20.0468       0.125000
      7       -19.9772       0.125000
      8       -19.9667       0.125000
      9       -19.8280       0.125000
     10       -19.7843       0.125000
     11       -19.7798       0.125000
     12       -19.7781       0.125000
     13       -19.7590       0.125000
     14       -19.7223       0.125000
     15       -19.7124       0.125000
     16       -19.7077       0.125000
     17       -7.70407       0.125000
     18       -6.94051       0.125000
     19       -6.85099       0.125000
     20       -6.82068       0.125000
     21       -6.32019       0.125000
     22       -6.25927       0.125000
     23       -6.18662       0.125000
     24       -6.17121       0.125000
     25        4.73607       0.125000
     26        4.87448       0.125000
     27        5.22044       0.125000
     28        5.31690       0.125000
     29        5.57539       0.125000
     30        5.93606       0.125000
     31        6.03924       0.125000
     32        6.25840       0.125000
     33        6.55624       0.125000
     34        6.76479       0.125000
     35        7.05974       0.125000
     36        7.28007       0.125000
     37        7.39703       0.125000
     38        7.57965       0.125000
     39        7.95216       0.125000
     40        7.98509       0.125000
     41        8.07992       0.125000
     42        8.18219       0.125000
     43        8.42849       0.125000
     44        8.67336       0.125000
     45        8.97210       0.125000
     46        9.18505       0.125000
     47        9.22155       0.125000
     48        9.35270       0.125000
     49        14.3629        0.00000
     50        14.5954        0.00000
     51        14.8474        0.00000
     52        14.9034        0.00000
     53        15.2301        0.00000
     54        15.4250        0.00000
     55        15.6351        0.00000
     56        16.0692        0.00000
     57        16.1325        0.00000
     58        16.1658        0.00000
 Energy (eV) & Occupations  for spin=1 K-point=6
      1       -50.2523       0.125000
      2       -50.2523       0.125000
      3       -50.2422       0.125000
      4       -50.2421       0.125000
      5       -20.0135       0.125000
      6       -20.0134       0.125000
      7       -19.9329       0.125000
      8       -19.9329       0.125000
      9       -19.8807       0.125000
     10       -19.8807       0.125000
     11       -19.7845       0.125000
     12       -19.7844       0.125000
     13       -19.7403       0.125000
     14       -19.7403       0.125000
     15       -19.7085       0.125000
     16       -19.7085       0.125000
     17       -7.19439       0.125000
     18       -7.19432       0.125000
     19       -6.62664       0.125000
     20       -6.62657       0.125000
     21       -6.48878       0.125000
     22       -6.48874       0.125000
     23       -6.37173       0.125000
     24       -6.37169       0.125000
     25        5.35937       0.125000
     26        5.35940       0.125000
     27        5.55009       0.125000
     28        5.55012       0.125000
     29        5.92945       0.125000
     30        5.92949       0.125000
     31        6.15079       0.125000
     32        6.15082       0.125000
     33        6.66283       0.125000
     34        6.66286       0.125000
     35        6.86747       0.125000
     36        6.86753       0.125000
     37        7.15307       0.125000
     38        7.15310       0.125000
     39        7.82072       0.125000
     40        7.82079       0.125000
     41        8.11475       0.125000
     42        8.11480       0.125000
     43        8.25928       0.125000
     44        8.25935       0.125000
     45        8.69102       0.125000
     46        8.69107       0.125000
     47        9.14401       0.125000
     48        9.14405       0.125000
     49        14.7224        0.00000
     50        14.7224        0.00000
     51        14.8580        0.00000
     52        14.8581        0.00000
     53        15.6775        0.00000
     54        15.6775        0.00000
     55        15.7220        0.00000
     56        15.7221        0.00000
     57        16.3901        0.00000
     58        16.3901        0.00000
 Energy (eV) & Occupations  for spin=1 K-point=7
      1       -50.2517       0.125000
      2       -50.2516       0.125000
      3       -50.2428       0.125000
      4       -50.2428       0.125000
      5       -20.0096       0.125000
      6       -20.0096       0.125000
      7       -19.9551       0.125000
      8       -19.9551       0.125000
      9       -19.8689       0.125000
     10       -19.8688       0.125000
     11       -19.7798       0.125000
     12       -19.7798       0.125000
     13       -19.7466       0.125000
     14       -19.7465       0.125000
     15       -19.7043       0.125000
     16       -19.7043       0.125000
     17       -7.08378       0.125000
     18       -7.08375       0.125000
     19       -6.74029       0.125000
     20       -6.74026       0.125000
     21       -6.45713       0.125000
     22       -6.45709       0.125000
     23       -6.39737       0.125000
     24       -6.39734       0.125000
     25        5.26036       0.125000
     26        5.26037       0.125000
     27        5.64572       0.125000
     28        5.64574       0.125000
     29        5.71906       0.125000
     30        5.71907       0.125000
     31        5.97585       0.125000
     32        5.97587       0.125000
     33        6.37484       0.125000
     34        6.37487       0.125000
     35        7.11550       0.125000
     36        7.11552       0.125000
     37        7.57202       0.125000
     38        7.57204       0.125000
     39        7.61796       0.125000
     40        7.61798       0.125000
     41        8.22217       0.125000
     42        8.22220       0.125000
     43        8.53691       0.125000
     44        8.53693       0.125000
     45        9.02487       0.125000
     46        9.02490       0.125000
     47        9.14531       0.125000
     48        9.14534       0.125000
     49        14.9394        0.00000
     50        14.9394        0.00000
     51        15.1829        0.00000
     52        15.1829        0.00000
     53        15.3292        0.00000
     54        15.3292        0.00000
     55        15.6633        0.00000
     56        15.6633        0.00000
     57        16.3065        0.00000
     58        16.3066        0.00000
 Energy (eV) & Occupations  for spin=1 K-point=8
      1       -50.2516       0.125000
      2       -50.2515       0.125000
      3       -50.2429       0.125000
      4       -50.2429       0.125000
      5       -20.0579       0.125000
      6       -20.0579       0.125000
      7       -19.9708       0.125000
      8       -19.9708       0.125000
      9       -19.8337       0.125000
     10       -19.8337       0.125000
     11       -19.7689       0.125000
     12       -19.7689       0.125000
     13       -19.7205       0.125000
     14       -19.7205       0.125000
     15       -19.7086       0.125000
     16       -19.7086       0.125000
     17       -7.25139       0.125000
     18       -7.25138       0.125000
     19       -6.82347       0.125000
     20       -6.82345       0.125000
     21       -6.47488       0.125000
     22       -6.47487       0.125000
     23       -6.09522       0.125000
     24       -6.09521       0.125000
     25        5.03190       0.125000
     26        5.03190       0.125000
     27        5.54996       0.125000
     28        5.54997       0.125000
     29        5.66954       0.125000
     30        5.66954       0.125000
     31        6.32200       0.125000
     32        6.32202       0.125000
     33        6.61006       0.125000
     34        6.61006       0.125000
     35        7.16436       0.125000
     36        7.16437       0.125000
     37        7.55172       0.125000
     38        7.55173       0.125000
     39        7.87159       0.125000
     40        7.87160       0.125000
     41        8.22600       0.125000
     42        8.22602       0.125000
     43        8.37960       0.125000
     44        8.37962       0.125000
     45        8.73006       0.125000
     46        8.73007       0.125000
     47        8.88102       0.125000
     48        8.88104       0.125000
     49        14.7221        0.00000
     50        14.7221        0.00000
     51        15.1952        0.00000
     52        15.1952        0.00000
     53        15.5415        0.00000
     54        15.5415        0.00000
     55        15.8603        0.00000
     56        15.8603        0.00000
     57        15.9306        0.00000
     58        15.9307        0.00000
 Energy (eV) & Occupations  for spin=1 K-point=9
      1       -50.2497       0.125000
      2       -50.2496       0.125000
      3       -50.2448       0.125000
      4       -50.2448       0.125000
      5       -20.0462       0.125000
      6       -20.0462       0.125000
      7       -19.9277       0.125000
      8       -19.9277       0.125000
      9       -19.8702       0.125000
     10       -19.8701       0.125000
     11       -19.7415       0.125000
     12       -19.7414       0.125000
     13       -19.7376       0.125000
     14       -19.7376       0.125000
     15       -19.7369       0.125000
     16       -19.7368       0.125000
     17       -7.17327       0.125000
     18       -7.17320       0.125000
     19       -6.94588       0.125000
     20       -6.94587       0.125000
     21       -6.41797       0.125000
     22       -6.41792       0.125000
     23       -6.09094       0.125000
     24       -6.09093       0.125000
     25        4.74913       0.125000
     26        4.74915       0.125000
     27        5.56335       0.125000
     28        5.56339       0.125000
     29        5.82718       0.125000
     30        5.82723       0.125000
     31        6.18011       0.125000
     32        6.18021       0.125000
     33        6.46169       0.125000
     34        6.46176       0.125000
     35        6.97373       0.125000
     36        6.97376       0.125000
     37        7.50341       0.125000
     38        7.50345       0.125000
     39        7.83025       0.125000
     40        7.83026       0.125000
     41        8.08696       0.125000
     42        8.08700       0.125000
     43        8.80304       0.125000
     44        8.80310       0.125000
     45        8.95317       0.125000
     46        8.95320       0.125000
     47        9.24837       0.125000
     48        9.24846       0.125000
     49        14.3037        0.00000
     50        14.3037        0.00000
     51        14.9521        0.00000
     52        14.9521        0.00000
     53        15.3493        0.00000
     54        15.3493        0.00000
     55        16.0529        0.00000
     56        16.0529        0.00000
     57        16.1759        0.00000
     58        16.1760        0.00000
 Energy (eV) & Occupations  for spin=1 K-point=10
      1       -50.2473       0.125000
      2       -50.2473       0.125000
      3       -50.2472       0.125000
      4       -50.2472       0.125000
      5       -19.9838       0.125000
      6       -19.9838       0.125000
      7       -19.9838       0.125000
      8       -19.9837       0.125000
      9       -19.8142       0.125000
     10       -19.8142       0.125000
     11       -19.8142       0.125000
     12       -19.8141       0.125000
     13       -19.7339       0.125000
     14       -19.7339       0.125000
     15       -19.7338       0.125000
     16       -19.7338       0.125000
     17       -6.86436       0.125000
     18       -6.86429       0.125000
     19       -6.86427       0.125000
     20       -6.86421       0.125000
     21       -6.47968       0.125000
     22       -6.47963       0.125000
     23       -6.47959       0.125000
     24       -6.47955       0.125000
     25        5.52235       0.125000
     26        5.52237       0.125000
     27        5.52240       0.125000
     28        5.52242       0.125000
     29        5.99789       0.125000
     30        5.99791       0.125000
     31        5.99796       0.125000
     32        5.99797       0.125000
     33        6.82574       0.125000
     34        6.82577       0.125000
     35        6.82583       0.125000
     36        6.82586       0.125000
     37        7.51673       0.125000
     38        7.51674       0.125000
     39        7.51681       0.125000
     40        7.51682       0.125000
     41        7.95305       0.125000
     42        7.95307       0.125000
     43        7.95310       0.125000
     44        7.95312       0.125000
     45        8.97333       0.125000
     46        8.97339       0.125000
     47        8.97342       0.125000
     48        8.97346       0.125000
     49        14.7537        0.00000
     50        14.7537        0.00000
     51        14.7537        0.00000
     52        14.7537        0.00000
     53        15.7712        0.00000
     54        15.7712        0.00000
     55        15.7712        0.00000
     56        15.7712        0.00000
     57        16.7300        0.00000
     58        16.7301        0.00000
 Energy (eV) & Occupations  for spin=1 K-point=11
      1       -50.2473       0.125000
      2       -50.2473       0.125000
      3       -50.2472       0.125000
      4       -50.2472       0.125000
      5       -20.0074       0.125000
      6       -20.0074       0.125000
      7       -20.0073       0.125000
      8       -20.0073       0.125000
      9       -19.8244       0.125000
     10       -19.8243       0.125000
     11       -19.8243       0.125000
     12       -19.8243       0.125000
     13       -19.7001       0.125000
     14       -19.7000       0.125000
     15       -19.7000       0.125000
     16       -19.7000       0.125000
     17       -6.90677       0.125000
     18       -6.90675       0.125000
     19       -6.90664       0.125000
     20       -6.90664       0.125000
     21       -6.43485       0.125000
     22       -6.43482       0.125000
     23       -6.43472       0.125000
     24       -6.43471       0.125000
     25        5.60741       0.125000
     26        5.60742       0.125000
     27        5.60745       0.125000
     28        5.60746       0.125000
     29        5.68800       0.125000
     30        5.68801       0.125000
     31        5.68802       0.125000
     32        5.68804       0.125000
     33        6.73158       0.125000
     34        6.73158       0.125000
     35        6.73161       0.125000
     36        6.73161       0.125000
     37        7.76616       0.125000
     38        7.76617       0.125000
     39        7.76620       0.125000
     40        7.76623       0.125000
     41        8.21127       0.125000
     42        8.21128       0.125000
     43        8.21131       0.125000
     44        8.21132       0.125000
     45        9.10535       0.125000
     46        9.10537       0.125000
     47        9.10538       0.125000
     48        9.10543       0.125000
     49        14.9196        0.00000
     50        14.9196        0.00000
     51        14.9197        0.00000
     52        14.9197        0.00000
     53        15.3978        0.00000
     54        15.3978        0.00000
     55        15.3979        0.00000
     56        15.3979        0.00000
     57        16.4214        0.00000
     58        16.4215        0.00000
 Energy (eV) & Occupations  for spin=1 K-point=12
      1       -50.2472       0.125000
      2       -50.2472       0.125000
      3       -50.2472       0.125000
      4       -50.2472       0.125000
      5       -20.0491       0.125000
      6       -20.0491       0.125000
      7       -20.0491       0.125000
      8       -20.0491       0.125000
      9       -19.7549       0.125000
     10       -19.7549       0.125000
     11       -19.7549       0.125000
     12       -19.7549       0.125000
     13       -19.7256       0.125000
     14       -19.7256       0.125000
     15       -19.7256       0.125000
     16       -19.7255       0.125000
     17       -7.08944       0.125000
     18       -7.08942       0.125000
     19       -7.08937       0.125000
     20       -7.08937       0.125000
     21       -6.23145       0.125000
     22       -6.23143       0.125000
     23       -6.23138       0.125000
     24       -6.23137       0.125000
     25        5.26329       0.125000
     26        5.26330       0.125000
     27        5.26332       0.125000
     28        5.26333       0.125000
     29        5.88360       0.125000
     30        5.88362       0.125000
     31        5.88364       0.125000
     32        5.88365       0.125000
     33        7.08086       0.125000
     34        7.08086       0.125000
     35        7.08089       0.125000
     36        7.08091       0.125000
     37        7.74209       0.125000
     38        7.74210       0.125000
     39        7.74216       0.125000
     40        7.74216       0.125000
     41        8.37698       0.125000
     42        8.37700       0.125000
     43        8.37705       0.125000
     44        8.37708       0.125000
     45        8.68245       0.125000
     46        8.68246       0.125000
     47        8.68246       0.125000
     48        8.68248       0.125000
     49        14.7893        0.00000
     50        14.7893        0.00000
     51        14.7893        0.00000
     52        14.7893        0.00000
     53        15.6137        0.00000
     54        15.6137        0.00000
     55        15.6137        0.00000
     56        15.6138        0.00000
     57        15.9675        0.00000
     58        15.9676        0.00000
 Energy (eV) & Occupations  for spin=1 K-point=13
      1       -50.2567       0.125000
      2       -50.2466       0.125000
      3       -50.2430       0.125000
      4       -50.2426       0.125000
      5       -20.0495       0.125000
      6       -20.0468       0.125000
      7       -19.9772       0.125000
      8       -19.9667       0.125000
      9       -19.8280       0.125000
     10       -19.7843       0.125000
     11       -19.7798       0.125000
     12       -19.7781       0.125000
     13       -19.7590       0.125000
     14       -19.7223       0.125000
     15       -19.7124       0.125000
     16       -19.7077       0.125000
     17       -7.70407       0.125000
     18       -6.94051       0.125000
     19       -6.85099       0.125000
     20       -6.82068       0.125000
     21       -6.32019       0.125000
     22       -6.25927       0.125000
     23       -6.18662       0.125000
     24       -6.17121       0.125000
     25        4.73607       0.125000
     26        4.87448       0.125000
     27        5.22044       0.125000
     28        5.31690       0.125000
     29        5.57539       0.125000
     30        5.93606       0.125000
     31        6.03924       0.125000
     32        6.25840       0.125000
     33        6.55624       0.125000
     34        6.76479       0.125000
     35        7.05974       0.125000
     36        7.28007       0.125000
     37        7.39703       0.125000
     38        7.57965       0.125000
     39        7.95216       0.125000
     40        7.98509       0.125000
     41        8.07992       0.125000
     42        8.18219       0.125000
     43        8.42849       0.125000
     44        8.67336       0.125000
     45        8.97210       0.125000
     46        9.18505       0.125000
     47        9.22155       0.125000
     48        9.35270       0.125000
     49        14.3629        0.00000
     50        14.5954        0.00000
     51        14.8474        0.00000
     52        14.9034        0.00000
     53        15.2301        0.00000
     54        15.4250        0.00000
     55        15.6351        0.00000
     56        16.0692        0.00000
     57        16.1325        0.00000
     58        16.1658        0.00000
 Energy (eV) & Occupations  for spin=1 K-point=14
      1       -50.2523       0.125000
      2       -50.2523       0.125000
      3       -50.2422       0.125000
      4       -50.2421       0.125000
      5       -20.0135       0.125000
      6       -20.0134       0.125000
      7       -19.9329       0.125000
      8       -19.9329       0.125000
      9       -19.8807       0.125000
     10       -19.8807       0.125000
     11       -19.7845       0.125000
     12       -19.7844       0.125000
     13       -19.7403       0.125000
     14       -19.7403       0.125000
     15       -19.7085       0.125000
     16       -19.7085       0.125000
     17       -7.19439       0.125000
     18       -7.19432       0.125000
     19       -6.62664       0.125000
     20       -6.62657       0.125000
     21       -6.48878       0.125000
     22       -6.48874       0.125000
     23       -6.37173       0.125000
     24       -6.37169       0.125000
     25        5.35937       0.125000
     26        5.35940       0.125000
     27        5.55009       0.125000
     28        5.55012       0.125000
     29        5.92945       0.125000
     30        5.92949       0.125000
     31        6.15079       0.125000
     32        6.15082       0.125000
     33        6.66283       0.125000
     34        6.66286       0.125000
     35        6.86747       0.125000
     36        6.86753       0.125000
     37        7.15307       0.125000
     38        7.15310       0.125000
     39        7.82072       0.125000
     40        7.82079       0.125000
     41        8.11475       0.125000
     42        8.11480       0.125000
     43        8.25928       0.125000
     44        8.25935       0.125000
     45        8.69102       0.125000
     46        8.69107       0.125000
     47        9.14401       0.125000
     48        9.14405       0.125000
     49        14.7224        0.00000
     50        14.7224        0.00000
     51        14.8580        0.00000
     52        14.8581        0.00000
     53        15.6775        0.00000
     54        15.6775        0.00000
     55        15.7220        0.00000
     56        15.7221        0.00000
     57        16.3901        0.00000
     58        16.3901        0.00000
 Energy (eV) & Occupations  for spin=1 K-point=15
      1       -50.2517       0.125000
      2       -50.2516       0.125000
      3       -50.2428       0.125000
      4       -50.2428       0.125000
      5       -20.0096       0.125000
      6       -20.0096       0.125000
      7       -19.9551       0.125000
      8       -19.9551       0.125000
      9       -19.8689       0.125000
     10       -19.8688       0.125000
     11       -19.7798       0.125000
     12       -19.7798       0.125000
     13       -19.7466       0.125000
     14       -19.7465       0.125000
     15       -19.7043       0.125000
     16       -19.7043       0.125000
     17       -7.08378       0.125000
     18       -7.08375       0.125000
     19       -6.74029       0.125000
     20       -6.74026       0.125000
     21       -6.45713       0.125000
     22       -6.45709       0.125000
     23       -6.39737       0.125000
     24       -6.39734       0.125000
     25        5.26036       0.125000
     26        5.26037       0.125000
     27        5.64572       0.125000
     28        5.64574       0.125000
     29        5.71906       0.125000
     30        5.71907       0.125000
     31        5.97585       0.125000
     32        5.97587       0.125000
     33        6.37484       0.125000
     34        6.37487       0.125000
     35        7.11550       0.125000
     36        7.11552       0.125000
     37        7.57202       0.125000
     38        7.57204       0.125000
     39        7.61796       0.125000
     40        7.61798       0.125000
     41        8.22217       0.125000
     42        8.22220       0.125000
     43        8.53691       0.125000
     44        8.53693       0.125000
     45        9.02487       0.125000
     46        9.02490       0.125000
     47        9.14531       0.125000
     48        9.14534       0.125000
     49        14.9394        0.00000
     50        14.9394        0.00000
     51        15.1829        0.00000
     52        15.1829        0.00000
     53        15.3292        0.00000
     54        15.3292        0.00000
     55        15.6633        0.00000
     56        15.6633        0.00000
     57        16.3065        0.00000
     58        16.3066        0.00000
 Energy (eV) & Occupations  for spin=1 K-point=16
      1       -50.2516       0.125000
      2       -50.2515       0.125000
      3       -50.2429       0.125000
      4       -50.2429       0.125000
      5       -20.0579       0.125000
      6       -20.0579       0.125000
      7       -19.9708       0.125000
      8       -19.9708       0.125000
      9       -19.8337       0.125000
     10       -19.8337       0.125000
     11       -19.7689       0.125000
     12       -19.7689       0.125000
     13       -19.7205       0.125000
     14       -19.7205       0.125000
     15       -19.7086       0.125000
     16       -19.7086       0.125000
     17       -7.25139       0.125000
     18       -7.25138       0.125000
     19       -6.82347       0.125000
     20       -6.82345       0.125000
     21       -6.47488       0.125000
     22       -6.47487       0.125000
     23       -6.09522       0.125000
     24       -6.09521       0.125000
     25        5.03190       0.125000
     26        5.03190       0.125000
     27        5.54996       0.125000
     28        5.54997       0.125000
     29        5.66954       0.125000
     30        5.66954       0.125000
     31        6.32200       0.125000
     32        6.32202       0.125000
     33        6.61006       0.125000
     34        6.61006       0.125000
     35        7.16436       0.125000
     36        7.16437       0.125000
     37        7.55172       0.125000
     38        7.55173       0.125000
     39        7.87159       0.125000
     40        7.87160       0.125000
     41        8.22600       0.125000
     42        8.22602       0.125000
     43        8.37960       0.125000
     44        8.37962       0.125000
     45        8.73006       0.125000
     46        8.73007       0.125000
     47        8.88102       0.125000
     48        8.88104       0.125000
     49        14.7221        0.00000
     50        14.7221        0.00000
     51        15.1952        0.00000
     52        15.1952        0.00000
     53        15.5415        0.00000
     54        15.5415        0.00000
     55        15.8603        0.00000
     56        15.8603        0.00000
     57        15.9306        0.00000
     58        15.9307        0.00000

 Density error is 0.00000000000
----------------------------------------------------------
     Energy           Rydberg                 eV          
----------------------------------------------------------
 E_KohnSham     -719.0602842438      -9783.3170712155     
 E_KS(sigma->0) -719.0602842438      -9783.3170712155     
 E_Harris       -719.0602842438      -9783.3170712155     
 E_band         -47.0851931378       -640.6269181050      
 E_one_elec     -161.3206493537      -2194.8800362706     
 E_Hartree      131.6145188728       1790.7073961986      
 E_xc           -182.2592543909      -2479.7643729476     
 E_Ewald        -507.0948993720      -6899.3800581958     
 E_entropy(-TS) -0.0000000000        -0.0000000000        
 E_descf        0.0000000000         0.0000000000         
 E_exx          0.0000000000         0.0000000000         
 E_Fermi        0.9481585493         12.9003588782        
----------------------------------------------------------


 charge density convergence is achieved
 final etot is -9783.3170712 eV
 EFERMI = 12.900358878 eV

 STATE ENERGY(eV) AND OCCUPATIONS    NSPIN == 1
 1/16 kpoint (Cartesian) = 0.0000 0.0000 0.0000 (523 pws)
       1       -50.2595       0.125000
       2       -50.2474       0.125000
       3       -50.2422       0.125000
       4       -50.2397       0.125000
       5       -20.1010       0.125000
       6       -20.0219       0.125000
       7       -20.0032       0.125000
       8       -19.8830       0.125000
       9       -19.8457       0.125000
      10       -19.8288       0.125000
      11       -19.8178       0.125000
      12       -19.7819       0.125000
      13       -19.7398       0.125000
      14       -19.7149       0.125000
      15       -19.6942       0.125000
      16       -19.6712       0.125000
      17       -7.92984       0.125000
      18       -7.00920       0.125000
      19       -6.62218       0.125000
      20       -6.58117       0.125000
      21       -6.57217       0.125000
      22       -6.38413       0.125000
      23       -6.09488       0.125000
      24       -6.05279       0.125000
      25        4.56539       0.125000
      26        4.75446       0.125000
      27        5.21077       0.125000
      28        5.46385       0.125000
      29        5.48303       0.125000
      30        5.69437       0.125000
      31        6.11704       0.125000
      32        6.47280       0.125000
      33        6.72654       0.125000
      34        6.86831       0.125000
      35        7.29993       0.125000
      36        7.30998       0.125000
      37        7.36183       0.125000
      38        7.44423       0.125000
      39        7.64921       0.125000
      40        7.70880       0.125000
      41        7.92713       0.125000
      42        8.32522       0.125000
      43        8.83011       0.125000
      44        8.84493       0.125000
      45        9.07289       0.125000
      46        9.22068       0.125000
      47        9.30008       0.125000
      48        9.30981       0.125000
      49        14.5152        0.00000
      50        14.7457        0.00000
      51        14.8405        0.00000
      52        15.0058        0.00000
      53        15.0482        0.00000
      54        15.1437        0.00000
      55        15.2782        0.00000
      56        15.9188        0.00000
      57        16.0505        0.00000
      58        16.0916        0.00000

 2/16 kpoint (Cartesian) = 0.087793 -1.0417e-07 -4.4840e-07 (508 pws)
       1       -50.2544       0.125000
       2       -50.2543       0.125000
       3       -50.2401       0.125000
       4       -50.2400       0.125000
       5       -20.0135       0.125000
       6       -20.0135       0.125000
       7       -19.9153       0.125000
       8       -19.9152       0.125000
       9       -19.9140       0.125000
      10       -19.9140       0.125000
      11       -19.7885       0.125000
      12       -19.7885       0.125000
      13       -19.7147       0.125000
      14       -19.7147       0.125000
      15       -19.7111       0.125000
      16       -19.7111       0.125000
      17       -7.33032       0.125000
      18       -7.33024       0.125000
      19       -6.65906       0.125000
      20       -6.65898       0.125000
      21       -6.36154       0.125000
      22       -6.36149       0.125000
      23       -6.32375       0.125000
      24       -6.32371       0.125000
      25        5.41170       0.125000
      26        5.41174       0.125000
      27        5.60123       0.125000
      28        5.60125       0.125000
      29        5.61039       0.125000
      30        5.61045       0.125000
      31        6.09211       0.125000
      32        6.09216       0.125000
      33        6.50372       0.125000
      34        6.50378       0.125000
      35        7.08375       0.125000
      36        7.08380       0.125000
      37        7.36796       0.125000
      38        7.36800       0.125000
      39        7.85096       0.125000
      40        7.85103       0.125000
      41        8.22643       0.125000
      42        8.22651       0.125000
      43        8.35946       0.125000
      44        8.35952       0.125000
      45        8.47506       0.125000
      46        8.47511       0.125000
      47        9.22196       0.125000
      48        9.22202       0.125000
      49        14.8549        0.00000
      50        14.8549        0.00000
      51        15.0698        0.00000
      52        15.0698        0.00000
      53        15.3661        0.00000
      54        15.3661        0.00000
      55        15.7061        0.00000
      56        15.7062        0.00000
      57        16.0459        0.00000
      58        16.0459        0.00000

 3/16 kpoint (Cartesian) = -9.1235e-08 0.10073 -2.7043e-09 (524 pws)
       1       -50.2535       0.125000
       2       -50.2535       0.125000
       3       -50.2410       0.125000
       4       -50.2410       0.125000
       5       -19.9860       0.125000
       6       -19.9859       0.125000
       7       -19.9349       0.125000
       8       -19.9349       0.125000
       9       -19.8531       0.125000
      10       -19.8531       0.125000
      11       -19.8127       0.125000
      12       -19.8127       0.125000
      13       -19.7392       0.125000
      14       -19.7392       0.125000
      15       -19.7390       0.125000
      16       -19.7390       0.125000
      17       -7.15766       0.125000
      18       -7.15763       0.125000
      19       -6.67780       0.125000
      20       -6.67777       0.125000
      21       -6.46385       0.125000
      22       -6.46381       0.125000
      23       -6.37406       0.125000
      24       -6.37403       0.125000
      25        5.15383       0.125000
      26        5.15384       0.125000
      27        5.64693       0.125000
      28        5.64695       0.125000
      29        5.73939       0.125000
      30        5.73940       0.125000
      31        5.94411       0.125000
      32        5.94414       0.125000
      33        6.25520       0.125000
      34        6.25523       0.125000
      35        7.26309       0.125000
      36        7.26310       0.125000
      37        7.65352       0.125000
      38        7.65354       0.125000
      39        7.87286       0.125000
      40        7.87289       0.125000
      41        8.03131       0.125000
      42        8.03133       0.125000
      43        8.25009       0.125000
      44        8.25011       0.125000
      45        9.18653       0.125000
      46        9.18655       0.125000
      47        9.20145       0.125000
      48        9.20148       0.125000
      49        15.2254        0.00000
      50        15.2254        0.00000
      51        15.2980        0.00000
      52        15.2980        0.00000
      53        15.5049        0.00000
      54        15.5049        0.00000
      55        15.7955        0.00000
      56        15.7955        0.00000
      57        16.0519        0.00000
      58        16.0519        0.00000

 4/16 kpoint (Cartesian) = 0.087793 0.10073 -4.5110e-07 (514 pws)
       1       -50.2533       0.125000
       2       -50.2533       0.125000
       3       -50.2411       0.125000
       4       -50.2410       0.125000
       5       -20.0138       0.125000
       6       -20.0137       0.125000
       7       -19.9358       0.125000
       8       -19.9358       0.125000
       9       -19.8941       0.125000
      10       -19.8941       0.125000
      11       -19.7580       0.125000
      12       -19.7580       0.125000
      13       -19.7528       0.125000
      14       -19.7528       0.125000
      15       -19.7074       0.125000
      16       -19.7074       0.125000
      17       -7.25001       0.125000
      18       -7.25000       0.125000
      19       -6.86968       0.125000
      20       -6.86967       0.125000
      21       -6.35077       0.125000
      22       -6.35075       0.125000
      23       -6.17927       0.125000
      24       -6.17925       0.125000
      25        4.94673       0.125000
      26        4.94674       0.125000
      27        5.42201       0.125000
      28        5.42202       0.125000
      29        5.93969       0.125000
      30        5.93970       0.125000
      31        6.58416       0.125000
      32        6.58416       0.125000
      33        6.76064       0.125000
      34        6.76065       0.125000
      35        6.83942       0.125000
      36        6.83944       0.125000
      37        7.36123       0.125000
      38        7.36124       0.125000
      39        7.40614       0.125000
      40        7.40616       0.125000
      41        8.24402       0.125000
      42        8.24404       0.125000
      43        8.54874       0.125000
      44        8.54876       0.125000
      45        8.81354       0.125000
      46        8.81355       0.125000
      47        9.07159       0.125000
      48        9.07161       0.125000
      49        15.0504        0.00000
      50        15.0504        0.00000
      51        15.1751        0.00000
      52        15.1751        0.00000
      53        15.4241        0.00000
      54        15.4241        0.00000
      55        15.9328        0.00000
      56        15.9328        0.00000
      57        16.1772        0.00000
      58        16.1772        0.00000

 5/16 kpoint (Cartesian) = -2.2206e-07 -1.4264e-09 0.048014 (522 pws)
       1       -50.2567       0.125000
       2       -50.2466       0.125000
       3       -50.2430       0.125000
       4       -50.2426       0.125000
       5       -20.0495       0.125000
       6       -20.0468       0.125000
       7       -19.9772       0.125000
       8       -19.9667       0.125000
       9       -19.8280       0.125000
      10       -19.7843       0.125000
      11       -19.7798       0.125000
      12       -19.7781       0.125000
      13       -19.7590       0.125000
      14       -19.7223       0.125000
      15       -19.7124       0.125000
      16       -19.7077       0.125000
      17       -7.70407       0.125000
      18       -6.94051       0.125000
      19       -6.85099       0.125000
      20       -6.82068       0.125000
      21       -6.32019       0.125000
      22       -6.25927       0.125000
      23       -6.18662       0.125000
      24       -6.17121       0.125000
      25        4.73607       0.125000
      26        4.87448       0.125000
      27        5.22044       0.125000
      28        5.31690       0.125000
      29        5.57539       0.125000
      30        5.93606       0.125000
      31        6.03924       0.125000
      32        6.25840       0.125000
      33        6.55624       0.125000
      34        6.76479       0.125000
      35        7.05974       0.125000
      36        7.28007       0.125000
      37        7.39703       0.125000
      38        7.57965       0.125000
      39        7.95216       0.125000
      40        7.98509       0.125000
      41        8.07992       0.125000
      42        8.18219       0.125000
      43        8.42849       0.125000
      44        8.67336       0.125000
      45        8.97210       0.125000
      46        9.18505       0.125000
      47        9.22155       0.125000
      48        9.35270       0.125000
      49        14.3629        0.00000
      50        14.5954        0.00000
      51        14.8474        0.00000
      52        14.9034        0.00000
      53        15.2301        0.00000
      54        15.4250        0.00000
      55        15.6351        0.00000
      56        16.0692        0.00000
      57        16.1325        0.00000
      58        16.1658        0.00000

 6/16 kpoint (Cartesian) = 0.087793 -1.0560e-07 0.048013 (513 pws)
       1       -50.2523       0.125000
       2       -50.2523       0.125000
       3       -50.2422       0.125000
       4       -50.2421       0.125000
       5       -20.0135       0.125000
       6       -20.0134       0.125000
       7       -19.9329       0.125000
       8       -19.9329       0.125000
       9       -19.8807       0.125000
      10       -19.8807       0.125000
      11       -19.7845       0.125000
      12       -19.7844       0.125000
      13       -19.7403       0.125000
      14       -19.7403       0.125000
      15       -19.7085       0.125000
      16       -19.7085       0.125000
      17       -7.19439       0.125000
      18       -7.19432       0.125000
      19       -6.62664       0.125000
      20       -6.62657       0.125000
      21       -6.48878       0.125000
      22       -6.48874       0.125000
      23       -6.37173       0.125000
      24       -6.37169       0.125000
      25        5.35937       0.125000
      26        5.35940       0.125000
      27        5.55009       0.125000
      28        5.55012       0.125000
      29        5.92945       0.125000
      30        5.92949       0.125000
      31        6.15079       0.125000
      32        6.15082       0.125000
      33        6.66283       0.125000
      34        6.66286       0.125000
      35        6.86747       0.125000
      36        6.86753       0.125000
      37        7.15307       0.125000
      38        7.15310       0.125000
      39        7.82072       0.125000
      40        7.82079       0.125000
      41        8.11475       0.125000
      42        8.11480       0.125000
      43        8.25928       0.125000
      44        8.25935       0.125000
      45        8.69102       0.125000
      46        8.69107       0.125000
      47        9.14401       0.125000
      48        9.14405       0.125000
      49        14.7224        0.00000
      50        14.7224        0.00000
      51        14.8580        0.00000
      52        14.8581        0.00000
      53        15.6775        0.00000
      54        15.6775        0.00000
      55        15.7220        0.00000
      56        15.7221        0.00000
      57        16.3901        0.00000
      58        16.3901        0.00000

 7/16 kpoint (Cartesian) = -3.1329e-07 0.10073 0.048014 (524 pws)
       1       -50.2517       0.125000
       2       -50.2516       0.125000
       3       -50.2428       0.125000
       4       -50.2428       0.125000
       5       -20.0096       0.125000
       6       -20.0096       0.125000
       7       -19.9551       0.125000
       8       -19.9551       0.125000
       9       -19.8689       0.125000
      10       -19.8688       0.125000
      11       -19.7798       0.125000
      12       -19.7798       0.125000
      13       -19.7466       0.125000
      14       -19.7465       0.125000
      15       -19.7043       0.125000
      16       -19.7043       0.125000
      17       -7.08378       0.125000
      18       -7.08375       0.125000
      19       -6.74029       0.125000
      20       -6.74026       0.125000
      21       -6.45713       0.125000
      22       -6.45709       0.125000
      23       -6.39737       0.125000
      24       -6.39734       0.125000
      25        5.26036       0.125000
      26        5.26037       0.125000
      27        5.64572       0.125000
      28        5.64574       0.125000
      29        5.71906       0.125000
      30        5.71907       0.125000
      31        5.97585       0.125000
      32        5.97587       0.125000
      33        6.37484       0.125000
      34        6.37487       0.125000
      35        7.11550       0.125000
      36        7.11552       0.125000
      37        7.57202       0.125000
      38        7.57204       0.125000
      39        7.61796       0.125000
      40        7.61798       0.125000
      41        8.22217       0.125000
      42        8.22220       0.125000
      43        8.53691       0.125000
      44        8.53693       0.125000
      45        9.02487       0.125000
      46        9.02490       0.125000
      47        9.14531       0.125000
      48        9.14534       0.125000
      49        14.9394        0.00000
      50        14.9394        0.00000
      51        15.1829        0.00000
      52        15.1829        0.00000
      53        15.3292        0.00000
      54        15.3292        0.00000
      55        15.6633        0.00000
      56        15.6633        0.00000
      57        16.3065        0.00000
      58        16.3066        0.00000

 8/16 kpoint (Cartesian) = 0.087793 0.10073 0.048013 (513 pws)
       1       -50.2516       0.125000
       2       -50.2515       0.125000
       3       -50.2429       0.125000
       4       -50.2429       0.125000
       5       -20.0579       0.125000
       6       -20.0579       0.125000
       7       -19.9708       0.125000
       8       -19.9708       0.125000
       9       -19.8337       0.125000
      10       -19.8337       0.125000
      11       -19.7689       0.125000
      12       -19.7689       0.125000
      13       -19.7205       0.125000
      14       -19.7205       0.125000
      15       -19.7086       0.125000
      16       -19.7086       0.125000
      17       -7.25139       0.125000
      18       -7.25138       0.125000
      19       -6.82347       0.125000
      20       -6.82345       0.125000
      21       -6.47488       0.125000
      22       -6.47487       0.125000
      23       -6.09522       0.125000
      24       -6.09521       0.125000
      25        5.03190       0.125000
      26        5.03190       0.125000
      27        5.54996       0.125000
      28        5.54997       0.125000
      29        5.66954       0.125000
      30        5.66954       0.125000
      31        6.32200       0.125000
      32        6.32202       0.125000
      33        6.61006       0.125000
      34        6.61006       0.125000
      35        7.16436       0.125000
      36        7.16437       0.125000
      37        7.55172       0.125000
      38        7.55173       0.125000
      39        7.87159       0.125000
      40        7.87160       0.125000
      41        8.22600       0.125000
      42        8.22602       0.125000
      43        8.37960       0.125000
      44        8.37962       0.125000
      45        8.73006       0.125000
      46        8.73007       0.125000
      47        8.88102       0.125000
      48        8.88104       0.125000
      49        14.7221        0.00000
      50        14.7221        0.00000
      51        15.1952        0.00000
      52        15.1952        0.00000
      53        15.5415        0.00000
      54        15.5415        0.00000
      55        15.8603        0.00000
      56        15.8603        0.00000
      57        15.9306        0.00000
      58        15.9307        0.00000

 9/16 kpoint (Cartesian) = -4.4412e-07 -2.8528e-09 0.096027 (522 pws)
       1       -50.2497       0.125000
       2       -50.2496       0.125000
       3       -50.2448       0.125000
       4       -50.2448       0.125000
       5       -20.0462       0.125000
       6       -20.0462       0.125000
       7       -19.9277       0.125000
       8       -19.9277       0.125000
       9       -19.8702       0.125000
      10       -19.8701       0.125000
      11       -19.7415       0.125000
      12       -19.7414       0.125000
      13       -19.7376       0.125000
      14       -19.7376       0.125000
      15       -19.7369       0.125000
      16       -19.7368       0.125000
      17       -7.17327       0.125000
      18       -7.17320       0.125000
      19       -6.94588       0.125000
      20       -6.94587       0.125000
      21       -6.41797       0.125000
      22       -6.41792       0.125000
      23       -6.09094       0.125000
      24       -6.09093       0.125000
      25        4.74913       0.125000
      26        4.74915       0.125000
      27        5.56335       0.125000
      28        5.56339       0.125000
      29        5.82718       0.125000
      30        5.82723       0.125000
      31        6.18011       0.125000
      32        6.18021       0.125000
      33        6.46169       0.125000
      34        6.46176       0.125000
      35        6.97373       0.125000
      36        6.97376       0.125000
      37        7.50341       0.125000
      38        7.50345       0.125000
      39        7.83025       0.125000
      40        7.83026       0.125000
      41        8.08696       0.125000
      42        8.08700       0.125000
      43        8.80304       0.125000
      44        8.80310       0.125000
      45        8.95317       0.125000
      46        8.95320       0.125000
      47        9.24837       0.125000
      48        9.24846       0.125000
      49        14.3037        0.00000
      50        14.3037        0.00000
      51        14.9521        0.00000
      52        14.9521        0.00000
      53        15.3493        0.00000
      54        15.3493        0.00000
      55        16.0529        0.00000
      56        16.0529        0.00000
      57        16.1759        0.00000
      58        16.1760        0.00000

 10/16 kpoint (Cartesian) = 0.087793 -1.0703e-07 0.096027 (510 pws)
       1       -50.2473       0.125000
       2       -50.2473       0.125000
       3       -50.2472       0.125000
       4       -50.2472       0.125000
       5       -19.9838       0.125000
       6       -19.9838       0.125000
       7       -19.9838       0.125000
       8       -19.9837       0.125000
       9       -19.8142       0.125000
      10       -19.8142       0.125000
      11       -19.8142       0.125000
      12       -19.8141       0.125000
      13       -19.7339       0.125000
      14       -19.7339       0.125000
      15       -19.7338       0.125000
      16       -19.7338       0.125000
      17       -6.86436       0.125000
      18       -6.86429       0.125000
      19       -6.86427       0.125000
      20       -6.86421       0.125000
      21       -6.47968       0.125000
      22       -6.47963       0.125000
      23       -6.47959       0.125000
      24       -6.47955       0.125000
      25        5.52235       0.125000
      26        5.52237       0.125000
      27        5.52240       0.125000
      28        5.52242       0.125000
      29        5.99789       0.125000
      30        5.99791       0.125000
      31        5.99796       0.125000
      32        5.99797       0.125000
      33        6.82574       0.125000
      34        6.82577       0.125000
      35        6.82583       0.125000
      36        6.82586       0.125000
      37        7.51673       0.125000
      38        7.51674       0.125000
      39        7.51681       0.125000
      40        7.51682       0.125000
      41        7.95305       0.125000
      42        7.95307       0.125000
      43        7.95310       0.125000
      44        7.95312       0.125000
      45        8.97333       0.125000
      46        8.97339       0.125000
      47        8.97342       0.125000
      48        8.97346       0.125000
      49        14.7537        0.00000
      50        14.7537        0.00000
      51        14.7537        0.00000
      52        14.7537        0.00000
      53        15.7712        0.00000
      54        15.7712        0.00000
      55        15.7712        0.00000
      56        15.7712        0.00000
      57        16.7300        0.00000
      58        16.7301        0.00000

 11/16 kpoint (Cartesian) = -5.3536e-07 0.10073 0.096027 (528 pws)
       1       -50.2473       0.125000
       2       -50.2473       0.125000
       3       -50.2472       0.125000
       4       -50.2472       0.125000
       5       -20.0074       0.125000
       6       -20.0074       0.125000
       7       -20.0073       0.125000
       8       -20.0073       0.125000
       9       -19.8244       0.125000
      10       -19.8243       0.125000
      11       -19.8243       0.125000
      12       -19.8243       0.125000
      13       -19.7001       0.125000
      14       -19.7000       0.125000
      15       -19.7000       0.125000
      16       -19.7000       0.125000
      17       -6.90677       0.125000
      18       -6.90675       0.125000
      19       -6.90664       0.125000
      20       -6.90664       0.125000
      21       -6.43485       0.125000
      22       -6.43482       0.125000
      23       -6.43472       0.125000
      24       -6.43471       0.125000
      25        5.60741       0.125000
      26        5.60742       0.125000
      27        5.60745       0.125000
      28        5.60746       0.125000
      29        5.68800       0.125000
      30        5.68801       0.125000
      31        5.68802       0.125000
      32        5.68804       0.125000
      33        6.73158       0.125000
      34        6.73158       0.125000
      35        6.73161       0.125000
      36        6.73161       0.125000
      37        7.76616       0.125000
      38        7.76617       0.125000
      39        7.76620       0.125000
      40        7.76623       0.125000
      41        8.21127       0.125000
      42        8.21128       0.125000
      43        8.21131       0.125000
      44        8.21132       0.125000
      45        9.10535       0.125000
      46        9.10537       0.125000
      47        9.10538       0.125000
      48        9.10543       0.125000
      49        14.9196        0.00000
      50        14.9196        0.00000
      51        14.9197        0.00000
      52        14.9197        0.00000
      53        15.3978        0.00000
      54        15.3978        0.00000
      55        15.3979        0.00000
      56        15.3979        0.00000
      57        16.4214        0.00000
      58        16.4215        0.00000

 12/16 kpoint (Cartesian) = 0.087792 0.10073 0.096027 (510 pws)
       1       -50.2472       0.125000
       2       -50.2472       0.125000
       3       -50.2472       0.125000
       4       -50.2472       0.125000
       5       -20.0491       0.125000
       6       -20.0491       0.125000
       7       -20.0491       0.125000
       8       -20.0491       0.125000
       9       -19.7549       0.125000
      10       -19.7549       0.125000
      11       -19.7549       0.125000
      12       -19.7549       0.125000
      13       -19.7256       0.125000
      14       -19.7256       0.125000
      15       -19.7256       0.125000
      16       -19.7255       0.125000
      17       -7.08944       0.125000
      18       -7.08942       0.125000
      19       -7.08937       0.125000
      20       -7.08937       0.125000
      21       -6.23145       0.125000
      22       -6.23143       0.125000
      23       -6.23138       0.125000
      24       -6.23137       0.125000
      25        5.26329       0.125000
      26        5.26330       0.125000
      27        5.26332       0.125000
      28        5.26333       0.125000
      29        5.88360       0.125000
      30        5.88362       0.125000
      31        5.88364       0.125000
      32        5.88365       0.125000
      33        7.08086       0.125000
      34        7.08086       0.125000
      35        7.08089       0.125000
      36        7.08091       0.125000
      37        7.74209       0.125000
      38        7.74210       0.125000
      39        7.74216       0.125000
      40        7.74216       0.125000
      41        8.37698       0.125000
      42        8.37700       0.125000
      43        8.37705       0.125000
      44        8.37708       0.125000
      45        8.68245       0.125000
      46        8.68246       0.125000
      47        8.68246       0.125000
      48        8.68248       0.125000
      49        14.7893        0.00000
      50        14.7893        0.00000
      51        14.7893        0.00000
      52        14.7893        0.00000
      53        15.6137        0.00000
      54        15.6137        0.00000
      55        15.6137        0.00000
      56        15.6138        0.00000
      57        15.9675        0.00000
      58        15.9676        0.00000

 13/16 kpoint (Cartesian) = -6.6618e-07 -4.2792e-09 0.14404 (522 pws)
       1       -50.2567       0.125000
       2       -50.2466       0.125000
       3       -50.2430       0.125000
       4       -50.2426       0.125000
       5       -20.0495       0.125000
       6       -20.0468       0.125000
       7       -19.9772       0.125000
       8       -19.9667       0.125000
       9       -19.8280       0.125000
      10       -19.7843       0.125000
      11       -19.7798       0.125000
      12       -19.7781       0.125000
      13       -19.7590       0.125000
      14       -19.7223       0.125000
      15       -19.7124       0.125000
      16       -19.7077       0.125000
      17       -7.70407       0.125000
      18       -6.94051       0.125000
      19       -6.85099       0.125000
      20       -6.82068       0.125000
      21       -6.32019       0.125000
      22       -6.25927       0.125000
      23       -6.18662       0.125000
      24       -6.17121       0.125000
      25        4.73607       0.125000
      26        4.87448       0.125000
      27        5.22044       0.125000
      28        5.31690       0.125000
      29        5.57539       0.125000
      30        5.93606       0.125000
      31        6.03924       0.125000
      32        6.25840       0.125000
      33        6.55624       0.125000
      34        6.76479       0.125000
      35        7.05974       0.125000
      36        7.28007       0.125000
      37        7.39703       0.125000
      38        7.57965       0.125000
      39        7.95216       0.125000
      40        7.98509       0.125000
      41        8.07992       0.125000
      42        8.18219       0.125000
      43        8.42849       0.125000
      44        8.67336       0.125000
      45        8.97210       0.125000
      46        9.18505       0.125000
      47        9.22155       0.125000
      48        9.35270       0.125000
      49        14.3629        0.00000
      50        14.5954        0.00000
      51        14.8474        0.00000
      52        14.9034        0.00000
      53        15.2301        0.00000
      54        15.4250        0.00000
      55        15.6351        0.00000
      56        16.0692        0.00000
      57        16.1325        0.00000
      58        16.1658        0.00000

 14/16 kpoint (Cartesian) = 0.087792 -1.0845e-07 0.14404 (513 pws)
       1       -50.2523       0.125000
       2       -50.2523       0.125000
       3       -50.2422       0.125000
       4       -50.2421       0.125000
       5       -20.0135       0.125000
       6       -20.0134       0.125000
       7       -19.9329       0.125000
       8       -19.9329       0.125000
       9       -19.8807       0.125000
      10       -19.8807       0.125000
      11       -19.7845       0.125000
      12       -19.7844       0.125000
      13       -19.7403       0.125000
      14       -19.7403       0.125000
      15       -19.7085       0.125000
      16       -19.7085       0.125000
      17       -7.19439       0.125000
      18       -7.19432       0.125000
      19       -6.62664       0.125000
      20       -6.62657       0.125000
      21       -6.48878       0.125000
      22       -6.48874       0.125000
      23       -6.37173       0.125000
      24       -6.37169       0.125000
      25        5.35937       0.125000
      26        5.35940       0.125000
      27        5.55009       0.125000
      28        5.55012       0.125000
      29        5.92945       0.125000
      30        5.92949       0.125000
      31        6.15079       0.125000
      32        6.15082       0.125000
      33        6.66283       0.125000
      34        6.66286       0.125000
      35        6.86747       0.125000
      36        6.86753       0.125000
      37        7.15307       0.125000
      38        7.15310       0.125000
      39        7.82072       0.125000
      40        7.82079       0.125000
      41        8.11475       0.125000
      42        8.11480       0.125000
      43        8.25928       0.125000
      44        8.25935       0.125000
      45        8.69102       0.125000
      46        8.69107       0.125000
      47        9.14401       0.125000
      48        9.14405       0.125000
      49        14.7224        0.00000
      50        14.7224        0.00000
      51        14.8580        0.00000
      52        14.8581        0.00000
      53        15.6775        0.00000
      54        15.6775        0.00000
      55        15.7220        0.00000
      56        15.7221        0.00000
      57        16.3901        0.00000
      58        16.3901        0.00000

 15/16 kpoint (Cartesian) = -7.5742e-07 0.10073 0.14404 (524 pws)
       1       -50.2517       0.125000
       2       -50.2516       0.125000
       3       -50.2428       0.125000
       4       -50.2428       0.125000
       5       -20.0096       0.125000
       6       -20.0096       0.125000
       7       -19.9551       0.125000
       8       -19.9551       0.125000
       9       -19.8689       0.125000
      10       -19.8688       0.125000
      11       -19.7798       0.125000
      12       -19.7798       0.125000
      13       -19.7466       0.125000
      14       -19.7465       0.125000
      15       -19.7043       0.125000
      16       -19.7043       0.125000
      17       -7.08378       0.125000
      18       -7.08375       0.125000
      19       -6.74029       0.125000
      20       -6.74026       0.125000
      21       -6.45713       0.125000
      22       -6.45709       0.125000
      23       -6.39737       0.125000
      24       -6.39734       0.125000
      25        5.26036       0.125000
      26        5.26037       0.125000
      27        5.64572       0.125000
      28        5.64574       0.125000
      29        5.71906       0.125000
      30        5.71907       0.125000
      31        5.97585       0.125000
      32        5.97587       0.125000
      33        6.37484       0.125000
      34        6.37487       0.125000
      35        7.11550       0.125000
      36        7.11552       0.125000
      37        7.57202       0.125000
      38        7.57204       0.125000
      39        7.61796       0.125000
      40        7.61798       0.125000
      41        8.22217       0.125000
      42        8.22220       0.125000
      43        8.53691       0.125000
      44        8.53693       0.125000
      45        9.02487       0.125000
      46        9.02490       0.125000
      47        9.14531       0.125000
      48        9.14534       0.125000
      49        14.9394        0.00000
      50        14.9394        0.00000
      51        15.1829        0.00000
      52        15.1829        0.00000
      53        15.3292        0.00000
      54        15.3292        0.00000
      55        15.6633        0.00000
      56        15.6633        0.00000
      57        16.3065        0.00000
      58        16.3066        0.00000

 16/16 kpoint (Cartesian) = 0.087792 0.10073 0.14404 (513 pws)
       1       -50.2516       0.125000
       2       -50.2515       0.125000
       3       -50.2429       0.125000
       4       -50.2429       0.125000
       5       -20.0579       0.125000
       6       -20.0579       0.125000
       7       -19.9708       0.125000
       8       -19.9708       0.125000
       9       -19.8337       0.125000
      10       -19.8337       0.125000
      11       -19.7689       0.125000
      12       -19.7689       0.125000
      13       -19.7205       0.125000
      14       -19.7205       0.125000
      15       -19.7086       0.125000
      16       -19.7086       0.125000
      17       -7.25139       0.125000
      18       -7.25138       0.125000
      19       -6.82347       0.125000
      20       -6.82345       0.125000
      21       -6.47488       0.125000
      22       -6.47487       0.125000
      23       -6.09522       0.125000
      24       -6.09521       0.125000
      25        5.03190       0.125000
      26        5.03190       0.125000
      27        5.54996       0.125000
      28        5.54997       0.125000
      29        5.66954       0.125000
      30        5.66954       0.125000
      31        6.32200       0.125000
      32        6.32202       0.125000
      33        6.61006       0.125000
      34        6.61006       0.125000
      35        7.16436       0.125000
      36        7.16437       0.125000
      37        7.55172       0.125000
      38        7.55173       0.125000
      39        7.87159       0.125000
      40        7.87160       0.125000
      41        8.22600       0.125000
      42        8.22602       0.125000
      43        8.37960       0.125000
      44        8.37962       0.125000
      45        8.73006       0.125000
      46        8.73007       0.125000
      47        8.88102       0.125000
      48        8.88104       0.125000
      49        14.7221        0.00000
      50        14.7221        0.00000
      51        15.1952        0.00000
      52        15.1952        0.00000
      53        15.5415        0.00000
      54        15.5415        0.00000
      55        15.8603        0.00000
      56        15.8603        0.00000
      57        15.9306        0.00000
      58        15.9307        0.00000


 Warning_Memory_Consuming allocated:  ORB::Jl(x) 921.868 MB




 >>>>>>>>>>>>>>>>>>>>>>>>>>>>>>>>>>>>>>>>>>>>>>>>>>>>>>>>>>>>>>>>>>>>>>
 |                                                                    |
 | POLARIZATION CALCULATION:                                          |
 |                  Modern Theory of Polarization                     |
 | calculate the Macroscopic polarization of a crystalline insulator  |
 | by using Berry Phase method.                                       |
 |                                                                    |
 <<<<<<<<<<<<<<<<<<<<<<<<<<<<<<<<<<<<<<<<<<<<<<<<<<<<<<<<<<<<<<<<<<<<<<




 VALUES OF POLARIZATION

  The Ionic Phase:   -0.00001
 Electronic Phase:    0.00001

The calculated polarization direction is in R3 direction

 P =    0.0000372  (mod   19.6790714)  (   0.0000000,   0.0000000,   0.0000372) (e/Omega).bohr

 P =    0.0000000  (mod    0.0198104)  (   0.0000000,   0.0000000,   0.0000000) e/bohr^2

 P =    0.0000021  (mod    1.1325924)  (   0.0000000,   0.0000000,   0.0000021) C/m^2



 --------------------------------------------
 !FINAL_ETOT_IS -9783.3170712155260844 eV
 --------------------------------------------






 >>>>>>>>>>>>>>>>>>>>>>>>>>>>>>>>>>>>>>>>>>>>>>>>>>>>>>>>>>>>>>>>>>>>>>
 |                                                                    |
 | Post-processing of data:                                           |
 | DOS (density of states) and bands will be output here.             |
 | If atomic orbitals are used, Mulliken charge analysis can be done. |
 | Also the .bxsf file containing fermi surface information can be    |
 | done here.                                                         |
 |                                                                    |
 <<<<<<<<<<<<<<<<<<<<<<<<<<<<<<<<<<<<<<<<<<<<<<<<<<<<<<<<<<<<<<<<<<<<<<





 Output bands in file: OUT.ABACUS/BANDS_1.dat
TIME STATISTICS
----------------------------------------------------------------------------------
   CLASS_NAME                   NAME                TIME/s  CALLS   AVG/s  PER/%  
----------------------------------------------------------------------------------
                 total                              29.67  11       2.70   100.00 
 Driver          reading                            0.47   1        0.47   1.57   
 Input_Conv      Convert                            0.00   1        0.00   0.01   
 Driver          driver_line                        29.20  1        29.20  98.43  
 UnitCell        check_tau                          0.00   1        0.00   0.00   
 ESolver_KS_LCAO before_all_runners                 0.96   1        0.96   3.25   
 PW_Basis_Sup    setuptransform                     0.03   1        0.03   0.10   
 PW_Basis_Sup    distributeg                        0.02   1        0.02   0.06   
 mymath          heapsort                           0.00   3        0.00   0.00   
 Charge_Mixing   init_mixing                        0.00   1        0.00   0.00   
 PW_Basis_K      setuptransform                     0.01   1        0.01   0.03   
 PW_Basis_K      distributeg                        0.01   1        0.01   0.03   
 PW_Basis        setup_struc_factor                 0.01   1        0.01   0.03   
 NOrbital_Lm     extra_uniform                      0.30   323      0.00   1.00   
 Mathzone_Add1   SplineD2                           0.01   323      0.00   0.02   
 Mathzone_Add1   Cubic_Spline_Interpolation         0.14   323      0.00   0.47   
 ppcell_vl       init_vloc                          0.15   1        0.15   0.50   
 Ions            opt_ions                           28.20  1        28.20  95.03  
 ESolver_KS_LCAO runner                             28.18  1        28.18  94.96  
 ESolver_KS_LCAO before_scf                         0.58   1        0.58   1.94   
 atom_arrange    search                             0.00   1        0.00   0.00   
 atom_arrange    grid_d.init                        0.00   1        0.00   0.00   
 Grid            Construct_Adjacent_expand          0.00   1        0.00   0.00   
 Grid            Construct_Adjacent_expand_periodic 0.00   12       0.00   0.00   
 Grid_Technique  init                               0.07   1        0.07   0.22   
 Grid_BigCell    grid_expansion_index               0.01   2        0.01   0.04   
 Grid_Driver     Find_atom                          0.00   96       0.00   0.01   
 Record_adj      for_2d                             0.04   1        0.04   0.14   
 LCAO_domain     grid_prepare                       0.00   1        0.00   0.00   
 Veff            initialize_HR                      0.00   1        0.00   0.01   
 OverlapNew      initialize_SR                      0.00   1        0.00   0.01   
 EkineticNew     initialize_HR                      0.00   1        0.00   0.02   
 NonlocalNew     initialize_HR                      0.03   1        0.03   0.09   
 Charge          set_rho_core                       0.18   1        0.18   0.60   
 PW_Basis_Sup    recip2real                         0.05   13       0.00   0.17   
 PW_Basis_Sup    gathers_scatterp                   0.04   13       0.00   0.12   
 ModuleIO        read_rhog                          0.00   1        0.00   0.00   
 Potential       init_pot                           0.11   1        0.11   0.37   
 Potential       update_from_charge                 0.12   2        0.06   0.40   
 Potential       cal_fixed_v                        0.00   1        0.00   0.01   
 PotLocal        cal_fixed_v                        0.00   1        0.00   0.01   
 Potential       cal_v_eff                          0.11   2        0.06   0.39   
 H_Hartree_pw    v_hartree                          0.05   2        0.03   0.18   
 PW_Basis_Sup    real2recip                         0.04   13       0.00   0.14   
 PW_Basis_Sup    gatherp_scatters                   0.03   13       0.00   0.11   
 PotXC           cal_v_eff                          0.06   2        0.03   0.21   
 XC_Functional   v_xc                               0.06   2        0.03   0.20   
 Potential       interpolate_vrs                    0.00   2        0.00   0.00   
 H_Ewald_pw      compute_ewald                      0.01   1        0.01   0.03   
 HSolverLCAO     solve                              3.77   1        3.77   12.69  
 HamiltLCAO      updateHk                           2.44   16       0.15   8.23   
 OperatorLCAO    init                               2.32   48       0.05   7.81   
 Veff            contributeHR                       1.86   1        1.86   6.27   
 Gint_interface  cal_gint                           1.56   1        1.56   5.25   
 Gint_interface  cal_gint_vlocal                    1.56   1        1.56   5.25   
 Gint_Tools      cal_psir_ylm                       0.08   216      0.00   0.26   
 Gint_k          transfer_pvpR                      0.30   1        0.30   1.02   
 OverlapNew      calculate_SR                       0.12   1        0.12   0.40   
 OverlapNew      contributeHk                       0.00   16       0.00   0.01   
 EkineticNew     contributeHR                       0.12   1        0.12   0.41   
 EkineticNew     calculate_HR                       0.12   1        0.12   0.41   
 NonlocalNew     contributeHR                       0.33   1        0.33   1.11   
 NonlocalNew     calculate_HR                       0.33   1        0.33   1.11   
 OperatorLCAO    contributeHk                       0.01   16       0.00   0.02   
 HSolverLCAO     hamiltSolvePsiK                    1.27   16       0.08   4.27   
 DiagoElpa       elpa_solve                         0.95   16       0.06   3.21   
 elecstate       cal_dm                             0.04   1        0.04   0.12   
 psiMulPsiMpi    pdgemm                             0.04   16       0.00   0.12   
 DensityMatrix   cal_DMR                            0.01   1        0.01   0.03   
 Charge_Mixing   get_drho                           0.01   1        0.01   0.05   
 ModuleIO        write_rhog                         0.04   1        0.04   0.14   
 ESolver_KS_LCAO after_scf                          23.71  1        23.71  79.90  
 Charge          atomic_rho                         0.15   1        0.15   0.50   
 ORB_gaunt_table init_Gaunt_CH                      0.00   1        0.00   0.01   
 ORB_gaunt_table Calc_Gaunt_CH                      0.00   1631     0.00   0.00   
 ORB_gaunt_table init_Gaunt                         0.01   1        0.01   0.05   
 ORB_gaunt_table Get_Gaunt_SH                       0.01   25313    0.00   0.02   
 Center2_Orb     cal_ST_Phi12_R                     13.68  769      0.02   46.09  
 ESolver_KS_LCAO after_all_runners                  0.01   1        0.01   0.02   
 ModuleIO        nscf_band                          0.01   1        0.01   0.02   
----------------------------------------------------------------------------------


 NAME-------------------------|MEMORY(MB)--------
                         total     30917.4637
                    ORB::Jl(x)     29499.7681
                  Gint::hRGint       377.5144
                 Gint::DMRGint       377.2019
       TwoCenterTable: Kinetic       137.3855
       TwoCenterTable: Overlap       137.3855
      TwoCenterTable: Nonlocal       136.0217
                  meshball_pos        27.1106
               GT::ind_bigcell        24.9796
         GT::in_this_processor        24.9796
              GT::index2normal        24.9796
               GT::index2ucell        24.9796
                HamiltLCAO::hR        23.2472
            DensityMatrix::DMR        22.9347
                HamiltLCAO::sR        16.3717
            DensityMatrix::DMK        10.9727
      GT::bigcell_on_processor         6.2449
                  PW_B_K::gcar         6.2443
                    index_ball         4.5184
                  SF::strucFac         4.0952
                RealGauntTable         3.7773
                  SF::eigts123         2.2983
                      Chg::rho         2.1094
                 Chg::rho_save         2.1094
                 Chg::rho_core         2.1094
                 Pot::veff_fix         2.1094
                     Pot::veff         2.1094
              Pot::veff_smooth         2.1094
                   PW_B_K::gk2         2.0814
                 ORB::Gaunt_CH         2.0508
                GT::which_atom         1.4598
             GT::which_bigcell         1.4598
            GT::which_unitcell         1.4598
                     Chg::rhog         1.0238
                Chg::rhog_save         1.0238
                Chg::rhog_core         1.0238
 -------------   < 1.0 MB has been ignored ----------------
 ----------------------------------------------------------

 Start  Time  : Fri Oct  9 19:12:42 2026
 Finish Time  : Fri Oct  9 19:13:12 2026
 Total  Time  : 0 h 0 mins 30 secs 
