                                                                                     
                              ABACUS v3.10.0

               Atomic-orbital Based Ab-initio Computation at UStc                    

                     Website: http://abacus.ustc.edu.cn/                             
               Documentation: https://abacus.deepmodeling.com/                       
                  Repository: https://github.com/abacusmodeling/abacus-develop       
                              https://github.com/deepmodeling/abacus-develop         
                      Commit: f7cb1d3 (Mon May 12 16:53:30 2025 +0800)

    Start Time is Fri Oct  9 19:35:06 2026
                                                                                     
 ------------------------------------------------------------------------------------

 READING GENERAL INFORMATION
                           global_out_dir = OUT.ABACUS/
                           global_in_card = INPUT
                               pseudo_dir = 
                              orbital_dir = 
                                    DRANK = 1
                                    DSIZE = 32
                                   DCOLOR = 1
                                    GRANK = 1
                                    GSIZE = 1




 >>>>>>>>>>>>>>>>>>>>>>>>>>>>>>>>>>>>>>>>>>>>>>>>>>>>>>>>>>>>>>>>>>>>>>
 |                                                                    |
 | Reading atom information in unitcell:                              |
 | From the input file and the structure file we know the number of   |
 | different elments in this unitcell, then we list the detail        |
 | information for each element, especially the zeta and polar atomic |
 | orbital number for each element. The total atom number is counted. |
 | We calculate the nearest atom distance for each atom and show the  |
 | Cartesian and Direct coordinates for each atom. We list the file   |
 | address for atomic orbitals. The volume and the lattice vectors    |
 | in real and reciprocal space is also shown.                        |
 |                                                                    |
 <<<<<<<<<<<<<<<<<<<<<<<<<<<<<<<<<<<<<<<<<<<<<<<<<<<<<<<<<<<<<<<<<<<<<<




 READING UNITCELL INFORMATION
                                    ntype = 2
                  lattice constant (Bohr) = 1.88973
              lattice constant (Angstrom) = 1

 READING ATOM TYPE 1
                               atom label = Hf
                      L=0, number of zeta = 4
                      L=1, number of zeta = 2
                      L=2, number of zeta = 2
                      L=3, number of zeta = 1
             number of atom for this type = 4

 READING ATOM TYPE 2
                               atom label = O
                      L=0, number of zeta = 2
                      L=1, number of zeta = 2
                      L=2, number of zeta = 1
             number of atom for this type = 8

                        TOTAL ATOM NUMBER = 12
DIRECT COORDINATES
    atom                   x                   y                   z     mag                  vx                  vy                  vz
taud_Hf1            0.9849310057        0.9921773258        0.0150614405  0.0000        0.0000000000        0.0000000000        0.0000000000
taud_Hf2            0.0147269309        0.5076530803        0.5150566549  0.0000        0.0000000000        0.0000000000        0.0000000000
taud_Hf3            0.5147277605        0.9921826155        0.5150587368  0.0000        0.0000000000        0.0000000000        0.0000000000
taud_Hf4            0.4849316952        0.5076587163        0.0150595520  0.0000        0.0000000000        0.0000000000        0.0000000000
taud_O1            0.1776829096        0.3069097267        0.1909666001  0.0000        0.0000000000        0.0000000000        0.0000000000
taud_O2            0.3219861706        0.3069168379        0.6909649220  0.0000        0.0000000000        0.0000000000        0.0000000000
taud_O3            0.2173518815        0.7975845627        0.2945146172  0.0000        0.0000000000        0.0000000000        0.0000000000
taud_O4            0.2823169501        0.7975912264        0.7945165712  0.0000        0.0000000000        0.0000000000        0.0000000000
taud_O5            0.6776826476        0.1929272663        0.1909698543  0.0000        0.0000000000        0.0000000000        0.0000000000
taud_O6            0.8219865452        0.1929200656        0.6909681090  0.0000        0.0000000000        0.0000000000        0.0000000000
taud_O7            0.7173523355        0.7022518841        0.2945122596  0.0000        0.0000000000        0.0000000000        0.0000000000
taud_O8            0.7823164799        0.7022456090        0.7945141483  0.0000        0.0000000000        0.0000000000        0.0000000000



                          Volume (Bohr^3) = 920.948
                             Volume (A^3) = 136.47

 Lattice vectors: (Cartesian coordinate: in unit of a_0)
             +5.16264        +1.46376e-07        -1.93378e-06
         +1.31626e-07            +5.13916        -2.39095e-06
         -1.15204e-06        -2.41956e-06            +5.14368
 Reciprocal vectors: (Cartesian coordinate: in unit of 2 pi/a_0)
            +0.193699        -4.96109e-09         +4.3383e-08
           -5.517e-09           +0.194584        +9.15315e-08
         +7.28216e-08        +9.04492e-08           +0.194413
 The esolver type has been set to : ksdft_lcao

 RUNNING WITH DEVICE  : CPU / AMD EPYC 7702 64-Core Processor




 >>>>>>>>>>>>>>>>>>>>>>>>>>>>>>>>>>>>>>>>>>>>>>>>>>>>>>>>>>>>>>>>>>>>>>
 |                                                                    |
 | Reading pseudopotentials files:                                    |
 | The pseudopotential file is in UPF format. The 'NC' indicates that |
 | the type of pseudopotential is 'norm conserving'. Functional of    |
 | exchange and correlation is decided by 4 given parameters in UPF   |
 | file.  We also read in the 'core correction' if there exists.      |
 | Also we can read the valence electrons number and the maximal      |
 | angular momentum used in this pseudopotential. We also read in the |
 | trail wave function, trail atomic density and local-pseudopotential|
 | on logrithmic grid. The non-local pseudopotential projector is also|
 | read in if there is any.                                           |
 |                                                                    |
 <<<<<<<<<<<<<<<<<<<<<<<<<<<<<<<<<<<<<<<<<<<<<<<<<<<<<<<<<<<<<<<<<<<<<<




                PAO radial cut off (Bohr) = 15

 Read in pseudopotential file is Hf.upf
                     pseudopotential type = NC
          exchange-correlation functional = PBE
                 nonlocal core correction = 1
                        valence electrons = 12
                                     lmax = 3
                           number of zeta = 4
                     number of projectors = 8
                           L of projector = 0
                           L of projector = 0
                           L of projector = 1
                           L of projector = 1
                           L of projector = 2
                           L of projector = 2
                           L of projector = 3
                           L of projector = 3
                PAO radial cut off (Bohr) = 15

 Read in pseudopotential file is O.upf
                     pseudopotential type = NC
          exchange-correlation functional = PBE
                 nonlocal core correction = 1
                        valence electrons = 6
                                     lmax = 2
                           number of zeta = 2
                     number of projectors = 5
                           L of projector = 0
                           L of projector = 0
                           L of projector = 1
                           L of projector = 1
                           L of projector = 2
     initial pseudo atomic orbital number = 72

 SETUP THE ELECTRONS NUMBER
            electron number of element Hf = 12
      total electron number of element Hf = 48
             electron number of element O = 6
       total electron number of element O = 48
            AUTOSET number of electrons:  = 96
                           occupied bands = 48
                                   NLOCAL = 212
                                   NBANDS = 58
                                   NBANDS = 58
                                   NLOCAL = 212

%%%%%%%%%%%%%%%%%%%%%%%%%%%%%%%%%%%%%%%%%%%%%%%%%%%%%%%%%%%%%%%%%%%%%%%%%%%%%%%%%%%%%%%%%%%%%%%%%%%%%%%%%%
 Warning: the number of valence electrons in pseudopotential > 4 for Hf: [Xe] 4f14 5d2 6s2
 Pseudopotentials with additional electrons can yield (more) accurate outcomes, but may be less efficient.
 If you're confident that your chosen pseudopotential is appropriate, you can safely ignore this warning.
%%%%%%%%%%%%%%%%%%%%%%%%%%%%%%%%%%%%%%%%%%%%%%%%%%%%%%%%%%%%%%%%%%%%%%%%%%%%%%%%%%%%%%%%%%%%%%%%%%%%%%%%%%
                  




 >>>>>>>>>>>>>>>>>>>>>>>>>>>>>>>>>>>>>>>>>>>>>>>>>>>>>>>>>>>>>>>>>>>>>>
 |                                                                    |
 | Setup plane waves of charge/potential:                             |
 | Use the energy cutoff and the lattice vectors to generate the      |
 | dimensions of FFT grid. The number of FFT grid on each processor   |
 | is 'nrxx'. The number of plane wave basis in reciprocal space is   |
 | different for charege/potential and wave functions. We also set    |
 | the 'sticks' for the parallel of FFT. The number of plane waves    |
 | is 'npw' in each processor.                                        |
 <<<<<<<<<<<<<<<<<<<<<<<<<<<<<<<<<<<<<<<<<<<<<<<<<<<<<<<<<<<<<<<<<<<<<<





 SETUP THE PLANE WAVE BASIS
 energy cutoff for charge/potential (unit:Ry) = 400
            fft grid for charge/potential = [ 64, 64, 64 ]
                        fft grid division = [ 2, 2, 2 ]
        big fft grid for charge/potential = [ 32, 32, 32 ]
                                     nbxx = 1024
                                     nrxx = 8192

 SETUP PLANE WAVES FOR CHARGE/POTENTIAL
                    number of plane waves = 124259
                         number of sticks = 3007

 PARALLEL PW FOR CHARGE/POTENTIAL
     PROC   COLUMNS(POT)             PW
        1             94           3886
        2             94           3884
        3             94           3884
        4             94           3884
        5             94           3884
        6             94           3884
        7             94           3884
        8             94           3884
        9             94           3884
       10             94           3884
       11             94           3884
       12             93           3881
       13             94           3884
       14             94           3884
       15             94           3882
       16             94           3882
       17             94           3882
       18             94           3882
       19             94           3882
       20             94           3882
       21             94           3882
       22             94           3882
       23             94           3882
       24             94           3882
       25             94           3882
       26             94           3882
       27             94           3882
       28             94           3882
       29             94           3884
       30             94           3884
       31             94           3884
       32             94           3884
 --------------- sum -------------------
       32           3007         124259
                            number of |g| = 3805
                                  max |g| = 36.1814
                                  min |g| = 0.678442
 DONE : SETUP UNITCELL Time : 1.0067 (SEC)


----------- Double Check Mixing Parameters Begin ------------
mixing_type: broyden
mixing_beta: 0.3
mixing_gg0: 1
mixing_gg0_min: 0.1
mixing_ndim: 8
----------- Double Check Mixing Parameters End ------------




 >>>>>>>>>>>>>>>>>>>>>>>>>>>>>>>>>>>>>>>>>>>>>>>>>>>>>>>>>>>>>>>>>>>>>>
 |                                                                    |
 | Setup K-points                                                     |
 | We setup the k-points according to input parameters.               |
 | The reduced k-points are set according to symmetry operations.     |
 | We treat the spin as another set of k-points.                      |
 |                                                                    |
 <<<<<<<<<<<<<<<<<<<<<<<<<<<<<<<<<<<<<<<<<<<<<<<<<<<<<<<<<<<<<<<<<<<<<<





 SETUP K-POINTS
                                    nspin = 1
                   Input type of k points = Monkhorst-Pack(Gamma)
                                   nkstot = 32
K-POINTS DIRECT COORDINATES
 KPOINTS    DIRECT_X    DIRECT_Y    DIRECT_Z  WEIGHT
       1  0.00000000  0.00000000  0.00000000  0.0312
       2  0.50000000  0.00000000  0.00000000  0.0312
       3  0.00000000  0.50000000  0.00000000  0.0312
       4  0.50000000  0.50000000  0.00000000  0.0312
       5  0.00000000  0.00000000  0.12500000  0.0312
       6  0.50000000  0.00000000  0.12500000  0.0312
       7  0.00000000  0.50000000  0.12500000  0.0312
       8  0.50000000  0.50000000  0.12500000  0.0312
       9  0.00000000  0.00000000  0.25000000  0.0312
      10  0.50000000  0.00000000  0.25000000  0.0312
      11  0.00000000  0.50000000  0.25000000  0.0312
      12  0.50000000  0.50000000  0.25000000  0.0312
      13  0.00000000  0.00000000  0.37500000  0.0312
      14  0.50000000  0.00000000  0.37500000  0.0312
      15  0.00000000  0.50000000  0.37500000  0.0312
      16  0.50000000  0.50000000  0.37500000  0.0312
      17  0.00000000  0.00000000  0.50000000  0.0312
      18  0.50000000  0.00000000  0.50000000  0.0312
      19  0.00000000  0.50000000  0.50000000  0.0312
      20  0.50000000  0.50000000  0.50000000  0.0312
      21  0.00000000  0.00000000  0.62500000  0.0312
      22  0.50000000  0.00000000  0.62500000  0.0312
      23  0.00000000  0.50000000  0.62500000  0.0312
      24  0.50000000  0.50000000  0.62500000  0.0312
      25  0.00000000  0.00000000  0.75000000  0.0312
      26  0.50000000  0.00000000  0.75000000  0.0312
      27  0.00000000  0.50000000  0.75000000  0.0312
      28  0.50000000  0.50000000  0.75000000  0.0312
      29  0.00000000  0.00000000  0.87500000  0.0312
      30  0.50000000  0.00000000  0.87500000  0.0312
      31  0.00000000  0.50000000  0.87500000  0.0312
      32  0.50000000  0.50000000  0.87500000  0.0312


           k-point number in this process = 32
       minimum distributed K point number = 32

K-POINTS CARTESIAN COORDINATES
 KPOINTS CARTESIAN_X CARTESIAN_Y CARTESIAN_Z  WEIGHT
       1  0.00000000  0.00000000  0.00000000  0.0625
       2  0.09684958 -0.00000000  0.00000002  0.0625
       3 -0.00000000  0.09729217  0.00000005  0.0625
       4  0.09684958  0.09729216  0.00000007  0.0625
       5  0.00000001  0.00000001  0.02430165  0.0625
       6  0.09684959  0.00000001  0.02430167  0.0625
       7  0.00000001  0.09729218  0.02430169  0.0625
       8  0.09684959  0.09729217  0.02430171  0.0625
       9  0.00000002  0.00000002  0.04860329  0.0625
      10  0.09684960  0.00000002  0.04860331  0.0625
      11  0.00000002  0.09729219  0.04860334  0.0625
      12  0.09684960  0.09729219  0.04860336  0.0625
      13  0.00000003  0.00000003  0.07290494  0.0625
      14  0.09684961  0.00000003  0.07290496  0.0625
      15  0.00000002  0.09729220  0.07290498  0.0625
      16  0.09684961  0.09729220  0.07290500  0.0625
      17  0.00000004  0.00000005  0.09720658  0.0625
      18  0.09684962  0.00000004  0.09720660  0.0625
      19  0.00000003  0.09729221  0.09720663  0.0625
      20  0.09684962  0.09729221  0.09720665  0.0625
      21  0.00000005  0.00000006  0.12150823  0.0625
      22  0.09684963  0.00000005  0.12150825  0.0625
      23  0.00000004  0.09729222  0.12150827  0.0625
      24  0.09684963  0.09729222  0.12150829  0.0625
      25  0.00000005  0.00000007  0.14580987  0.0625
      26  0.09684964  0.00000007  0.14580989  0.0625
      27  0.00000005  0.09729223  0.14580992  0.0625
      28  0.09684964  0.09729223  0.14580994  0.0625
      29  0.00000006  0.00000008  0.17011152  0.0625
      30  0.09684965  0.00000008  0.17011154  0.0625
      31  0.00000006  0.09729224  0.17011156  0.0625
      32  0.09684965  0.09729224  0.17011158  0.0625


K-POINTS DIRECT COORDINATES
 KPOINTS    DIRECT_X    DIRECT_Y    DIRECT_Z  WEIGHT
       1  0.00000000  0.00000000  0.00000000  0.0625
       2  0.50000000  0.00000000  0.00000000  0.0625
       3  0.00000000  0.50000000  0.00000000  0.0625
       4  0.50000000  0.50000000  0.00000000  0.0625
       5  0.00000000  0.00000000  0.12500000  0.0625
       6  0.50000000  0.00000000  0.12500000  0.0625
       7  0.00000000  0.50000000  0.12500000  0.0625
       8  0.50000000  0.50000000  0.12500000  0.0625
       9  0.00000000  0.00000000  0.25000000  0.0625
      10  0.50000000  0.00000000  0.25000000  0.0625
      11  0.00000000  0.50000000  0.25000000  0.0625
      12  0.50000000  0.50000000  0.25000000  0.0625
      13  0.00000000  0.00000000  0.37500000  0.0625
      14  0.50000000  0.00000000  0.37500000  0.0625
      15  0.00000000  0.50000000  0.37500000  0.0625
      16  0.50000000  0.50000000  0.37500000  0.0625
      17  0.00000000  0.00000000  0.50000000  0.0625
      18  0.50000000  0.00000000  0.50000000  0.0625
      19  0.00000000  0.50000000  0.50000000  0.0625
      20  0.50000000  0.50000000  0.50000000  0.0625
      21  0.00000000  0.00000000  0.62500000  0.0625
      22  0.50000000  0.00000000  0.62500000  0.0625
      23  0.00000000  0.50000000  0.62500000  0.0625
      24  0.50000000  0.50000000  0.62500000  0.0625
      25  0.00000000  0.00000000  0.75000000  0.0625
      26  0.50000000  0.00000000  0.75000000  0.0625
      27  0.00000000  0.50000000  0.75000000  0.0625
      28  0.50000000  0.50000000  0.75000000  0.0625
      29  0.00000000  0.00000000  0.87500000  0.0625
      30  0.50000000  0.00000000  0.87500000  0.0625
      31  0.00000000  0.50000000  0.87500000  0.0625
      32  0.50000000  0.50000000  0.87500000  0.0625

 DONE : INIT K-POINTS Time : 1.07069 (SEC)





 >>>>>>>>>>>>>>>>>>>>>>>>>>>>>>>>>>>>>>>>>>>>>>>>>>>>>>>>>>>>>>>>>>>>>>
 |                                                                    |
 | Setup plane waves of wave functions:                               |
 | Use the energy cutoff and the lattice vectors to generate the      |
 | dimensions of FFT grid. The number of FFT grid on each processor   |
 | is 'nrxx'. The number of plane wave basis in reciprocal space is   |
 | different for charege/potential and wave functions. We also set    |
 | the 'sticks' for the parallel of FFT. The number of plane wave of  |
 | each k-point is 'npwk[ik]' in each processor                       |
 <<<<<<<<<<<<<<<<<<<<<<<<<<<<<<<<<<<<<<<<<<<<<<<<<<<<<<<<<<<<<<<<<<<<<<





 SETUP PLANE WAVES FOR WAVE FUNCTIONS
     energy cutoff for wavefunc (unit:Ry) = 100
              fft grid for wave functions = [ 64, 64, 64 ]
                    number of plane waves = 19237
                         number of sticks = 869

 PARALLEL PW FOR WAVE FUNCTIONS
     PROC   COLUMNS(POT)             PW
        1             27            603
        2             27            603
        3             27            601
        4             27            601
        5             27            601
        6             27            601
        7             27            601
        8             27            601
        9             27            601
       10             27            601
       11             27            601
       12             27            601
       13             27            601
       14             27            601
       15             28            602
       16             28            602
       17             28            602
       18             28            602
       19             27            599
       20             27            599
       21             27            601
       22             27            601
       23             27            601
       24             27            601
       25             28            602
       26             27            601
       27             27            601
       28             27            601
       29             27            601
       30             27            601
       31             27            601
       32             27            601
 --------------- sum -------------------
       32            869          19237
 DONE : INIT PLANEWAVE Time : 1.11991 (SEC)

 SET NONLOCAL PSEUDOPOTENTIAL PROJECTORS
 SET NONLOCAL PSEUDOPOTENTIAL PROJECTORS
 max number of nonlocal projetors among all species is 8
 DONE : LOCAL POTENTIAL Time : 1.79125 (SEC)


 -------------------------------------------
 NONSELF-CONSISTENT
 -------------------------------------------




 >>>>>>>>>>>>>>>>>>>>>>>>>>>>>>>>>>>>>>>>>>>>>>>>>>>>>>>>>>>>>>>>>>>>>>
 |                                                                    |
 | Search adjacent atoms:                                             |
 | Set the adjacent atoms for each atom and set the periodic boundary |
 | condition for the atoms on real space FFT grid. For k-dependent    |
 | algorithm, we also need to set the sparse H and S matrix element   |
 | for each atom.                                                     |
 |                                                                    |
 <<<<<<<<<<<<<<<<<<<<<<<<<<<<<<<<<<<<<<<<<<<<<<<<<<<<<<<<<<<<<<<<<<<<<<





 SETUP SEARCHING RADIUS FOR PROGRAM TO SEARCH ADJACENT ATOMS
                  longest orb rcut (Bohr) = 10
   longest nonlocal projector rcut (Bohr) = 2.46
                     search radius (Bohr) = 24.9
              searching radius is (Bohr)) = 24.9
         searching radius unit is (Bohr)) = 1.89
                         PeriodicBoundary = 1
                        Radius(unit:lat0) = 13.2
                                   glayer = [ 4, 4, 4 ]
                             glayer_minus = [ 3, 3, 3 ]

Find the coordinate range of the input atom(unit:lat0).
                                  min_tau = [ -15.4, -14.4, -15.4 ]
                                  max_tau = [ 20.6, 20.5, 19.5 ]
                                BoxNumber = [ 7, 7, 7 ]

 SETUP EXTENDED REAL SPACE GRID FOR GRID INTEGRATION
                          real space grid = [ 64, 64, 64 ]
                 big cell numbers in grid = [ 32, 32, 32 ]
             meshcell numbers in big cell = [ 2, 2, 2 ]
                        extended fft grid = [ 33, 33, 33 ]
                dimension of extened grid = [ 99, 99, 99 ]
                            UnitCellTotal = 125
              Atom number in sub-FFT-grid = 12
    Local orbitals number in sub-FFT-grid = 212
                                ParaV.nnr = 81779

 Warning_Memory_Consuming allocated:  Gint::hRGint 12.6 MB

 Warning_Memory_Consuming allocated:  Gint::DMRGint 12.6 MB
                                 init_chg = file
 try to read charge from file
 Find the file OUT.ABACUS//SPIN1_CHG.cube , try to read it.
 Read in the charge density: OUT.ABACUS//SPIN1_CHG.cube
 DONE : INIT SCF Time : 2.45098 (SEC)


 LCAO ALGORITHM --------------- ION=   1  ELEC=   1--------------------------------
 Energy (eV) & Occupations  for spin=1 K-point=1
      1       -49.0613      0.0625000
      2       -49.0455      0.0625000
      3       -49.0451      0.0625000
      4       -49.0450      0.0625000
      5       -18.8095      0.0625000
      6       -18.8057      0.0625000
      7       -18.8048      0.0625000
      8       -18.6349      0.0625000
      9       -18.5551      0.0625000
     10       -18.5549      0.0625000
     11       -18.5537      0.0625000
     12       -18.5149      0.0625000
     13       -18.5085      0.0625000
     14       -18.4354      0.0625000
     15       -18.4319      0.0625000
     16       -18.4314      0.0625000
     17       -6.86222      0.0625000
     18       -5.50677      0.0625000
     19       -5.46732      0.0625000
     20       -5.46235      0.0625000
     21       -4.87556      0.0625000
     22       -4.84653      0.0625000
     23       -4.83789      0.0625000
     24       -4.20660      0.0625000
     25        5.55784      0.0625000
     26        5.56901      0.0625000
     27        5.58389      0.0625000
     28        6.39337      0.0625000
     29        6.39396      0.0625000
     30        6.40893      0.0625000
     31        8.07276      0.0625000
     32        8.12951      0.0625000
     33        8.13335      0.0625000
     34        8.32495      0.0625000
     35        8.48163      0.0625000
     36        8.50735      0.0625000
     37        8.64004      0.0625000
     38        8.69201      0.0625000
     39        9.63699      0.0625000
     40        9.73333      0.0625000
     41        9.79314      0.0625000
     42        10.6067      0.0625000
     43        10.7230      0.0625000
     44        10.7705      0.0625000
     45        10.9251      0.0625000
     46        10.9676      0.0625000
     47        10.9998      0.0625000
     48        11.4035      0.0625000
     49        15.9880        0.00000
     50        16.0494        0.00000
     51        16.1332        0.00000
     52        16.1588        0.00000
     53        16.2111        0.00000
     54        16.3050        0.00000
     55        16.9492        0.00000
     56        16.9872        0.00000
     57        17.1043        0.00000
     58        17.1578        0.00000
 Energy (eV) & Occupations  for spin=1 K-point=2
      1       -49.0536      0.0625000
      2       -49.0535      0.0625000
      3       -49.0449      0.0625000
      4       -49.0449      0.0625000
      5       -18.6913      0.0625000
      6       -18.6913      0.0625000
      7       -18.6828      0.0625000
      8       -18.6828      0.0625000
      9       -18.6295      0.0625000
     10       -18.6294      0.0625000
     11       -18.5637      0.0625000
     12       -18.5636      0.0625000
     13       -18.4943      0.0625000
     14       -18.4942      0.0625000
     15       -18.4732      0.0625000
     16       -18.4732      0.0625000
     17       -6.01739      0.0625000
     18       -6.01730      0.0625000
     19       -5.24655      0.0625000
     20       -5.24650      0.0625000
     21       -5.07659      0.0625000
     22       -5.07654      0.0625000
     23       -4.80306      0.0625000
     24       -4.80305      0.0625000
     25        6.42257      0.0625000
     26        6.42258      0.0625000
     27        6.60368      0.0625000
     28        6.60377      0.0625000
     29        6.97482      0.0625000
     30        6.97486      0.0625000
     31        7.30198      0.0625000
     32        7.30200      0.0625000
     33        7.72101      0.0625000
     34        7.72107      0.0625000
     35        8.34707      0.0625000
     36        8.34717      0.0625000
     37        8.53606      0.0625000
     38        8.53612      0.0625000
     39        9.36925      0.0625000
     40        9.36927      0.0625000
     41        9.73851      0.0625000
     42        9.73853      0.0625000
     43        10.6480      0.0625000
     44        10.6480      0.0625000
     45        10.7577      0.0625000
     46        10.7577      0.0625000
     47        10.9398      0.0625000
     48        10.9399      0.0625000
     49        16.3048        0.00000
     50        16.3048        0.00000
     51        16.4483        0.00000
     52        16.4484        0.00000
     53        16.6737        0.00000
     54        16.6737        0.00000
     55        16.9920        0.00000
     56        16.9920        0.00000
     57        17.1485        0.00000
     58        17.1485        0.00000
 Energy (eV) & Occupations  for spin=1 K-point=3
      1       -49.0551      0.0625000
      2       -49.0518      0.0625000
      3       -49.0452      0.0625000
      4       -49.0450      0.0625000
      5       -18.7141      0.0625000
      6       -18.6994      0.0625000
      7       -18.6638      0.0625000
      8       -18.6612      0.0625000
      9       -18.6407      0.0625000
     10       -18.6188      0.0625000
     11       -18.5668      0.0625000
     12       -18.5653      0.0625000
     13       -18.5003      0.0625000
     14       -18.4862      0.0625000
     15       -18.4848      0.0625000
     16       -18.4688      0.0625000
     17       -6.17536      0.0625000
     18       -5.79583      0.0625000
     19       -5.28262      0.0625000
     20       -5.25015      0.0625000
     21       -5.17607      0.0625000
     22       -4.97110      0.0625000
     23       -4.87923      0.0625000
     24       -4.75604      0.0625000
     25        6.25389      0.0625000
     26        6.38138      0.0625000
     27        6.63922      0.0625000
     28        6.79520      0.0625000
     29        6.93343      0.0625000
     30        7.12532      0.0625000
     31        7.20914      0.0625000
     32        7.28840      0.0625000
     33        7.43957      0.0625000
     34        7.98351      0.0625000
     35        8.37858      0.0625000
     36        8.41884      0.0625000
     37        8.48359      0.0625000
     38        8.48703      0.0625000
     39        9.24407      0.0625000
     40        9.62532      0.0625000
     41        9.67788      0.0625000
     42        9.76107      0.0625000
     43        10.4803      0.0625000
     44        10.6888      0.0625000
     45        10.7253      0.0625000
     46        10.7723      0.0625000
     47        10.9090      0.0625000
     48        11.1081      0.0625000
     49        16.0554        0.00000
     50        16.2605        0.00000
     51        16.4085        0.00000
     52        16.4142        0.00000
     53        16.5610        0.00000
     54        17.0146        0.00000
     55        17.0456        0.00000
     56        17.1390        0.00000
     57        17.2228        0.00000
     58        17.3142        0.00000
 Energy (eV) & Occupations  for spin=1 K-point=4
      1       -49.0511      0.0625000
      2       -49.0511      0.0625000
      3       -49.0474      0.0625000
      4       -49.0474      0.0625000
      5       -18.7157      0.0625000
      6       -18.7156      0.0625000
      7       -18.6843      0.0625000
      8       -18.6843      0.0625000
      9       -18.6187      0.0625000
     10       -18.6187      0.0625000
     11       -18.5650      0.0625000
     12       -18.5650      0.0625000
     13       -18.4898      0.0625000
     14       -18.4898      0.0625000
     15       -18.4637      0.0625000
     16       -18.4636      0.0625000
     17       -5.77952      0.0625000
     18       -5.77937      0.0625000
     19       -5.45009      0.0625000
     20       -5.45003      0.0625000
     21       -5.07903      0.0625000
     22       -5.07888      0.0625000
     23       -4.88292      0.0625000
     24       -4.88286      0.0625000
     25        6.65387      0.0625000
     26        6.65400      0.0625000
     27        6.87957      0.0625000
     28        6.87958      0.0625000
     29        7.12172      0.0625000
     30        7.12173      0.0625000
     31        7.57403      0.0625000
     32        7.57407      0.0625000
     33        8.15486      0.0625000
     34        8.15490      0.0625000
     35        8.20513      0.0625000
     36        8.20519      0.0625000
     37        8.74167      0.0625000
     38        8.74170      0.0625000
     39        8.94907      0.0625000
     40        8.94915      0.0625000
     41        9.58175      0.0625000
     42        9.58180      0.0625000
     43        9.91161      0.0625000
     44        9.91163      0.0625000
     45        10.5010      0.0625000
     46        10.5011      0.0625000
     47        10.5804      0.0625000
     48        10.5805      0.0625000
     49        15.7183        0.00000
     50        15.7183        0.00000
     51        16.1988        0.00000
     52        16.1988        0.00000
     53        16.8169        0.00000
     54        16.8170        0.00000
     55        17.1213        0.00000
     56        17.1213        0.00000
     57        17.5443        0.00000
     58        17.5443        0.00000
 Energy (eV) & Occupations  for spin=1 K-point=5
      1       -49.0607      0.0625000
      2       -49.0457      0.0625000
      3       -49.0455      0.0625000
      4       -49.0451      0.0625000
      5       -18.7969      0.0625000
      6       -18.7969      0.0625000
      7       -18.7953      0.0625000
      8       -18.6355      0.0625000
      9       -18.5639      0.0625000
     10       -18.5556      0.0625000
     11       -18.5512      0.0625000
     12       -18.5236      0.0625000
     13       -18.5051      0.0625000
     14       -18.4457      0.0625000
     15       -18.4388      0.0625000
     16       -18.4365      0.0625000
     17       -6.79980      0.0625000
     18       -5.47242      0.0625000
     19       -5.46020      0.0625000
     20       -5.44834      0.0625000
     21       -4.94151      0.0625000
     22       -4.86085      0.0625000
     23       -4.85668      0.0625000
     24       -4.25883      0.0625000
     25        5.62806      0.0625000
     26        5.63878      0.0625000
     27        5.71966      0.0625000
     28        6.43413      0.0625000
     29        6.44777      0.0625000
     30        6.54101      0.0625000
     31        7.88659      0.0625000
     32        7.96602      0.0625000
     33        8.15060      0.0625000
     34        8.19974      0.0625000
     35        8.35411      0.0625000
     36        8.53052      0.0625000
     37        8.64175      0.0625000
     38        8.85313      0.0625000
     39        9.68623      0.0625000
     40        9.75314      0.0625000
     41        9.94421      0.0625000
     42        10.3745      0.0625000
     43        10.5434      0.0625000
     44        10.7304      0.0625000
     45        10.8334      0.0625000
     46        10.9639      0.0625000
     47        10.9650      0.0625000
     48        11.3676      0.0625000
     49        16.0125        0.00000
     50        16.1185        0.00000
     51        16.1542        0.00000
     52        16.2698        0.00000
     53        16.3309        0.00000
     54        16.3472        0.00000
     55        16.8921        0.00000
     56        16.9211        0.00000
     57        17.0328        0.00000
     58        17.2606        0.00000
 Energy (eV) & Occupations  for spin=1 K-point=6
      1       -49.0533      0.0625000
      2       -49.0532      0.0625000
      3       -49.0452      0.0625000
      4       -49.0452      0.0625000
      5       -18.6949      0.0625000
      6       -18.6949      0.0625000
      7       -18.6807      0.0625000
      8       -18.6807      0.0625000
      9       -18.6348      0.0625000
     10       -18.6348      0.0625000
     11       -18.5529      0.0625000
     12       -18.5529      0.0625000
     13       -18.5040      0.0625000
     14       -18.5039      0.0625000
     15       -18.4679      0.0625000
     16       -18.4678      0.0625000
     17       -5.98947      0.0625000
     18       -5.98938      0.0625000
     19       -5.26896      0.0625000
     20       -5.26889      0.0625000
     21       -5.07839      0.0625000
     22       -5.07834      0.0625000
     23       -4.81451      0.0625000
     24       -4.81450      0.0625000
     25        6.47813      0.0625000
     26        6.47815      0.0625000
     27        6.66028      0.0625000
     28        6.66039      0.0625000
     29        7.02796      0.0625000
     30        7.02798      0.0625000
     31        7.25816      0.0625000
     32        7.25820      0.0625000
     33        7.72826      0.0625000
     34        7.72833      0.0625000
     35        8.32013      0.0625000
     36        8.32021      0.0625000
     37        8.62782      0.0625000
     38        8.62787      0.0625000
     39        9.26937      0.0625000
     40        9.26943      0.0625000
     41        9.79167      0.0625000
     42        9.79170      0.0625000
     43        10.5312      0.0625000
     44        10.5313      0.0625000
     45        10.6697      0.0625000
     46        10.6697      0.0625000
     47        10.9098      0.0625000
     48        10.9099      0.0625000
     49        16.2237        0.00000
     50        16.2237        0.00000
     51        16.3949        0.00000
     52        16.3950        0.00000
     53        16.7513        0.00000
     54        16.7514        0.00000
     55        16.9934        0.00000
     56        16.9934        0.00000
     57        17.2073        0.00000
     58        17.2074        0.00000
 Energy (eV) & Occupations  for spin=1 K-point=7
      1       -49.0547      0.0625000
      2       -49.0515      0.0625000
      3       -49.0454      0.0625000
      4       -49.0454      0.0625000
      5       -18.7172      0.0625000
      6       -18.6927      0.0625000
      7       -18.6710      0.0625000
      8       -18.6605      0.0625000
      9       -18.6432      0.0625000
     10       -18.6292      0.0625000
     11       -18.5602      0.0625000
     12       -18.5601      0.0625000
     13       -18.4927      0.0625000
     14       -18.4869      0.0625000
     15       -18.4831      0.0625000
     16       -18.4740      0.0625000
     17       -6.14360      0.0625000
     18       -5.77079      0.0625000
     19       -5.32085      0.0625000
     20       -5.24078      0.0625000
     21       -5.19599      0.0625000
     22       -4.96426      0.0625000
     23       -4.90116      0.0625000
     24       -4.76422      0.0625000
     25        6.32666      0.0625000
     26        6.39702      0.0625000
     27        6.70953      0.0625000
     28        6.77366      0.0625000
     29        6.94568      0.0625000
     30        7.09507      0.0625000
     31        7.28698      0.0625000
     32        7.36189      0.0625000
     33        7.48998      0.0625000
     34        8.01458      0.0625000
     35        8.32599      0.0625000
     36        8.43598      0.0625000
     37        8.45731      0.0625000
     38        8.53876      0.0625000
     39        9.22562      0.0625000
     40        9.61175      0.0625000
     41        9.62344      0.0625000
     42        9.73530      0.0625000
     43        10.4807      0.0625000
     44        10.4914      0.0625000
     45        10.5410      0.0625000
     46        10.8076      0.0625000
     47        10.8912      0.0625000
     48        11.0812      0.0625000
     49        15.9750        0.00000
     50        16.2138        0.00000
     51        16.2180        0.00000
     52        16.4336        0.00000
     53        16.6485        0.00000
     54        17.0766        0.00000
     55        17.0876        0.00000
     56        17.1436        0.00000
     57        17.1942        0.00000
     58        17.3525        0.00000
 Energy (eV) & Occupations  for spin=1 K-point=8
      1       -49.0509      0.0625000
      2       -49.0509      0.0625000
      3       -49.0475      0.0625000
      4       -49.0475      0.0625000
      5       -18.7367      0.0625000
      6       -18.7367      0.0625000
      7       -18.7106      0.0625000
      8       -18.7106      0.0625000
      9       -18.5905      0.0625000
     10       -18.5905      0.0625000
     11       -18.5479      0.0625000
     12       -18.5479      0.0625000
     13       -18.4879      0.0625000
     14       -18.4878      0.0625000
     15       -18.4623      0.0625000
     16       -18.4623      0.0625000
     17       -5.79766      0.0625000
     18       -5.79751      0.0625000
     19       -5.52593      0.0625000
     20       -5.52585      0.0625000
     21       -5.00635      0.0625000
     22       -5.00621      0.0625000
     23       -4.85714      0.0625000
     24       -4.85708      0.0625000
     25        6.66605      0.0625000
     26        6.66617      0.0625000
     27        6.90431      0.0625000
     28        6.90432      0.0625000
     29        7.11432      0.0625000
     30        7.11433      0.0625000
     31        7.48092      0.0625000
     32        7.48094      0.0625000
     33        8.17862      0.0625000
     34        8.17866      0.0625000
     35        8.26007      0.0625000
     36        8.26012      0.0625000
     37        8.83508      0.0625000
     38        8.83509      0.0625000
     39        9.04708      0.0625000
     40        9.04717      0.0625000
     41        9.53871      0.0625000
     42        9.53878      0.0625000
     43        9.87887      0.0625000
     44        9.87890      0.0625000
     45        10.4308      0.0625000
     46        10.4309      0.0625000
     47        10.5192      0.0625000
     48        10.5192      0.0625000
     49        15.6882        0.00000
     50        15.6883        0.00000
     51        16.1635        0.00000
     52        16.1636        0.00000
     53        16.6843        0.00000
     54        16.6843        0.00000
     55        17.0426        0.00000
     56        17.0426        0.00000
     57        17.6386        0.00000
     58        17.6386        0.00000
 Energy (eV) & Occupations  for spin=1 K-point=9
      1       -49.0590      0.0625000
      2       -49.0474      0.0625000
      3       -49.0454      0.0625000
      4       -49.0451      0.0625000
      5       -18.7719      0.0625000
      6       -18.7682      0.0625000
      7       -18.7607      0.0625000
      8       -18.6408      0.0625000
      9       -18.5892      0.0625000
     10       -18.5575      0.0625000
     11       -18.5480      0.0625000
     12       -18.5407      0.0625000
     13       -18.4991      0.0625000
     14       -18.4802      0.0625000
     15       -18.4503      0.0625000
     16       -18.4485      0.0625000
     17       -6.62017      0.0625000
     18       -5.49623      0.0625000
     19       -5.39608      0.0625000
     20       -5.38020      0.0625000
     21       -5.08018      0.0625000
     22       -4.90952      0.0625000
     23       -4.89393      0.0625000
     24       -4.40188      0.0625000
     25        5.77402      0.0625000
     26        5.87469      0.0625000
     27        6.14475      0.0625000
     28        6.53930      0.0625000
     29        6.57124      0.0625000
     30        6.94607      0.0625000
     31        7.56006      0.0625000
     32        7.59594      0.0625000
     33        7.79823      0.0625000
     34        8.05800      0.0625000
     35        8.20698      0.0625000
     36        8.59418      0.0625000
     37        8.72784      0.0625000
     38        9.14255      0.0625000
     39        9.67324      0.0625000
     40        9.69311      0.0625000
     41        9.79256      0.0625000
     42        10.0350      0.0625000
     43        10.2442      0.0625000
     44        10.6380      0.0625000
     45        10.7439      0.0625000
     46        10.9343      0.0625000
     47        10.9581      0.0625000
     48        11.2731      0.0625000
     49        16.0905        0.00000
     50        16.1821        0.00000
     51        16.2552        0.00000
     52        16.3845        0.00000
     53        16.4164        0.00000
     54        16.7410        0.00000
     55        16.7923        0.00000
     56        16.8558        0.00000
     57        16.9864        0.00000
     58        17.3031        0.00000
 Energy (eV) & Occupations  for spin=1 K-point=10
      1       -49.0523      0.0625000
      2       -49.0523      0.0625000
      3       -49.0462      0.0625000
      4       -49.0461      0.0625000
      5       -18.7034      0.0625000
      6       -18.7034      0.0625000
      7       -18.6780      0.0625000
      8       -18.6780      0.0625000
      9       -18.6384      0.0625000
     10       -18.6384      0.0625000
     11       -18.5364      0.0625000
     12       -18.5364      0.0625000
     13       -18.5173      0.0625000
     14       -18.5173      0.0625000
     15       -18.4625      0.0625000
     16       -18.4625      0.0625000
     17       -5.90902      0.0625000
     18       -5.90893      0.0625000
     19       -5.34939      0.0625000
     20       -5.34930      0.0625000
     21       -5.06255      0.0625000
     22       -5.06253      0.0625000
     23       -4.84824      0.0625000
     24       -4.84823      0.0625000
     25        6.58588      0.0625000
     26        6.58593      0.0625000
     27        6.85249      0.0625000
     28        6.85262      0.0625000
     29        7.06743      0.0625000
     30        7.06745      0.0625000
     31        7.26550      0.0625000
     32        7.26557      0.0625000
     33        7.76600      0.0625000
     34        7.76606      0.0625000
     35        8.24663      0.0625000
     36        8.24667      0.0625000
     37        8.83594      0.0625000
     38        8.83598      0.0625000
     39        9.09311      0.0625000
     40        9.09315      0.0625000
     41        9.76528      0.0625000
     42        9.76529      0.0625000
     43        10.2390      0.0625000
     44        10.2391      0.0625000
     45        10.5296      0.0625000
     46        10.5296      0.0625000
     47        10.8215      0.0625000
     48        10.8215      0.0625000
     49        16.0891        0.00000
     50        16.0891        0.00000
     51        16.2577        0.00000
     52        16.2577        0.00000
     53        16.9035        0.00000
     54        16.9036        0.00000
     55        17.0236        0.00000
     56        17.0237        0.00000
     57        17.3037        0.00000
     58        17.3039        0.00000
 Energy (eV) & Occupations  for spin=1 K-point=11
      1       -49.0536      0.0625000
      2       -49.0508      0.0625000
      3       -49.0465      0.0625000
      4       -49.0461      0.0625000
      5       -18.7222      0.0625000
      6       -18.6839      0.0625000
      7       -18.6749      0.0625000
      8       -18.6747      0.0625000
      9       -18.6503      0.0625000
     10       -18.6305      0.0625000
     11       -18.5592      0.0625000
     12       -18.5479      0.0625000
     13       -18.4866      0.0625000
     14       -18.4860      0.0625000
     15       -18.4786      0.0625000
     16       -18.4778      0.0625000
     17       -6.05252      0.0625000
     18       -5.69944      0.0625000
     19       -5.42589      0.0625000
     20       -5.25511      0.0625000
     21       -5.21286      0.0625000
     22       -4.95847      0.0625000
     23       -4.94400      0.0625000
     24       -4.78870      0.0625000
     25        6.45290      0.0625000
     26        6.52173      0.0625000
     27        6.73575      0.0625000
     28        6.89542      0.0625000
     29        6.99862      0.0625000
     30        7.03408      0.0625000
     31        7.49044      0.0625000
     32        7.55868      0.0625000
     33        7.56011      0.0625000
     34        7.95106      0.0625000
     35        8.22473      0.0625000
     36        8.42086      0.0625000
     37        8.54737      0.0625000
     38        8.68571      0.0625000
     39        9.22909      0.0625000
     40        9.42340      0.0625000
     41        9.55348      0.0625000
     42        9.59604      0.0625000
     43        10.2394      0.0625000
     44        10.2787      0.0625000
     45        10.4639      0.0625000
     46        10.6006      0.0625000
     47        10.8338      0.0625000
     48        10.9643      0.0625000
     49        15.8515        0.00000
     50        15.9239        0.00000
     51        16.1395        0.00000
     52        16.4376        0.00000
     53        16.8118        0.00000
     54        16.9879        0.00000
     55        17.1175        0.00000
     56        17.1744        0.00000
     57        17.2476        0.00000
     58        17.3260        0.00000
 Energy (eV) & Occupations  for spin=1 K-point=12
      1       -49.0505      0.0625000
      2       -49.0505      0.0625000
      3       -49.0479      0.0625000
      4       -49.0479      0.0625000
      5       -18.7711      0.0625000
      6       -18.7711      0.0625000
      7       -18.7514      0.0625000
      8       -18.7514      0.0625000
      9       -18.5502      0.0625000
     10       -18.5501      0.0625000
     11       -18.5220      0.0625000
     12       -18.5220      0.0625000
     13       -18.4803      0.0625000
     14       -18.4803      0.0625000
     15       -18.4577      0.0625000
     16       -18.4577      0.0625000
     17       -5.83436      0.0625000
     18       -5.83423      0.0625000
     19       -5.65831      0.0625000
     20       -5.65822      0.0625000
     21       -4.88366      0.0625000
     22       -4.88355      0.0625000
     23       -4.80009      0.0625000
     24       -4.80002      0.0625000
     25        6.69051      0.0625000
     26        6.69059      0.0625000
     27        6.94098      0.0625000
     28        6.94101      0.0625000
     29        7.12833      0.0625000
     30        7.12837      0.0625000
     31        7.30463      0.0625000
     32        7.30465      0.0625000
     33        8.28710      0.0625000
     34        8.28714      0.0625000
     35        8.42267      0.0625000
     36        8.42268      0.0625000
     37        8.95491      0.0625000
     38        8.95494      0.0625000
     39        9.19073      0.0625000
     40        9.19081      0.0625000
     41        9.50380      0.0625000
     42        9.50389      0.0625000
     43        9.83283      0.0625000
     44        9.83284      0.0625000
     45        10.2347      0.0625000
     46        10.2349      0.0625000
     47        10.3697      0.0625000
     48        10.3697      0.0625000
     49        15.5978        0.00000
     50        15.5979        0.00000
     51        15.9855        0.00000
     52        15.9855        0.00000
     53        16.5812        0.00000
     54        16.5812        0.00000
     55        16.9114        0.00000
     56        16.9114        0.00000
     57        17.7578        0.00000
     58        17.7578        0.00000
 Energy (eV) & Occupations  for spin=1 K-point=13
      1       -49.0563      0.0625000
      2       -49.0501      0.0625000
      3       -49.0454      0.0625000
      4       -49.0452      0.0625000
      5       -18.7352      0.0625000
      6       -18.7279      0.0625000
      7       -18.7067      0.0625000
      8       -18.6594      0.0625000
      9       -18.6270      0.0625000
     10       -18.5727      0.0625000
     11       -18.5598      0.0625000
     12       -18.5553      0.0625000
     13       -18.5002      0.0625000
     14       -18.4898      0.0625000
     15       -18.4690      0.0625000
     16       -18.4622      0.0625000
     17       -6.34609      0.0625000
     18       -5.69458      0.0625000
     19       -5.32460      0.0625000
     20       -5.27875      0.0625000
     21       -5.12566      0.0625000
     22       -4.98623      0.0625000
     23       -4.90081      0.0625000
     24       -4.59909      0.0625000
     25        6.02862      0.0625000
     26        6.23913      0.0625000
     27        6.61072      0.0625000
     28        6.64577      0.0625000
     29        6.92502      0.0625000
     30        7.23091      0.0625000
     31        7.24864      0.0625000
     32        7.27755      0.0625000
     33        7.51314      0.0625000
     34        7.78307      0.0625000
     35        8.30569      0.0625000
     36        8.45598      0.0625000
     37        8.75943      0.0625000
     38        9.03520      0.0625000
     39        9.15517      0.0625000
     40        9.47180      0.0625000
     41        9.66597      0.0625000
     42        9.83428      0.0625000
     43        10.5329      0.0625000
     44        10.5794      0.0625000
     45        10.6751      0.0625000
     46        10.8775      0.0625000
     47        10.9683      0.0625000
     48        11.1448      0.0625000
     49        16.2033        0.00000
     50        16.2070        0.00000
     51        16.2993        0.00000
     52        16.3981        0.00000
     53        16.5846        0.00000
     54        16.7877        0.00000
     55        16.8161        0.00000
     56        16.9723        0.00000
     57        17.0918        0.00000
     58        17.3295        0.00000
 Energy (eV) & Occupations  for spin=1 K-point=14
      1       -49.0509      0.0625000
      2       -49.0508      0.0625000
      3       -49.0476      0.0625000
      4       -49.0475      0.0625000
      5       -18.7071      0.0625000
      6       -18.7071      0.0625000
      7       -18.6892      0.0625000
      8       -18.6892      0.0625000
      9       -18.6202      0.0625000
     10       -18.6202      0.0625000
     11       -18.5586      0.0625000
     12       -18.5586      0.0625000
     13       -18.4972      0.0625000
     14       -18.4972      0.0625000
     15       -18.4646      0.0625000
     16       -18.4646      0.0625000
     17       -5.78582      0.0625000
     18       -5.78572      0.0625000
     19       -5.48134      0.0625000
     20       -5.48125      0.0625000
     21       -5.01930      0.0625000
     22       -5.01928      0.0625000
     23       -4.89997      0.0625000
     24       -4.89996      0.0625000
     25        6.70135      0.0625000
     26        6.70138      0.0625000
     27        6.93536      0.0625000
     28        6.93539      0.0625000
     29        7.16171      0.0625000
     30        7.16180      0.0625000
     31        7.36794      0.0625000
     32        7.36798      0.0625000
     33        7.88139      0.0625000
     34        7.88145      0.0625000
     35        8.27122      0.0625000
     36        8.27127      0.0625000
     37        8.67293      0.0625000
     38        8.67302      0.0625000
     39        9.16498      0.0625000
     40        9.16501      0.0625000
     41        9.54679      0.0625000
     42        9.54681      0.0625000
     43        9.99499      0.0625000
     44        9.99503      0.0625000
     45        10.4890      0.0625000
     46        10.4890      0.0625000
     47        10.6855      0.0625000
     48        10.6855      0.0625000
     49        16.0016        0.00000
     50        16.0016        0.00000
     51        16.1214        0.00000
     52        16.1214        0.00000
     53        17.0166        0.00000
     54        17.0167        0.00000
     55        17.0625        0.00000
     56        17.0625        0.00000
     57        17.4028        0.00000
     58        17.4030        0.00000
 Energy (eV) & Occupations  for spin=1 K-point=15
      1       -49.0520      0.0625000
      2       -49.0497      0.0625000
      3       -49.0481      0.0625000
      4       -49.0472      0.0625000
      5       -18.7221      0.0625000
      6       -18.6962      0.0625000
      7       -18.6914      0.0625000
      8       -18.6760      0.0625000
      9       -18.6417      0.0625000
     10       -18.6045      0.0625000
     11       -18.5779      0.0625000
     12       -18.5505      0.0625000
     13       -18.4902      0.0625000
     14       -18.4776      0.0625000
     15       -18.4768      0.0625000
     16       -18.4694      0.0625000
     17       -5.91425      0.0625000
     18       -5.59293      0.0625000
     19       -5.57640      0.0625000
     20       -5.34990      0.0625000
     21       -5.16717      0.0625000
     22       -5.03251      0.0625000
     23       -4.91158      0.0625000
     24       -4.82650      0.0625000
     25        6.55017      0.0625000
     26        6.70081      0.0625000
     27        6.75735      0.0625000
     28        6.97453      0.0625000
     29        7.11035      0.0625000
     30        7.12109      0.0625000
     31        7.48933      0.0625000
     32        7.68930      0.0625000
     33        7.79879      0.0625000
     34        7.86283      0.0625000
     35        8.19443      0.0625000
     36        8.44269      0.0625000
     37        8.60640      0.0625000
     38        8.88195      0.0625000
     39        9.04651      0.0625000
     40        9.23024      0.0625000
     41        9.38297      0.0625000
     42        9.64043      0.0625000
     43        9.95700      0.0625000
     44        10.1533      0.0625000
     45        10.3231      0.0625000
     46        10.4089      0.0625000
     47        10.7524      0.0625000
     48        10.8004      0.0625000
     49        15.7321        0.00000
     50        15.7454        0.00000
     51        16.1260        0.00000
     52        16.3371        0.00000
     53        16.9506        0.00000
     54        16.9957        0.00000
     55        17.0929        0.00000
     56        17.2212        0.00000
     57        17.2506        0.00000
     58        17.3007        0.00000
 Energy (eV) & Occupations  for spin=1 K-point=16
      1       -49.0499      0.0625000
      2       -49.0499      0.0625000
      3       -49.0485      0.0625000
      4       -49.0484      0.0625000
      5       -18.7944      0.0625000
      6       -18.7944      0.0625000
      7       -18.7836      0.0625000
      8       -18.7836      0.0625000
      9       -18.5236      0.0625000
     10       -18.5236      0.0625000
     11       -18.5106      0.0625000
     12       -18.5105      0.0625000
     13       -18.4654      0.0625000
     14       -18.4654      0.0625000
     15       -18.4518      0.0625000
     16       -18.4518      0.0625000
     17       -5.85620      0.0625000
     18       -5.85607      0.0625000
     19       -5.77064      0.0625000
     20       -5.77053      0.0625000
     21       -4.78769      0.0625000
     22       -4.78758      0.0625000
     23       -4.75137      0.0625000
     24       -4.75128      0.0625000
     25        6.72102      0.0625000
     26        6.72107      0.0625000
     27        6.88979      0.0625000
     28        6.88982      0.0625000
     29        7.18254      0.0625000
     30        7.18257      0.0625000
     31        7.23501      0.0625000
     32        7.23505      0.0625000
     33        8.44514      0.0625000
     34        8.44519      0.0625000
     35        8.59208      0.0625000
     36        8.59208      0.0625000
     37        8.98364      0.0625000
     38        8.98367      0.0625000
     39        9.26611      0.0625000
     40        9.26616      0.0625000
     41        9.48918      0.0625000
     42        9.48924      0.0625000
     43        9.77827      0.0625000
     44        9.77835      0.0625000
     45        10.0750      0.0625000
     46        10.0751      0.0625000
     47        10.2242      0.0625000
     48        10.2242      0.0625000
     49        15.5049        0.00000
     50        15.5050        0.00000
     51        15.7097        0.00000
     52        15.7097        0.00000
     53        16.6432        0.00000
     54        16.6432        0.00000
     55        16.8172        0.00000
     56        16.8172        0.00000
     57        17.8012        0.00000
     58        17.8012        0.00000
 Energy (eV) & Occupations  for spin=1 K-point=17
      1       -49.0533      0.0625000
      2       -49.0531      0.0625000
      3       -49.0454      0.0625000
      4       -49.0452      0.0625000
      5       -18.6941      0.0625000
      6       -18.6940      0.0625000
      7       -18.6837      0.0625000
      8       -18.6835      0.0625000
      9       -18.6314      0.0625000
     10       -18.6313      0.0625000
     11       -18.5605      0.0625000
     12       -18.5604      0.0625000
     13       -18.4884      0.0625000
     14       -18.4882      0.0625000
     15       -18.4770      0.0625000
     16       -18.4769      0.0625000
     17       -6.01642      0.0625000
     18       -6.01636      0.0625000
     19       -5.26376      0.0625000
     20       -5.26369      0.0625000
     21       -5.06929      0.0625000
     22       -5.06924      0.0625000
     23       -4.79423      0.0625000
     24       -4.79416      0.0625000
     25        6.34589      0.0625000
     26        6.34600      0.0625000
     27        6.75619      0.0625000
     28        6.75625      0.0625000
     29        6.93170      0.0625000
     30        6.93173      0.0625000
     31        7.33864      0.0625000
     32        7.33869      0.0625000
     33        7.72233      0.0625000
     34        7.72241      0.0625000
     35        8.37257      0.0625000
     36        8.37261      0.0625000
     37        8.43839      0.0625000
     38        8.43845      0.0625000
     39        9.37199      0.0625000
     40        9.37200      0.0625000
     41        9.70861      0.0625000
     42        9.70865      0.0625000
     43        10.6127      0.0625000
     44        10.6128      0.0625000
     45        10.7493      0.0625000
     46        10.7493      0.0625000
     47        11.0277      0.0625000
     48        11.0278      0.0625000
     49        16.2483        0.00000
     50        16.2484        0.00000
     51        16.3265        0.00000
     52        16.3266        0.00000
     53        16.7124        0.00000
     54        16.7125        0.00000
     55        16.9160        0.00000
     56        16.9161        0.00000
     57        17.2838        0.00000
     58        17.2841        0.00000
 Energy (eV) & Occupations  for spin=1 K-point=18
      1       -49.0493      0.0625000
      2       -49.0493      0.0625000
      3       -49.0491      0.0625000
      4       -49.0491      0.0625000
      5       -18.7019      0.0625000
      6       -18.7019      0.0625000
      7       -18.7019      0.0625000
      8       -18.7019      0.0625000
      9       -18.5904      0.0625000
     10       -18.5903      0.0625000
     11       -18.5902      0.0625000
     12       -18.5902      0.0625000
     13       -18.4765      0.0625000
     14       -18.4765      0.0625000
     15       -18.4765      0.0625000
     16       -18.4765      0.0625000
     17       -5.63596      0.0625000
     18       -5.63592      0.0625000
     19       -5.63586      0.0625000
     20       -5.63580      0.0625000
     21       -4.96085      0.0625000
     22       -4.96082      0.0625000
     23       -4.96078      0.0625000
     24       -4.96076      0.0625000
     25        6.82219      0.0625000
     26        6.82221      0.0625000
     27        6.82223      0.0625000
     28        6.82226      0.0625000
     29        7.34180      0.0625000
     30        7.34184      0.0625000
     31        7.34188      0.0625000
     32        7.34193      0.0625000
     33        8.12718      0.0625000
     34        8.12723      0.0625000
     35        8.12728      0.0625000
     36        8.12734      0.0625000
     37        8.80113      0.0625000
     38        8.80115      0.0625000
     39        8.80124      0.0625000
     40        8.80125      0.0625000
     41        9.75063      0.0625000
     42        9.75065      0.0625000
     43        9.75071      0.0625000
     44        9.75073      0.0625000
     45        10.5540      0.0625000
     46        10.5540      0.0625000
     47        10.5540      0.0625000
     48        10.5540      0.0625000
     49        16.0201        0.00000
     50        16.0202        0.00000
     51        16.0203        0.00000
     52        16.0204        0.00000
     53        17.0628        0.00000
     54        17.0628        0.00000
     55        17.0630        0.00000
     56        17.0630        0.00000
     57        17.5108        0.00000
     58        17.5108        0.00000
 Energy (eV) & Occupations  for spin=1 K-point=19
      1       -49.0501      0.0625000
      2       -49.0499      0.0625000
      3       -49.0485      0.0625000
      4       -49.0484      0.0625000
      5       -18.7133      0.0625000
      6       -18.7133      0.0625000
      7       -18.6888      0.0625000
      8       -18.6888      0.0625000
      9       -18.6091      0.0625000
     10       -18.6089      0.0625000
     11       -18.5746      0.0625000
     12       -18.5745      0.0625000
     13       -18.4825      0.0625000
     14       -18.4825      0.0625000
     15       -18.4694      0.0625000
     16       -18.4694      0.0625000
     17       -5.74771      0.0625000
     18       -5.74763      0.0625000
     19       -5.46916      0.0625000
     20       -5.46909      0.0625000
     21       -5.10559      0.0625000
     22       -5.10551      0.0625000
     23       -4.87035      0.0625000
     24       -4.87025      0.0625000
     25        6.64546      0.0625000
     26        6.64554      0.0625000
     27        6.90423      0.0625000
     28        6.90428      0.0625000
     29        7.30692      0.0625000
     30        7.30701      0.0625000
     31        7.37108      0.0625000
     32        7.37113      0.0625000
     33        8.11715      0.0625000
     34        8.11726      0.0625000
     35        8.22211      0.0625000
     36        8.22217      0.0625000
     37        8.69592      0.0625000
     38        8.69597      0.0625000
     39        9.03791      0.0625000
     40        9.03797      0.0625000
     41        9.67091      0.0625000
     42        9.67093      0.0625000
     43        9.83408      0.0625000
     44        9.83418      0.0625000
     45        10.3367      0.0625000
     46        10.3368      0.0625000
     47        10.7157      0.0625000
     48        10.7158      0.0625000
     49        15.6846        0.00000
     50        15.6846        0.00000
     51        16.2018        0.00000
     52        16.2018        0.00000
     53        17.0098        0.00000
     54        17.0099        0.00000
     55        17.1604        0.00000
     56        17.1606        0.00000
     57        17.2733        0.00000
     58        17.2734        0.00000
 Energy (eV) & Occupations  for spin=1 K-point=20
      1       -49.0493      0.0625000
      2       -49.0492      0.0625000
      3       -49.0491      0.0625000
      4       -49.0490      0.0625000
      5       -18.7990      0.0625000
      6       -18.7990      0.0625000
      7       -18.7990      0.0625000
      8       -18.7989      0.0625000
      9       -18.5120      0.0625000
     10       -18.5120      0.0625000
     11       -18.5119      0.0625000
     12       -18.5119      0.0625000
     13       -18.4531      0.0625000
     14       -18.4531      0.0625000
     15       -18.4530      0.0625000
     16       -18.4530      0.0625000
     17       -5.83832      0.0625000
     18       -5.83825      0.0625000
     19       -5.83820      0.0625000
     20       -5.83812      0.0625000
     21       -4.74252      0.0625000
     22       -4.74243      0.0625000
     23       -4.74242      0.0625000
     24       -4.74233      0.0625000
     25        6.78576      0.0625000
     26        6.78578      0.0625000
     27        6.78580      0.0625000
     28        6.78581      0.0625000
     29        7.22968      0.0625000
     30        7.22972      0.0625000
     31        7.22975      0.0625000
     32        7.22978      0.0625000
     33        8.57022      0.0625000
     34        8.57026      0.0625000
     35        8.57029      0.0625000
     36        8.57034      0.0625000
     37        9.16405      0.0625000
     38        9.16407      0.0625000
     39        9.16412      0.0625000
     40        9.16416      0.0625000
     41        9.56214      0.0625000
     42        9.56216      0.0625000
     43        9.56222      0.0625000
     44        9.56224      0.0625000
     45        10.1359      0.0625000
     46        10.1359      0.0625000
     47        10.1359      0.0625000
     48        10.1359      0.0625000
     49        15.5246        0.00000
     50        15.5246        0.00000
     51        15.5247        0.00000
     52        15.5247        0.00000
     53        16.7375        0.00000
     54        16.7376        0.00000
     55        16.7377        0.00000
     56        16.7377        0.00000
     57        17.8046        0.00000
     58        17.8046        0.00000
 Energy (eV) & Occupations  for spin=1 K-point=21
      1       -49.0563      0.0625000
      2       -49.0501      0.0625000
      3       -49.0454      0.0625000
      4       -49.0452      0.0625000
      5       -18.7352      0.0625000
      6       -18.7279      0.0625000
      7       -18.7067      0.0625000
      8       -18.6594      0.0625000
      9       -18.6270      0.0625000
     10       -18.5727      0.0625000
     11       -18.5598      0.0625000
     12       -18.5553      0.0625000
     13       -18.5002      0.0625000
     14       -18.4898      0.0625000
     15       -18.4690      0.0625000
     16       -18.4622      0.0625000
     17       -6.34609      0.0625000
     18       -5.69458      0.0625000
     19       -5.32460      0.0625000
     20       -5.27875      0.0625000
     21       -5.12566      0.0625000
     22       -4.98623      0.0625000
     23       -4.90081      0.0625000
     24       -4.59909      0.0625000
     25        6.02862      0.0625000
     26        6.23913      0.0625000
     27        6.61072      0.0625000
     28        6.64577      0.0625000
     29        6.92502      0.0625000
     30        7.23091      0.0625000
     31        7.24864      0.0625000
     32        7.27755      0.0625000
     33        7.51314      0.0625000
     34        7.78307      0.0625000
     35        8.30569      0.0625000
     36        8.45598      0.0625000
     37        8.75943      0.0625000
     38        9.03520      0.0625000
     39        9.15517      0.0625000
     40        9.47180      0.0625000
     41        9.66597      0.0625000
     42        9.83428      0.0625000
     43        10.5329      0.0625000
     44        10.5794      0.0625000
     45        10.6751      0.0625000
     46        10.8775      0.0625000
     47        10.9683      0.0625000
     48        11.1448      0.0625000
     49        16.2033        0.00000
     50        16.2070        0.00000
     51        16.2993        0.00000
     52        16.3981        0.00000
     53        16.5846        0.00000
     54        16.7877        0.00000
     55        16.8161        0.00000
     56        16.9723        0.00000
     57        17.0918        0.00000
     58        17.3295        0.00000
 Energy (eV) & Occupations  for spin=1 K-point=22
      1       -49.0509      0.0625000
      2       -49.0508      0.0625000
      3       -49.0476      0.0625000
      4       -49.0475      0.0625000
      5       -18.7071      0.0625000
      6       -18.7071      0.0625000
      7       -18.6892      0.0625000
      8       -18.6892      0.0625000
      9       -18.6202      0.0625000
     10       -18.6202      0.0625000
     11       -18.5586      0.0625000
     12       -18.5586      0.0625000
     13       -18.4972      0.0625000
     14       -18.4972      0.0625000
     15       -18.4646      0.0625000
     16       -18.4646      0.0625000
     17       -5.78582      0.0625000
     18       -5.78572      0.0625000
     19       -5.48134      0.0625000
     20       -5.48125      0.0625000
     21       -5.01930      0.0625000
     22       -5.01928      0.0625000
     23       -4.89997      0.0625000
     24       -4.89996      0.0625000
     25        6.70135      0.0625000
     26        6.70138      0.0625000
     27        6.93536      0.0625000
     28        6.93539      0.0625000
     29        7.16171      0.0625000
     30        7.16180      0.0625000
     31        7.36794      0.0625000
     32        7.36798      0.0625000
     33        7.88139      0.0625000
     34        7.88145      0.0625000
     35        8.27122      0.0625000
     36        8.27127      0.0625000
     37        8.67293      0.0625000
     38        8.67302      0.0625000
     39        9.16498      0.0625000
     40        9.16501      0.0625000
     41        9.54679      0.0625000
     42        9.54681      0.0625000
     43        9.99499      0.0625000
     44        9.99503      0.0625000
     45        10.4890      0.0625000
     46        10.4890      0.0625000
     47        10.6855      0.0625000
     48        10.6855      0.0625000
     49        16.0016        0.00000
     50        16.0016        0.00000
     51        16.1214        0.00000
     52        16.1214        0.00000
     53        17.0166        0.00000
     54        17.0167        0.00000
     55        17.0625        0.00000
     56        17.0625        0.00000
     57        17.4028        0.00000
     58        17.4030        0.00000
 Energy (eV) & Occupations  for spin=1 K-point=23
      1       -49.0520      0.0625000
      2       -49.0497      0.0625000
      3       -49.0481      0.0625000
      4       -49.0472      0.0625000
      5       -18.7221      0.0625000
      6       -18.6962      0.0625000
      7       -18.6914      0.0625000
      8       -18.6760      0.0625000
      9       -18.6417      0.0625000
     10       -18.6045      0.0625000
     11       -18.5779      0.0625000
     12       -18.5505      0.0625000
     13       -18.4902      0.0625000
     14       -18.4776      0.0625000
     15       -18.4768      0.0625000
     16       -18.4694      0.0625000
     17       -5.91425      0.0625000
     18       -5.59293      0.0625000
     19       -5.57640      0.0625000
     20       -5.34990      0.0625000
     21       -5.16717      0.0625000
     22       -5.03251      0.0625000
     23       -4.91158      0.0625000
     24       -4.82650      0.0625000
     25        6.55017      0.0625000
     26        6.70081      0.0625000
     27        6.75735      0.0625000
     28        6.97453      0.0625000
     29        7.11035      0.0625000
     30        7.12109      0.0625000
     31        7.48933      0.0625000
     32        7.68930      0.0625000
     33        7.79879      0.0625000
     34        7.86283      0.0625000
     35        8.19443      0.0625000
     36        8.44269      0.0625000
     37        8.60640      0.0625000
     38        8.88195      0.0625000
     39        9.04651      0.0625000
     40        9.23024      0.0625000
     41        9.38297      0.0625000
     42        9.64043      0.0625000
     43        9.95700      0.0625000
     44        10.1533      0.0625000
     45        10.3231      0.0625000
     46        10.4089      0.0625000
     47        10.7524      0.0625000
     48        10.8004      0.0625000
     49        15.7321        0.00000
     50        15.7454        0.00000
     51        16.1260        0.00000
     52        16.3371        0.00000
     53        16.9506        0.00000
     54        16.9957        0.00000
     55        17.0929        0.00000
     56        17.2212        0.00000
     57        17.2506        0.00000
     58        17.3007        0.00000
 Energy (eV) & Occupations  for spin=1 K-point=24
      1       -49.0499      0.0625000
      2       -49.0499      0.0625000
      3       -49.0485      0.0625000
      4       -49.0484      0.0625000
      5       -18.7944      0.0625000
      6       -18.7944      0.0625000
      7       -18.7836      0.0625000
      8       -18.7836      0.0625000
      9       -18.5236      0.0625000
     10       -18.5236      0.0625000
     11       -18.5106      0.0625000
     12       -18.5105      0.0625000
     13       -18.4654      0.0625000
     14       -18.4654      0.0625000
     15       -18.4518      0.0625000
     16       -18.4518      0.0625000
     17       -5.85620      0.0625000
     18       -5.85607      0.0625000
     19       -5.77064      0.0625000
     20       -5.77053      0.0625000
     21       -4.78769      0.0625000
     22       -4.78758      0.0625000
     23       -4.75137      0.0625000
     24       -4.75128      0.0625000
     25        6.72102      0.0625000
     26        6.72107      0.0625000
     27        6.88979      0.0625000
     28        6.88982      0.0625000
     29        7.18254      0.0625000
     30        7.18257      0.0625000
     31        7.23501      0.0625000
     32        7.23505      0.0625000
     33        8.44514      0.0625000
     34        8.44519      0.0625000
     35        8.59208      0.0625000
     36        8.59208      0.0625000
     37        8.98364      0.0625000
     38        8.98367      0.0625000
     39        9.26611      0.0625000
     40        9.26616      0.0625000
     41        9.48918      0.0625000
     42        9.48924      0.0625000
     43        9.77827      0.0625000
     44        9.77835      0.0625000
     45        10.0750      0.0625000
     46        10.0751      0.0625000
     47        10.2242      0.0625000
     48        10.2242      0.0625000
     49        15.5049        0.00000
     50        15.5050        0.00000
     51        15.7097        0.00000
     52        15.7097        0.00000
     53        16.6432        0.00000
     54        16.6432        0.00000
     55        16.8172        0.00000
     56        16.8172        0.00000
     57        17.8012        0.00000
     58        17.8012        0.00000
 Energy (eV) & Occupations  for spin=1 K-point=25
      1       -49.0590      0.0625000
      2       -49.0474      0.0625000
      3       -49.0454      0.0625000
      4       -49.0451      0.0625000
      5       -18.7719      0.0625000
      6       -18.7682      0.0625000
      7       -18.7607      0.0625000
      8       -18.6408      0.0625000
      9       -18.5892      0.0625000
     10       -18.5575      0.0625000
     11       -18.5480      0.0625000
     12       -18.5407      0.0625000
     13       -18.4991      0.0625000
     14       -18.4802      0.0625000
     15       -18.4503      0.0625000
     16       -18.4485      0.0625000
     17       -6.62017      0.0625000
     18       -5.49623      0.0625000
     19       -5.39608      0.0625000
     20       -5.38020      0.0625000
     21       -5.08018      0.0625000
     22       -4.90952      0.0625000
     23       -4.89393      0.0625000
     24       -4.40188      0.0625000
     25        5.77402      0.0625000
     26        5.87469      0.0625000
     27        6.14475      0.0625000
     28        6.53930      0.0625000
     29        6.57124      0.0625000
     30        6.94607      0.0625000
     31        7.56006      0.0625000
     32        7.59594      0.0625000
     33        7.79823      0.0625000
     34        8.05800      0.0625000
     35        8.20698      0.0625000
     36        8.59418      0.0625000
     37        8.72784      0.0625000
     38        9.14255      0.0625000
     39        9.67324      0.0625000
     40        9.69311      0.0625000
     41        9.79256      0.0625000
     42        10.0350      0.0625000
     43        10.2442      0.0625000
     44        10.6380      0.0625000
     45        10.7439      0.0625000
     46        10.9343      0.0625000
     47        10.9581      0.0625000
     48        11.2731      0.0625000
     49        16.0905        0.00000
     50        16.1821        0.00000
     51        16.2552        0.00000
     52        16.3845        0.00000
     53        16.4164        0.00000
     54        16.7410        0.00000
     55        16.7923        0.00000
     56        16.8558        0.00000
     57        16.9864        0.00000
     58        17.3031        0.00000
 Energy (eV) & Occupations  for spin=1 K-point=26
      1       -49.0523      0.0625000
      2       -49.0523      0.0625000
      3       -49.0462      0.0625000
      4       -49.0461      0.0625000
      5       -18.7034      0.0625000
      6       -18.7034      0.0625000
      7       -18.6780      0.0625000
      8       -18.6780      0.0625000
      9       -18.6384      0.0625000
     10       -18.6384      0.0625000
     11       -18.5364      0.0625000
     12       -18.5364      0.0625000
     13       -18.5173      0.0625000
     14       -18.5173      0.0625000
     15       -18.4625      0.0625000
     16       -18.4625      0.0625000
     17       -5.90902      0.0625000
     18       -5.90893      0.0625000
     19       -5.34939      0.0625000
     20       -5.34930      0.0625000
     21       -5.06255      0.0625000
     22       -5.06253      0.0625000
     23       -4.84824      0.0625000
     24       -4.84823      0.0625000
     25        6.58588      0.0625000
     26        6.58593      0.0625000
     27        6.85249      0.0625000
     28        6.85262      0.0625000
     29        7.06743      0.0625000
     30        7.06745      0.0625000
     31        7.26550      0.0625000
     32        7.26557      0.0625000
     33        7.76600      0.0625000
     34        7.76606      0.0625000
     35        8.24663      0.0625000
     36        8.24667      0.0625000
     37        8.83594      0.0625000
     38        8.83598      0.0625000
     39        9.09311      0.0625000
     40        9.09315      0.0625000
     41        9.76528      0.0625000
     42        9.76529      0.0625000
     43        10.2390      0.0625000
     44        10.2391      0.0625000
     45        10.5296      0.0625000
     46        10.5296      0.0625000
     47        10.8215      0.0625000
     48        10.8215      0.0625000
     49        16.0891        0.00000
     50        16.0891        0.00000
     51        16.2577        0.00000
     52        16.2577        0.00000
     53        16.9035        0.00000
     54        16.9036        0.00000
     55        17.0236        0.00000
     56        17.0237        0.00000
     57        17.3037        0.00000
     58        17.3039        0.00000
 Energy (eV) & Occupations  for spin=1 K-point=27
      1       -49.0536      0.0625000
      2       -49.0508      0.0625000
      3       -49.0465      0.0625000
      4       -49.0461      0.0625000
      5       -18.7222      0.0625000
      6       -18.6839      0.0625000
      7       -18.6749      0.0625000
      8       -18.6747      0.0625000
      9       -18.6503      0.0625000
     10       -18.6305      0.0625000
     11       -18.5592      0.0625000
     12       -18.5479      0.0625000
     13       -18.4866      0.0625000
     14       -18.4860      0.0625000
     15       -18.4786      0.0625000
     16       -18.4778      0.0625000
     17       -6.05252      0.0625000
     18       -5.69944      0.0625000
     19       -5.42589      0.0625000
     20       -5.25511      0.0625000
     21       -5.21286      0.0625000
     22       -4.95847      0.0625000
     23       -4.94400      0.0625000
     24       -4.78870      0.0625000
     25        6.45290      0.0625000
     26        6.52173      0.0625000
     27        6.73575      0.0625000
     28        6.89542      0.0625000
     29        6.99862      0.0625000
     30        7.03408      0.0625000
     31        7.49044      0.0625000
     32        7.55868      0.0625000
     33        7.56011      0.0625000
     34        7.95106      0.0625000
     35        8.22473      0.0625000
     36        8.42086      0.0625000
     37        8.54737      0.0625000
     38        8.68571      0.0625000
     39        9.22909      0.0625000
     40        9.42340      0.0625000
     41        9.55348      0.0625000
     42        9.59604      0.0625000
     43        10.2394      0.0625000
     44        10.2787      0.0625000
     45        10.4639      0.0625000
     46        10.6006      0.0625000
     47        10.8338      0.0625000
     48        10.9643      0.0625000
     49        15.8515        0.00000
     50        15.9239        0.00000
     51        16.1395        0.00000
     52        16.4376        0.00000
     53        16.8118        0.00000
     54        16.9879        0.00000
     55        17.1175        0.00000
     56        17.1744        0.00000
     57        17.2476        0.00000
     58        17.3260        0.00000
 Energy (eV) & Occupations  for spin=1 K-point=28
      1       -49.0505      0.0625000
      2       -49.0505      0.0625000
      3       -49.0479      0.0625000
      4       -49.0479      0.0625000
      5       -18.7711      0.0625000
      6       -18.7711      0.0625000
      7       -18.7514      0.0625000
      8       -18.7514      0.0625000
      9       -18.5502      0.0625000
     10       -18.5501      0.0625000
     11       -18.5220      0.0625000
     12       -18.5220      0.0625000
     13       -18.4803      0.0625000
     14       -18.4803      0.0625000
     15       -18.4577      0.0625000
     16       -18.4577      0.0625000
     17       -5.83436      0.0625000
     18       -5.83423      0.0625000
     19       -5.65831      0.0625000
     20       -5.65822      0.0625000
     21       -4.88366      0.0625000
     22       -4.88355      0.0625000
     23       -4.80009      0.0625000
     24       -4.80002      0.0625000
     25        6.69051      0.0625000
     26        6.69059      0.0625000
     27        6.94098      0.0625000
     28        6.94101      0.0625000
     29        7.12833      0.0625000
     30        7.12837      0.0625000
     31        7.30463      0.0625000
     32        7.30465      0.0625000
     33        8.28710      0.0625000
     34        8.28714      0.0625000
     35        8.42267      0.0625000
     36        8.42268      0.0625000
     37        8.95491      0.0625000
     38        8.95494      0.0625000
     39        9.19073      0.0625000
     40        9.19081      0.0625000
     41        9.50380      0.0625000
     42        9.50389      0.0625000
     43        9.83283      0.0625000
     44        9.83284      0.0625000
     45        10.2347      0.0625000
     46        10.2349      0.0625000
     47        10.3697      0.0625000
     48        10.3697      0.0625000
     49        15.5978        0.00000
     50        15.5979        0.00000
     51        15.9855        0.00000
     52        15.9855        0.00000
     53        16.5812        0.00000
     54        16.5812        0.00000
     55        16.9114        0.00000
     56        16.9114        0.00000
     57        17.7578        0.00000
     58        17.7578        0.00000
 Energy (eV) & Occupations  for spin=1 K-point=29
      1       -49.0607      0.0625000
      2       -49.0457      0.0625000
      3       -49.0455      0.0625000
      4       -49.0451      0.0625000
      5       -18.7969      0.0625000
      6       -18.7969      0.0625000
      7       -18.7953      0.0625000
      8       -18.6355      0.0625000
      9       -18.5639      0.0625000
     10       -18.5556      0.0625000
     11       -18.5512      0.0625000
     12       -18.5236      0.0625000
     13       -18.5051      0.0625000
     14       -18.4457      0.0625000
     15       -18.4388      0.0625000
     16       -18.4365      0.0625000
     17       -6.79980      0.0625000
     18       -5.47242      0.0625000
     19       -5.46020      0.0625000
     20       -5.44834      0.0625000
     21       -4.94151      0.0625000
     22       -4.86085      0.0625000
     23       -4.85668      0.0625000
     24       -4.25883      0.0625000
     25        5.62806      0.0625000
     26        5.63878      0.0625000
     27        5.71966      0.0625000
     28        6.43413      0.0625000
     29        6.44777      0.0625000
     30        6.54101      0.0625000
     31        7.88659      0.0625000
     32        7.96602      0.0625000
     33        8.15060      0.0625000
     34        8.19974      0.0625000
     35        8.35411      0.0625000
     36        8.53052      0.0625000
     37        8.64175      0.0625000
     38        8.85313      0.0625000
     39        9.68623      0.0625000
     40        9.75314      0.0625000
     41        9.94421      0.0625000
     42        10.3745      0.0625000
     43        10.5434      0.0625000
     44        10.7304      0.0625000
     45        10.8334      0.0625000
     46        10.9639      0.0625000
     47        10.9650      0.0625000
     48        11.3676      0.0625000
     49        16.0125        0.00000
     50        16.1185        0.00000
     51        16.1542        0.00000
     52        16.2698        0.00000
     53        16.3309        0.00000
     54        16.3472        0.00000
     55        16.8921        0.00000
     56        16.9211        0.00000
     57        17.0328        0.00000
     58        17.2606        0.00000
 Energy (eV) & Occupations  for spin=1 K-point=30
      1       -49.0533      0.0625000
      2       -49.0532      0.0625000
      3       -49.0452      0.0625000
      4       -49.0452      0.0625000
      5       -18.6949      0.0625000
      6       -18.6949      0.0625000
      7       -18.6807      0.0625000
      8       -18.6807      0.0625000
      9       -18.6348      0.0625000
     10       -18.6348      0.0625000
     11       -18.5529      0.0625000
     12       -18.5529      0.0625000
     13       -18.5040      0.0625000
     14       -18.5039      0.0625000
     15       -18.4679      0.0625000
     16       -18.4678      0.0625000
     17       -5.98947      0.0625000
     18       -5.98938      0.0625000
     19       -5.26896      0.0625000
     20       -5.26889      0.0625000
     21       -5.07839      0.0625000
     22       -5.07834      0.0625000
     23       -4.81451      0.0625000
     24       -4.81450      0.0625000
     25        6.47813      0.0625000
     26        6.47815      0.0625000
     27        6.66028      0.0625000
     28        6.66039      0.0625000
     29        7.02796      0.0625000
     30        7.02798      0.0625000
     31        7.25816      0.0625000
     32        7.25820      0.0625000
     33        7.72826      0.0625000
     34        7.72833      0.0625000
     35        8.32013      0.0625000
     36        8.32021      0.0625000
     37        8.62782      0.0625000
     38        8.62787      0.0625000
     39        9.26937      0.0625000
     40        9.26943      0.0625000
     41        9.79167      0.0625000
     42        9.79170      0.0625000
     43        10.5312      0.0625000
     44        10.5313      0.0625000
     45        10.6697      0.0625000
     46        10.6697      0.0625000
     47        10.9098      0.0625000
     48        10.9099      0.0625000
     49        16.2237        0.00000
     50        16.2237        0.00000
     51        16.3949        0.00000
     52        16.3950        0.00000
     53        16.7513        0.00000
     54        16.7514        0.00000
     55        16.9934        0.00000
     56        16.9934        0.00000
     57        17.2073        0.00000
     58        17.2074        0.00000
 Energy (eV) & Occupations  for spin=1 K-point=31
      1       -49.0547      0.0625000
      2       -49.0515      0.0625000
      3       -49.0454      0.0625000
      4       -49.0454      0.0625000
      5       -18.7172      0.0625000
      6       -18.6927      0.0625000
      7       -18.6710      0.0625000
      8       -18.6605      0.0625000
      9       -18.6432      0.0625000
     10       -18.6292      0.0625000
     11       -18.5602      0.0625000
     12       -18.5601      0.0625000
     13       -18.4927      0.0625000
     14       -18.4869      0.0625000
     15       -18.4831      0.0625000
     16       -18.4740      0.0625000
     17       -6.14360      0.0625000
     18       -5.77079      0.0625000
     19       -5.32085      0.0625000
     20       -5.24078      0.0625000
     21       -5.19599      0.0625000
     22       -4.96426      0.0625000
     23       -4.90116      0.0625000
     24       -4.76422      0.0625000
     25        6.32666      0.0625000
     26        6.39702      0.0625000
     27        6.70953      0.0625000
     28        6.77366      0.0625000
     29        6.94568      0.0625000
     30        7.09507      0.0625000
     31        7.28698      0.0625000
     32        7.36189      0.0625000
     33        7.48998      0.0625000
     34        8.01458      0.0625000
     35        8.32599      0.0625000
     36        8.43598      0.0625000
     37        8.45731      0.0625000
     38        8.53876      0.0625000
     39        9.22562      0.0625000
     40        9.61175      0.0625000
     41        9.62344      0.0625000
     42        9.73530      0.0625000
     43        10.4807      0.0625000
     44        10.4914      0.0625000
     45        10.5410      0.0625000
     46        10.8076      0.0625000
     47        10.8912      0.0625000
     48        11.0812      0.0625000
     49        15.9750        0.00000
     50        16.2138        0.00000
     51        16.2180        0.00000
     52        16.4336        0.00000
     53        16.6485        0.00000
     54        17.0766        0.00000
     55        17.0876        0.00000
     56        17.1436        0.00000
     57        17.1942        0.00000
     58        17.3525        0.00000
 Energy (eV) & Occupations  for spin=1 K-point=32
      1       -49.0509      0.0625000
      2       -49.0509      0.0625000
      3       -49.0475      0.0625000
      4       -49.0475      0.0625000
      5       -18.7367      0.0625000
      6       -18.7367      0.0625000
      7       -18.7106      0.0625000
      8       -18.7106      0.0625000
      9       -18.5905      0.0625000
     10       -18.5905      0.0625000
     11       -18.5479      0.0625000
     12       -18.5479      0.0625000
     13       -18.4879      0.0625000
     14       -18.4878      0.0625000
     15       -18.4623      0.0625000
     16       -18.4623      0.0625000
     17       -5.79766      0.0625000
     18       -5.79751      0.0625000
     19       -5.52593      0.0625000
     20       -5.52585      0.0625000
     21       -5.00635      0.0625000
     22       -5.00621      0.0625000
     23       -4.85714      0.0625000
     24       -4.85708      0.0625000
     25        6.66605      0.0625000
     26        6.66617      0.0625000
     27        6.90431      0.0625000
     28        6.90432      0.0625000
     29        7.11432      0.0625000
     30        7.11433      0.0625000
     31        7.48092      0.0625000
     32        7.48094      0.0625000
     33        8.17862      0.0625000
     34        8.17866      0.0625000
     35        8.26007      0.0625000
     36        8.26012      0.0625000
     37        8.83508      0.0625000
     38        8.83509      0.0625000
     39        9.04708      0.0625000
     40        9.04717      0.0625000
     41        9.53871      0.0625000
     42        9.53878      0.0625000
     43        9.87887      0.0625000
     44        9.87890      0.0625000
     45        10.4308      0.0625000
     46        10.4309      0.0625000
     47        10.5192      0.0625000
     48        10.5192      0.0625000
     49        15.6882        0.00000
     50        15.6883        0.00000
     51        16.1635        0.00000
     52        16.1636        0.00000
     53        16.6843        0.00000
     54        16.6843        0.00000
     55        17.0426        0.00000
     56        17.0426        0.00000
     57        17.6386        0.00000
     58        17.6386        0.00000

 Density error is 0.00000000000
----------------------------------------------------------
     Energy           Rydberg                 eV          
----------------------------------------------------------
 E_KohnSham     -718.9710910287      -9782.1035352665     
 E_KS(sigma->0) -718.9710910287      -9782.1035352665     
 E_Harris       -718.9710910287      -9782.1035352665     
 E_band         -37.5045933289       -510.2761704454      
 E_one_elec     -121.1681945248      -1648.5778619102     
 E_Hartree      116.4027013043       1583.7400003305      
 E_xc           -182.3513930184      -2481.0179832877     
 E_Ewald        -531.8542047897      -7236.2476903990     
 E_entropy(-TS) -0.0000000000        -0.0000000000        
 E_descf        0.0000000000         0.0000000000         
 E_exx          0.0000000000         0.0000000000         
 E_Fermi        1.0277022157         13.9826059812        
----------------------------------------------------------


 charge density convergence is achieved
 final etot is -9782.1035353 eV
 EFERMI = 13.982605981 eV

 STATE ENERGY(eV) AND OCCUPATIONS    NSPIN == 1
 1/32 kpoint (Cartesian) = 0.0000 0.0000 0.0000 (483 pws)
       1       -49.0613      0.0625000
       2       -49.0455      0.0625000
       3       -49.0451      0.0625000
       4       -49.0450      0.0625000
       5       -18.8095      0.0625000
       6       -18.8057      0.0625000
       7       -18.8048      0.0625000
       8       -18.6349      0.0625000
       9       -18.5551      0.0625000
      10       -18.5549      0.0625000
      11       -18.5537      0.0625000
      12       -18.5149      0.0625000
      13       -18.5085      0.0625000
      14       -18.4354      0.0625000
      15       -18.4319      0.0625000
      16       -18.4314      0.0625000
      17       -6.86222      0.0625000
      18       -5.50677      0.0625000
      19       -5.46732      0.0625000
      20       -5.46235      0.0625000
      21       -4.87556      0.0625000
      22       -4.84653      0.0625000
      23       -4.83789      0.0625000
      24       -4.20660      0.0625000
      25        5.55784      0.0625000
      26        5.56901      0.0625000
      27        5.58389      0.0625000
      28        6.39337      0.0625000
      29        6.39396      0.0625000
      30        6.40893      0.0625000
      31        8.07276      0.0625000
      32        8.12951      0.0625000
      33        8.13335      0.0625000
      34        8.32495      0.0625000
      35        8.48163      0.0625000
      36        8.50735      0.0625000
      37        8.64004      0.0625000
      38        8.69201      0.0625000
      39        9.63699      0.0625000
      40        9.73333      0.0625000
      41        9.79314      0.0625000
      42        10.6067      0.0625000
      43        10.7230      0.0625000
      44        10.7705      0.0625000
      45        10.9251      0.0625000
      46        10.9676      0.0625000
      47        10.9998      0.0625000
      48        11.4035      0.0625000
      49        15.9880        0.00000
      50        16.0494        0.00000
      51        16.1332        0.00000
      52        16.1588        0.00000
      53        16.2111        0.00000
      54        16.3050        0.00000
      55        16.9492        0.00000
      56        16.9872        0.00000
      57        17.1043        0.00000
      58        17.1578        0.00000

 2/32 kpoint (Cartesian) = 0.096850 -2.4805e-09 2.1692e-08 (481 pws)
       1       -49.0536      0.0625000
       2       -49.0535      0.0625000
       3       -49.0449      0.0625000
       4       -49.0449      0.0625000
       5       -18.6913      0.0625000
       6       -18.6913      0.0625000
       7       -18.6828      0.0625000
       8       -18.6828      0.0625000
       9       -18.6295      0.0625000
      10       -18.6294      0.0625000
      11       -18.5637      0.0625000
      12       -18.5636      0.0625000
      13       -18.4943      0.0625000
      14       -18.4942      0.0625000
      15       -18.4732      0.0625000
      16       -18.4732      0.0625000
      17       -6.01739      0.0625000
      18       -6.01730      0.0625000
      19       -5.24655      0.0625000
      20       -5.24650      0.0625000
      21       -5.07659      0.0625000
      22       -5.07654      0.0625000
      23       -4.80306      0.0625000
      24       -4.80305      0.0625000
      25        6.42257      0.0625000
      26        6.42258      0.0625000
      27        6.60368      0.0625000
      28        6.60377      0.0625000
      29        6.97482      0.0625000
      30        6.97486      0.0625000
      31        7.30198      0.0625000
      32        7.30200      0.0625000
      33        7.72101      0.0625000
      34        7.72107      0.0625000
      35        8.34707      0.0625000
      36        8.34717      0.0625000
      37        8.53606      0.0625000
      38        8.53612      0.0625000
      39        9.36925      0.0625000
      40        9.36927      0.0625000
      41        9.73851      0.0625000
      42        9.73853      0.0625000
      43        10.6480      0.0625000
      44        10.6480      0.0625000
      45        10.7577      0.0625000
      46        10.7577      0.0625000
      47        10.9398      0.0625000
      48        10.9399      0.0625000
      49        16.3048        0.00000
      50        16.3048        0.00000
      51        16.4483        0.00000
      52        16.4484        0.00000
      53        16.6737        0.00000
      54        16.6737        0.00000
      55        16.9920        0.00000
      56        16.9920        0.00000
      57        17.1485        0.00000
      58        17.1485        0.00000

 3/32 kpoint (Cartesian) = -2.7585e-09 0.097292 4.5766e-08 (487 pws)
       1       -49.0551      0.0625000
       2       -49.0518      0.0625000
       3       -49.0452      0.0625000
       4       -49.0450      0.0625000
       5       -18.7141      0.0625000
       6       -18.6994      0.0625000
       7       -18.6638      0.0625000
       8       -18.6612      0.0625000
       9       -18.6407      0.0625000
      10       -18.6188      0.0625000
      11       -18.5668      0.0625000
      12       -18.5653      0.0625000
      13       -18.5003      0.0625000
      14       -18.4862      0.0625000
      15       -18.4848      0.0625000
      16       -18.4688      0.0625000
      17       -6.17536      0.0625000
      18       -5.79583      0.0625000
      19       -5.28262      0.0625000
      20       -5.25015      0.0625000
      21       -5.17607      0.0625000
      22       -4.97110      0.0625000
      23       -4.87923      0.0625000
      24       -4.75604      0.0625000
      25        6.25389      0.0625000
      26        6.38138      0.0625000
      27        6.63922      0.0625000
      28        6.79520      0.0625000
      29        6.93343      0.0625000
      30        7.12532      0.0625000
      31        7.20914      0.0625000
      32        7.28840      0.0625000
      33        7.43957      0.0625000
      34        7.98351      0.0625000
      35        8.37858      0.0625000
      36        8.41884      0.0625000
      37        8.48359      0.0625000
      38        8.48703      0.0625000
      39        9.24407      0.0625000
      40        9.62532      0.0625000
      41        9.67788      0.0625000
      42        9.76107      0.0625000
      43        10.4803      0.0625000
      44        10.6888      0.0625000
      45        10.7253      0.0625000
      46        10.7723      0.0625000
      47        10.9090      0.0625000
      48        11.1081      0.0625000
      49        16.0554        0.00000
      50        16.2605        0.00000
      51        16.4085        0.00000
      52        16.4142        0.00000
      53        16.5610        0.00000
      54        17.0146        0.00000
      55        17.0456        0.00000
      56        17.1390        0.00000
      57        17.2228        0.00000
      58        17.3142        0.00000

 4/32 kpoint (Cartesian) = 0.096850 0.097292 6.7457e-08 (475 pws)
       1       -49.0511      0.0625000
       2       -49.0511      0.0625000
       3       -49.0474      0.0625000
       4       -49.0474      0.0625000
       5       -18.7157      0.0625000
       6       -18.7156      0.0625000
       7       -18.6843      0.0625000
       8       -18.6843      0.0625000
       9       -18.6187      0.0625000
      10       -18.6187      0.0625000
      11       -18.5650      0.0625000
      12       -18.5650      0.0625000
      13       -18.4898      0.0625000
      14       -18.4898      0.0625000
      15       -18.4637      0.0625000
      16       -18.4636      0.0625000
      17       -5.77952      0.0625000
      18       -5.77937      0.0625000
      19       -5.45009      0.0625000
      20       -5.45003      0.0625000
      21       -5.07903      0.0625000
      22       -5.07888      0.0625000
      23       -4.88292      0.0625000
      24       -4.88286      0.0625000
      25        6.65387      0.0625000
      26        6.65400      0.0625000
      27        6.87957      0.0625000
      28        6.87958      0.0625000
      29        7.12172      0.0625000
      30        7.12173      0.0625000
      31        7.57403      0.0625000
      32        7.57407      0.0625000
      33        8.15486      0.0625000
      34        8.15490      0.0625000
      35        8.20513      0.0625000
      36        8.20519      0.0625000
      37        8.74167      0.0625000
      38        8.74170      0.0625000
      39        8.94907      0.0625000
      40        8.94915      0.0625000
      41        9.58175      0.0625000
      42        9.58180      0.0625000
      43        9.91161      0.0625000
      44        9.91163      0.0625000
      45        10.5010      0.0625000
      46        10.5011      0.0625000
      47        10.5804      0.0625000
      48        10.5805      0.0625000
      49        15.7183        0.00000
      50        15.7183        0.00000
      51        16.1988        0.00000
      52        16.1988        0.00000
      53        16.8169        0.00000
      54        16.8170        0.00000
      55        17.1213        0.00000
      56        17.1213        0.00000
      57        17.5443        0.00000
      58        17.5443        0.00000

 5/32 kpoint (Cartesian) = 9.1027e-09 1.1306e-08 0.024302 (483 pws)
       1       -49.0607      0.0625000
       2       -49.0457      0.0625000
       3       -49.0455      0.0625000
       4       -49.0451      0.0625000
       5       -18.7969      0.0625000
       6       -18.7969      0.0625000
       7       -18.7953      0.0625000
       8       -18.6355      0.0625000
       9       -18.5639      0.0625000
      10       -18.5556      0.0625000
      11       -18.5512      0.0625000
      12       -18.5236      0.0625000
      13       -18.5051      0.0625000
      14       -18.4457      0.0625000
      15       -18.4388      0.0625000
      16       -18.4365      0.0625000
      17       -6.79980      0.0625000
      18       -5.47242      0.0625000
      19       -5.46020      0.0625000
      20       -5.44834      0.0625000
      21       -4.94151      0.0625000
      22       -4.86085      0.0625000
      23       -4.85668      0.0625000
      24       -4.25883      0.0625000
      25        5.62806      0.0625000
      26        5.63878      0.0625000
      27        5.71966      0.0625000
      28        6.43413      0.0625000
      29        6.44777      0.0625000
      30        6.54101      0.0625000
      31        7.88659      0.0625000
      32        7.96602      0.0625000
      33        8.15060      0.0625000
      34        8.19974      0.0625000
      35        8.35411      0.0625000
      36        8.53052      0.0625000
      37        8.64175      0.0625000
      38        8.85313      0.0625000
      39        9.68623      0.0625000
      40        9.75314      0.0625000
      41        9.94421      0.0625000
      42        10.3745      0.0625000
      43        10.5434      0.0625000
      44        10.7304      0.0625000
      45        10.8334      0.0625000
      46        10.9639      0.0625000
      47        10.9650      0.0625000
      48        11.3676      0.0625000
      49        16.0125        0.00000
      50        16.1185        0.00000
      51        16.1542        0.00000
      52        16.2698        0.00000
      53        16.3309        0.00000
      54        16.3472        0.00000
      55        16.8921        0.00000
      56        16.9211        0.00000
      57        17.0328        0.00000
      58        17.2606        0.00000

 6/32 kpoint (Cartesian) = 0.096850 8.8256e-09 0.024302 (478 pws)
       1       -49.0533      0.0625000
       2       -49.0532      0.0625000
       3       -49.0452      0.0625000
       4       -49.0452      0.0625000
       5       -18.6949      0.0625000
       6       -18.6949      0.0625000
       7       -18.6807      0.0625000
       8       -18.6807      0.0625000
       9       -18.6348      0.0625000
      10       -18.6348      0.0625000
      11       -18.5529      0.0625000
      12       -18.5529      0.0625000
      13       -18.5040      0.0625000
      14       -18.5039      0.0625000
      15       -18.4679      0.0625000
      16       -18.4678      0.0625000
      17       -5.98947      0.0625000
      18       -5.98938      0.0625000
      19       -5.26896      0.0625000
      20       -5.26889      0.0625000
      21       -5.07839      0.0625000
      22       -5.07834      0.0625000
      23       -4.81451      0.0625000
      24       -4.81450      0.0625000
      25        6.47813      0.0625000
      26        6.47815      0.0625000
      27        6.66028      0.0625000
      28        6.66039      0.0625000
      29        7.02796      0.0625000
      30        7.02798      0.0625000
      31        7.25816      0.0625000
      32        7.25820      0.0625000
      33        7.72826      0.0625000
      34        7.72833      0.0625000
      35        8.32013      0.0625000
      36        8.32021      0.0625000
      37        8.62782      0.0625000
      38        8.62787      0.0625000
      39        9.26937      0.0625000
      40        9.26943      0.0625000
      41        9.79167      0.0625000
      42        9.79170      0.0625000
      43        10.5312      0.0625000
      44        10.5313      0.0625000
      45        10.6697      0.0625000
      46        10.6697      0.0625000
      47        10.9098      0.0625000
      48        10.9099      0.0625000
      49        16.2237        0.00000
      50        16.2237        0.00000
      51        16.3949        0.00000
      52        16.3950        0.00000
      53        16.7513        0.00000
      54        16.7514        0.00000
      55        16.9934        0.00000
      56        16.9934        0.00000
      57        17.2073        0.00000
      58        17.2074        0.00000

 7/32 kpoint (Cartesian) = 6.3442e-09 0.097292 0.024302 (484 pws)
       1       -49.0547      0.0625000
       2       -49.0515      0.0625000
       3       -49.0454      0.0625000
       4       -49.0454      0.0625000
       5       -18.7172      0.0625000
       6       -18.6927      0.0625000
       7       -18.6710      0.0625000
       8       -18.6605      0.0625000
       9       -18.6432      0.0625000
      10       -18.6292      0.0625000
      11       -18.5602      0.0625000
      12       -18.5601      0.0625000
      13       -18.4927      0.0625000
      14       -18.4869      0.0625000
      15       -18.4831      0.0625000
      16       -18.4740      0.0625000
      17       -6.14360      0.0625000
      18       -5.77079      0.0625000
      19       -5.32085      0.0625000
      20       -5.24078      0.0625000
      21       -5.19599      0.0625000
      22       -4.96426      0.0625000
      23       -4.90116      0.0625000
      24       -4.76422      0.0625000
      25        6.32666      0.0625000
      26        6.39702      0.0625000
      27        6.70953      0.0625000
      28        6.77366      0.0625000
      29        6.94568      0.0625000
      30        7.09507      0.0625000
      31        7.28698      0.0625000
      32        7.36189      0.0625000
      33        7.48998      0.0625000
      34        8.01458      0.0625000
      35        8.32599      0.0625000
      36        8.43598      0.0625000
      37        8.45731      0.0625000
      38        8.53876      0.0625000
      39        9.22562      0.0625000
      40        9.61175      0.0625000
      41        9.62344      0.0625000
      42        9.73530      0.0625000
      43        10.4807      0.0625000
      44        10.4914      0.0625000
      45        10.5410      0.0625000
      46        10.8076      0.0625000
      47        10.8912      0.0625000
      48        11.0812      0.0625000
      49        15.9750        0.00000
      50        16.2138        0.00000
      51        16.2180        0.00000
      52        16.4336        0.00000
      53        16.6485        0.00000
      54        17.0766        0.00000
      55        17.0876        0.00000
      56        17.1436        0.00000
      57        17.1942        0.00000
      58        17.3525        0.00000

 8/32 kpoint (Cartesian) = 0.096850 0.097292 0.024302 (473 pws)
       1       -49.0509      0.0625000
       2       -49.0509      0.0625000
       3       -49.0475      0.0625000
       4       -49.0475      0.0625000
       5       -18.7367      0.0625000
       6       -18.7367      0.0625000
       7       -18.7106      0.0625000
       8       -18.7106      0.0625000
       9       -18.5905      0.0625000
      10       -18.5905      0.0625000
      11       -18.5479      0.0625000
      12       -18.5479      0.0625000
      13       -18.4879      0.0625000
      14       -18.4878      0.0625000
      15       -18.4623      0.0625000
      16       -18.4623      0.0625000
      17       -5.79766      0.0625000
      18       -5.79751      0.0625000
      19       -5.52593      0.0625000
      20       -5.52585      0.0625000
      21       -5.00635      0.0625000
      22       -5.00621      0.0625000
      23       -4.85714      0.0625000
      24       -4.85708      0.0625000
      25        6.66605      0.0625000
      26        6.66617      0.0625000
      27        6.90431      0.0625000
      28        6.90432      0.0625000
      29        7.11432      0.0625000
      30        7.11433      0.0625000
      31        7.48092      0.0625000
      32        7.48094      0.0625000
      33        8.17862      0.0625000
      34        8.17866      0.0625000
      35        8.26007      0.0625000
      36        8.26012      0.0625000
      37        8.83508      0.0625000
      38        8.83509      0.0625000
      39        9.04708      0.0625000
      40        9.04717      0.0625000
      41        9.53871      0.0625000
      42        9.53878      0.0625000
      43        9.87887      0.0625000
      44        9.87890      0.0625000
      45        10.4308      0.0625000
      46        10.4309      0.0625000
      47        10.5192      0.0625000
      48        10.5192      0.0625000
      49        15.6882        0.00000
      50        15.6883        0.00000
      51        16.1635        0.00000
      52        16.1636        0.00000
      53        16.6843        0.00000
      54        16.6843        0.00000
      55        17.0426        0.00000
      56        17.0426        0.00000
      57        17.6386        0.00000
      58        17.6386        0.00000

 9/32 kpoint (Cartesian) = 1.8205e-08 2.2612e-08 0.048603 (482 pws)
       1       -49.0590      0.0625000
       2       -49.0474      0.0625000
       3       -49.0454      0.0625000
       4       -49.0451      0.0625000
       5       -18.7719      0.0625000
       6       -18.7682      0.0625000
       7       -18.7607      0.0625000
       8       -18.6408      0.0625000
       9       -18.5892      0.0625000
      10       -18.5575      0.0625000
      11       -18.5480      0.0625000
      12       -18.5407      0.0625000
      13       -18.4991      0.0625000
      14       -18.4802      0.0625000
      15       -18.4503      0.0625000
      16       -18.4485      0.0625000
      17       -6.62017      0.0625000
      18       -5.49623      0.0625000
      19       -5.39608      0.0625000
      20       -5.38020      0.0625000
      21       -5.08018      0.0625000
      22       -4.90952      0.0625000
      23       -4.89393      0.0625000
      24       -4.40188      0.0625000
      25        5.77402      0.0625000
      26        5.87469      0.0625000
      27        6.14475      0.0625000
      28        6.53930      0.0625000
      29        6.57124      0.0625000
      30        6.94607      0.0625000
      31        7.56006      0.0625000
      32        7.59594      0.0625000
      33        7.79823      0.0625000
      34        8.05800      0.0625000
      35        8.20698      0.0625000
      36        8.59418      0.0625000
      37        8.72784      0.0625000
      38        9.14255      0.0625000
      39        9.67324      0.0625000
      40        9.69311      0.0625000
      41        9.79256      0.0625000
      42        10.0350      0.0625000
      43        10.2442      0.0625000
      44        10.6380      0.0625000
      45        10.7439      0.0625000
      46        10.9343      0.0625000
      47        10.9581      0.0625000
      48        11.2731      0.0625000
      49        16.0905        0.00000
      50        16.1821        0.00000
      51        16.2552        0.00000
      52        16.3845        0.00000
      53        16.4164        0.00000
      54        16.7410        0.00000
      55        16.7923        0.00000
      56        16.8558        0.00000
      57        16.9864        0.00000
      58        17.3031        0.00000

 10/32 kpoint (Cartesian) = 0.096850 2.0132e-08 0.048603 (475 pws)
       1       -49.0523      0.0625000
       2       -49.0523      0.0625000
       3       -49.0462      0.0625000
       4       -49.0461      0.0625000
       5       -18.7034      0.0625000
       6       -18.7034      0.0625000
       7       -18.6780      0.0625000
       8       -18.6780      0.0625000
       9       -18.6384      0.0625000
      10       -18.6384      0.0625000
      11       -18.5364      0.0625000
      12       -18.5364      0.0625000
      13       -18.5173      0.0625000
      14       -18.5173      0.0625000
      15       -18.4625      0.0625000
      16       -18.4625      0.0625000
      17       -5.90902      0.0625000
      18       -5.90893      0.0625000
      19       -5.34939      0.0625000
      20       -5.34930      0.0625000
      21       -5.06255      0.0625000
      22       -5.06253      0.0625000
      23       -4.84824      0.0625000
      24       -4.84823      0.0625000
      25        6.58588      0.0625000
      26        6.58593      0.0625000
      27        6.85249      0.0625000
      28        6.85262      0.0625000
      29        7.06743      0.0625000
      30        7.06745      0.0625000
      31        7.26550      0.0625000
      32        7.26557      0.0625000
      33        7.76600      0.0625000
      34        7.76606      0.0625000
      35        8.24663      0.0625000
      36        8.24667      0.0625000
      37        8.83594      0.0625000
      38        8.83598      0.0625000
      39        9.09311      0.0625000
      40        9.09315      0.0625000
      41        9.76528      0.0625000
      42        9.76529      0.0625000
      43        10.2390      0.0625000
      44        10.2391      0.0625000
      45        10.5296      0.0625000
      46        10.5296      0.0625000
      47        10.8215      0.0625000
      48        10.8215      0.0625000
      49        16.0891        0.00000
      50        16.0891        0.00000
      51        16.2577        0.00000
      52        16.2577        0.00000
      53        16.9035        0.00000
      54        16.9036        0.00000
      55        17.0236        0.00000
      56        17.0237        0.00000
      57        17.3037        0.00000
      58        17.3039        0.00000

 11/32 kpoint (Cartesian) = 1.5447e-08 0.097292 0.048603 (482 pws)
       1       -49.0536      0.0625000
       2       -49.0508      0.0625000
       3       -49.0465      0.0625000
       4       -49.0461      0.0625000
       5       -18.7222      0.0625000
       6       -18.6839      0.0625000
       7       -18.6749      0.0625000
       8       -18.6747      0.0625000
       9       -18.6503      0.0625000
      10       -18.6305      0.0625000
      11       -18.5592      0.0625000
      12       -18.5479      0.0625000
      13       -18.4866      0.0625000
      14       -18.4860      0.0625000
      15       -18.4786      0.0625000
      16       -18.4778      0.0625000
      17       -6.05252      0.0625000
      18       -5.69944      0.0625000
      19       -5.42589      0.0625000
      20       -5.25511      0.0625000
      21       -5.21286      0.0625000
      22       -4.95847      0.0625000
      23       -4.94400      0.0625000
      24       -4.78870      0.0625000
      25        6.45290      0.0625000
      26        6.52173      0.0625000
      27        6.73575      0.0625000
      28        6.89542      0.0625000
      29        6.99862      0.0625000
      30        7.03408      0.0625000
      31        7.49044      0.0625000
      32        7.55868      0.0625000
      33        7.56011      0.0625000
      34        7.95106      0.0625000
      35        8.22473      0.0625000
      36        8.42086      0.0625000
      37        8.54737      0.0625000
      38        8.68571      0.0625000
      39        9.22909      0.0625000
      40        9.42340      0.0625000
      41        9.55348      0.0625000
      42        9.59604      0.0625000
      43        10.2394      0.0625000
      44        10.2787      0.0625000
      45        10.4639      0.0625000
      46        10.6006      0.0625000
      47        10.8338      0.0625000
      48        10.9643      0.0625000
      49        15.8515        0.00000
      50        15.9239        0.00000
      51        16.1395        0.00000
      52        16.4376        0.00000
      53        16.8118        0.00000
      54        16.9879        0.00000
      55        17.1175        0.00000
      56        17.1744        0.00000
      57        17.2476        0.00000
      58        17.3260        0.00000

 12/32 kpoint (Cartesian) = 0.096850 0.097292 0.048603 (477 pws)
       1       -49.0505      0.0625000
       2       -49.0505      0.0625000
       3       -49.0479      0.0625000
       4       -49.0479      0.0625000
       5       -18.7711      0.0625000
       6       -18.7711      0.0625000
       7       -18.7514      0.0625000
       8       -18.7514      0.0625000
       9       -18.5502      0.0625000
      10       -18.5501      0.0625000
      11       -18.5220      0.0625000
      12       -18.5220      0.0625000
      13       -18.4803      0.0625000
      14       -18.4803      0.0625000
      15       -18.4577      0.0625000
      16       -18.4577      0.0625000
      17       -5.83436      0.0625000
      18       -5.83423      0.0625000
      19       -5.65831      0.0625000
      20       -5.65822      0.0625000
      21       -4.88366      0.0625000
      22       -4.88355      0.0625000
      23       -4.80009      0.0625000
      24       -4.80002      0.0625000
      25        6.69051      0.0625000
      26        6.69059      0.0625000
      27        6.94098      0.0625000
      28        6.94101      0.0625000
      29        7.12833      0.0625000
      30        7.12837      0.0625000
      31        7.30463      0.0625000
      32        7.30465      0.0625000
      33        8.28710      0.0625000
      34        8.28714      0.0625000
      35        8.42267      0.0625000
      36        8.42268      0.0625000
      37        8.95491      0.0625000
      38        8.95494      0.0625000
      39        9.19073      0.0625000
      40        9.19081      0.0625000
      41        9.50380      0.0625000
      42        9.50389      0.0625000
      43        9.83283      0.0625000
      44        9.83284      0.0625000
      45        10.2347      0.0625000
      46        10.2349      0.0625000
      47        10.3697      0.0625000
      48        10.3697      0.0625000
      49        15.5978        0.00000
      50        15.5979        0.00000
      51        15.9855        0.00000
      52        15.9855        0.00000
      53        16.5812        0.00000
      54        16.5812        0.00000
      55        16.9114        0.00000
      56        16.9114        0.00000
      57        17.7578        0.00000
      58        17.7578        0.00000

 13/32 kpoint (Cartesian) = 2.7308e-08 3.3918e-08 0.072905 (483 pws)
       1       -49.0563      0.0625000
       2       -49.0501      0.0625000
       3       -49.0454      0.0625000
       4       -49.0452      0.0625000
       5       -18.7352      0.0625000
       6       -18.7279      0.0625000
       7       -18.7067      0.0625000
       8       -18.6594      0.0625000
       9       -18.6270      0.0625000
      10       -18.5727      0.0625000
      11       -18.5598      0.0625000
      12       -18.5553      0.0625000
      13       -18.5002      0.0625000
      14       -18.4898      0.0625000
      15       -18.4690      0.0625000
      16       -18.4622      0.0625000
      17       -6.34609      0.0625000
      18       -5.69458      0.0625000
      19       -5.32460      0.0625000
      20       -5.27875      0.0625000
      21       -5.12566      0.0625000
      22       -4.98623      0.0625000
      23       -4.90081      0.0625000
      24       -4.59909      0.0625000
      25        6.02862      0.0625000
      26        6.23913      0.0625000
      27        6.61072      0.0625000
      28        6.64577      0.0625000
      29        6.92502      0.0625000
      30        7.23091      0.0625000
      31        7.24864      0.0625000
      32        7.27755      0.0625000
      33        7.51314      0.0625000
      34        7.78307      0.0625000
      35        8.30569      0.0625000
      36        8.45598      0.0625000
      37        8.75943      0.0625000
      38        9.03520      0.0625000
      39        9.15517      0.0625000
      40        9.47180      0.0625000
      41        9.66597      0.0625000
      42        9.83428      0.0625000
      43        10.5329      0.0625000
      44        10.5794      0.0625000
      45        10.6751      0.0625000
      46        10.8775      0.0625000
      47        10.9683      0.0625000
      48        11.1448      0.0625000
      49        16.2033        0.00000
      50        16.2070        0.00000
      51        16.2993        0.00000
      52        16.3981        0.00000
      53        16.5846        0.00000
      54        16.7877        0.00000
      55        16.8161        0.00000
      56        16.9723        0.00000
      57        17.0918        0.00000
      58        17.3295        0.00000

 14/32 kpoint (Cartesian) = 0.096850 3.1438e-08 0.072905 (476 pws)
       1       -49.0509      0.0625000
       2       -49.0508      0.0625000
       3       -49.0476      0.0625000
       4       -49.0475      0.0625000
       5       -18.7071      0.0625000
       6       -18.7071      0.0625000
       7       -18.6892      0.0625000
       8       -18.6892      0.0625000
       9       -18.6202      0.0625000
      10       -18.6202      0.0625000
      11       -18.5586      0.0625000
      12       -18.5586      0.0625000
      13       -18.4972      0.0625000
      14       -18.4972      0.0625000
      15       -18.4646      0.0625000
      16       -18.4646      0.0625000
      17       -5.78582      0.0625000
      18       -5.78572      0.0625000
      19       -5.48134      0.0625000
      20       -5.48125      0.0625000
      21       -5.01930      0.0625000
      22       -5.01928      0.0625000
      23       -4.89997      0.0625000
      24       -4.89996      0.0625000
      25        6.70135      0.0625000
      26        6.70138      0.0625000
      27        6.93536      0.0625000
      28        6.93539      0.0625000
      29        7.16171      0.0625000
      30        7.16180      0.0625000
      31        7.36794      0.0625000
      32        7.36798      0.0625000
      33        7.88139      0.0625000
      34        7.88145      0.0625000
      35        8.27122      0.0625000
      36        8.27127      0.0625000
      37        8.67293      0.0625000
      38        8.67302      0.0625000
      39        9.16498      0.0625000
      40        9.16501      0.0625000
      41        9.54679      0.0625000
      42        9.54681      0.0625000
      43        9.99499      0.0625000
      44        9.99503      0.0625000
      45        10.4890      0.0625000
      46        10.4890      0.0625000
      47        10.6855      0.0625000
      48        10.6855      0.0625000
      49        16.0016        0.00000
      50        16.0016        0.00000
      51        16.1214        0.00000
      52        16.1214        0.00000
      53        17.0166        0.00000
      54        17.0167        0.00000
      55        17.0625        0.00000
      56        17.0625        0.00000
      57        17.4028        0.00000
      58        17.4030        0.00000

 15/32 kpoint (Cartesian) = 2.4550e-08 0.097292 0.072905 (481 pws)
       1       -49.0520      0.0625000
       2       -49.0497      0.0625000
       3       -49.0481      0.0625000
       4       -49.0472      0.0625000
       5       -18.7221      0.0625000
       6       -18.6962      0.0625000
       7       -18.6914      0.0625000
       8       -18.6760      0.0625000
       9       -18.6417      0.0625000
      10       -18.6045      0.0625000
      11       -18.5779      0.0625000
      12       -18.5505      0.0625000
      13       -18.4902      0.0625000
      14       -18.4776      0.0625000
      15       -18.4768      0.0625000
      16       -18.4694      0.0625000
      17       -5.91425      0.0625000
      18       -5.59293      0.0625000
      19       -5.57640      0.0625000
      20       -5.34990      0.0625000
      21       -5.16717      0.0625000
      22       -5.03251      0.0625000
      23       -4.91158      0.0625000
      24       -4.82650      0.0625000
      25        6.55017      0.0625000
      26        6.70081      0.0625000
      27        6.75735      0.0625000
      28        6.97453      0.0625000
      29        7.11035      0.0625000
      30        7.12109      0.0625000
      31        7.48933      0.0625000
      32        7.68930      0.0625000
      33        7.79879      0.0625000
      34        7.86283      0.0625000
      35        8.19443      0.0625000
      36        8.44269      0.0625000
      37        8.60640      0.0625000
      38        8.88195      0.0625000
      39        9.04651      0.0625000
      40        9.23024      0.0625000
      41        9.38297      0.0625000
      42        9.64043      0.0625000
      43        9.95700      0.0625000
      44        10.1533      0.0625000
      45        10.3231      0.0625000
      46        10.4089      0.0625000
      47        10.7524      0.0625000
      48        10.8004      0.0625000
      49        15.7321        0.00000
      50        15.7454        0.00000
      51        16.1260        0.00000
      52        16.3371        0.00000
      53        16.9506        0.00000
      54        16.9957        0.00000
      55        17.0929        0.00000
      56        17.2212        0.00000
      57        17.2506        0.00000
      58        17.3007        0.00000

 16/32 kpoint (Cartesian) = 0.096850 0.097292 0.072905 (479 pws)
       1       -49.0499      0.0625000
       2       -49.0499      0.0625000
       3       -49.0485      0.0625000
       4       -49.0484      0.0625000
       5       -18.7944      0.0625000
       6       -18.7944      0.0625000
       7       -18.7836      0.0625000
       8       -18.7836      0.0625000
       9       -18.5236      0.0625000
      10       -18.5236      0.0625000
      11       -18.5106      0.0625000
      12       -18.5105      0.0625000
      13       -18.4654      0.0625000
      14       -18.4654      0.0625000
      15       -18.4518      0.0625000
      16       -18.4518      0.0625000
      17       -5.85620      0.0625000
      18       -5.85607      0.0625000
      19       -5.77064      0.0625000
      20       -5.77053      0.0625000
      21       -4.78769      0.0625000
      22       -4.78758      0.0625000
      23       -4.75137      0.0625000
      24       -4.75128      0.0625000
      25        6.72102      0.0625000
      26        6.72107      0.0625000
      27        6.88979      0.0625000
      28        6.88982      0.0625000
      29        7.18254      0.0625000
      30        7.18257      0.0625000
      31        7.23501      0.0625000
      32        7.23505      0.0625000
      33        8.44514      0.0625000
      34        8.44519      0.0625000
      35        8.59208      0.0625000
      36        8.59208      0.0625000
      37        8.98364      0.0625000
      38        8.98367      0.0625000
      39        9.26611      0.0625000
      40        9.26616      0.0625000
      41        9.48918      0.0625000
      42        9.48924      0.0625000
      43        9.77827      0.0625000
      44        9.77835      0.0625000
      45        10.0750      0.0625000
      46        10.0751      0.0625000
      47        10.2242      0.0625000
      48        10.2242      0.0625000
      49        15.5049        0.00000
      50        15.5050        0.00000
      51        15.7097        0.00000
      52        15.7097        0.00000
      53        16.6432        0.00000
      54        16.6432        0.00000
      55        16.8172        0.00000
      56        16.8172        0.00000
      57        17.8012        0.00000
      58        17.8012        0.00000

 17/32 kpoint (Cartesian) = 3.6411e-08 4.5225e-08 0.097207 (482 pws)
       1       -49.0533      0.0625000
       2       -49.0531      0.0625000
       3       -49.0454      0.0625000
       4       -49.0452      0.0625000
       5       -18.6941      0.0625000
       6       -18.6940      0.0625000
       7       -18.6837      0.0625000
       8       -18.6835      0.0625000
       9       -18.6314      0.0625000
      10       -18.6313      0.0625000
      11       -18.5605      0.0625000
      12       -18.5604      0.0625000
      13       -18.4884      0.0625000
      14       -18.4882      0.0625000
      15       -18.4770      0.0625000
      16       -18.4769      0.0625000
      17       -6.01642      0.0625000
      18       -6.01636      0.0625000
      19       -5.26376      0.0625000
      20       -5.26369      0.0625000
      21       -5.06929      0.0625000
      22       -5.06924      0.0625000
      23       -4.79423      0.0625000
      24       -4.79416      0.0625000
      25        6.34589      0.0625000
      26        6.34600      0.0625000
      27        6.75619      0.0625000
      28        6.75625      0.0625000
      29        6.93170      0.0625000
      30        6.93173      0.0625000
      31        7.33864      0.0625000
      32        7.33869      0.0625000
      33        7.72233      0.0625000
      34        7.72241      0.0625000
      35        8.37257      0.0625000
      36        8.37261      0.0625000
      37        8.43839      0.0625000
      38        8.43845      0.0625000
      39        9.37199      0.0625000
      40        9.37200      0.0625000
      41        9.70861      0.0625000
      42        9.70865      0.0625000
      43        10.6127      0.0625000
      44        10.6128      0.0625000
      45        10.7493      0.0625000
      46        10.7493      0.0625000
      47        11.0277      0.0625000
      48        11.0278      0.0625000
      49        16.2483        0.00000
      50        16.2484        0.00000
      51        16.3265        0.00000
      52        16.3266        0.00000
      53        16.7124        0.00000
      54        16.7125        0.00000
      55        16.9160        0.00000
      56        16.9161        0.00000
      57        17.2838        0.00000
      58        17.2841        0.00000

 18/32 kpoint (Cartesian) = 0.096850 4.2744e-08 0.097207 (476 pws)
       1       -49.0493      0.0625000
       2       -49.0493      0.0625000
       3       -49.0491      0.0625000
       4       -49.0491      0.0625000
       5       -18.7019      0.0625000
       6       -18.7019      0.0625000
       7       -18.7019      0.0625000
       8       -18.7019      0.0625000
       9       -18.5904      0.0625000
      10       -18.5903      0.0625000
      11       -18.5902      0.0625000
      12       -18.5902      0.0625000
      13       -18.4765      0.0625000
      14       -18.4765      0.0625000
      15       -18.4765      0.0625000
      16       -18.4765      0.0625000
      17       -5.63596      0.0625000
      18       -5.63592      0.0625000
      19       -5.63586      0.0625000
      20       -5.63580      0.0625000
      21       -4.96085      0.0625000
      22       -4.96082      0.0625000
      23       -4.96078      0.0625000
      24       -4.96076      0.0625000
      25        6.82219      0.0625000
      26        6.82221      0.0625000
      27        6.82223      0.0625000
      28        6.82226      0.0625000
      29        7.34180      0.0625000
      30        7.34184      0.0625000
      31        7.34188      0.0625000
      32        7.34193      0.0625000
      33        8.12718      0.0625000
      34        8.12723      0.0625000
      35        8.12728      0.0625000
      36        8.12734      0.0625000
      37        8.80113      0.0625000
      38        8.80115      0.0625000
      39        8.80124      0.0625000
      40        8.80125      0.0625000
      41        9.75063      0.0625000
      42        9.75065      0.0625000
      43        9.75071      0.0625000
      44        9.75073      0.0625000
      45        10.5540      0.0625000
      46        10.5540      0.0625000
      47        10.5540      0.0625000
      48        10.5540      0.0625000
      49        16.0201        0.00000
      50        16.0202        0.00000
      51        16.0203        0.00000
      52        16.0204        0.00000
      53        17.0628        0.00000
      54        17.0628        0.00000
      55        17.0630        0.00000
      56        17.0630        0.00000
      57        17.5108        0.00000
      58        17.5108        0.00000

 19/32 kpoint (Cartesian) = 3.3652e-08 0.097292 0.097207 (482 pws)
       1       -49.0501      0.0625000
       2       -49.0499      0.0625000
       3       -49.0485      0.0625000
       4       -49.0484      0.0625000
       5       -18.7133      0.0625000
       6       -18.7133      0.0625000
       7       -18.6888      0.0625000
       8       -18.6888      0.0625000
       9       -18.6091      0.0625000
      10       -18.6089      0.0625000
      11       -18.5746      0.0625000
      12       -18.5745      0.0625000
      13       -18.4825      0.0625000
      14       -18.4825      0.0625000
      15       -18.4694      0.0625000
      16       -18.4694      0.0625000
      17       -5.74771      0.0625000
      18       -5.74763      0.0625000
      19       -5.46916      0.0625000
      20       -5.46909      0.0625000
      21       -5.10559      0.0625000
      22       -5.10551      0.0625000
      23       -4.87035      0.0625000
      24       -4.87025      0.0625000
      25        6.64546      0.0625000
      26        6.64554      0.0625000
      27        6.90423      0.0625000
      28        6.90428      0.0625000
      29        7.30692      0.0625000
      30        7.30701      0.0625000
      31        7.37108      0.0625000
      32        7.37113      0.0625000
      33        8.11715      0.0625000
      34        8.11726      0.0625000
      35        8.22211      0.0625000
      36        8.22217      0.0625000
      37        8.69592      0.0625000
      38        8.69597      0.0625000
      39        9.03791      0.0625000
      40        9.03797      0.0625000
      41        9.67091      0.0625000
      42        9.67093      0.0625000
      43        9.83408      0.0625000
      44        9.83418      0.0625000
      45        10.3367      0.0625000
      46        10.3368      0.0625000
      47        10.7157      0.0625000
      48        10.7158      0.0625000
      49        15.6846        0.00000
      50        15.6846        0.00000
      51        16.2018        0.00000
      52        16.2018        0.00000
      53        17.0098        0.00000
      54        17.0099        0.00000
      55        17.1604        0.00000
      56        17.1606        0.00000
      57        17.2733        0.00000
      58        17.2734        0.00000

 20/32 kpoint (Cartesian) = 0.096850 0.097292 0.097207 (482 pws)
       1       -49.0493      0.0625000
       2       -49.0492      0.0625000
       3       -49.0491      0.0625000
       4       -49.0490      0.0625000
       5       -18.7990      0.0625000
       6       -18.7990      0.0625000
       7       -18.7990      0.0625000
       8       -18.7989      0.0625000
       9       -18.5120      0.0625000
      10       -18.5120      0.0625000
      11       -18.5119      0.0625000
      12       -18.5119      0.0625000
      13       -18.4531      0.0625000
      14       -18.4531      0.0625000
      15       -18.4530      0.0625000
      16       -18.4530      0.0625000
      17       -5.83832      0.0625000
      18       -5.83825      0.0625000
      19       -5.83820      0.0625000
      20       -5.83812      0.0625000
      21       -4.74252      0.0625000
      22       -4.74243      0.0625000
      23       -4.74242      0.0625000
      24       -4.74233      0.0625000
      25        6.78576      0.0625000
      26        6.78578      0.0625000
      27        6.78580      0.0625000
      28        6.78581      0.0625000
      29        7.22968      0.0625000
      30        7.22972      0.0625000
      31        7.22975      0.0625000
      32        7.22978      0.0625000
      33        8.57022      0.0625000
      34        8.57026      0.0625000
      35        8.57029      0.0625000
      36        8.57034      0.0625000
      37        9.16405      0.0625000
      38        9.16407      0.0625000
      39        9.16412      0.0625000
      40        9.16416      0.0625000
      41        9.56214      0.0625000
      42        9.56216      0.0625000
      43        9.56222      0.0625000
      44        9.56224      0.0625000
      45        10.1359      0.0625000
      46        10.1359      0.0625000
      47        10.1359      0.0625000
      48        10.1359      0.0625000
      49        15.5246        0.00000
      50        15.5246        0.00000
      51        15.5247        0.00000
      52        15.5247        0.00000
      53        16.7375        0.00000
      54        16.7376        0.00000
      55        16.7377        0.00000
      56        16.7377        0.00000
      57        17.8046        0.00000
      58        17.8046        0.00000

 21/32 kpoint (Cartesian) = 4.5513e-08 5.6531e-08 0.12151 (483 pws)
       1       -49.0563      0.0625000
       2       -49.0501      0.0625000
       3       -49.0454      0.0625000
       4       -49.0452      0.0625000
       5       -18.7352      0.0625000
       6       -18.7279      0.0625000
       7       -18.7067      0.0625000
       8       -18.6594      0.0625000
       9       -18.6270      0.0625000
      10       -18.5727      0.0625000
      11       -18.5598      0.0625000
      12       -18.5553      0.0625000
      13       -18.5002      0.0625000
      14       -18.4898      0.0625000
      15       -18.4690      0.0625000
      16       -18.4622      0.0625000
      17       -6.34609      0.0625000
      18       -5.69458      0.0625000
      19       -5.32460      0.0625000
      20       -5.27875      0.0625000
      21       -5.12566      0.0625000
      22       -4.98623      0.0625000
      23       -4.90081      0.0625000
      24       -4.59909      0.0625000
      25        6.02862      0.0625000
      26        6.23913      0.0625000
      27        6.61072      0.0625000
      28        6.64577      0.0625000
      29        6.92502      0.0625000
      30        7.23091      0.0625000
      31        7.24864      0.0625000
      32        7.27755      0.0625000
      33        7.51314      0.0625000
      34        7.78307      0.0625000
      35        8.30569      0.0625000
      36        8.45598      0.0625000
      37        8.75943      0.0625000
      38        9.03520      0.0625000
      39        9.15517      0.0625000
      40        9.47180      0.0625000
      41        9.66597      0.0625000
      42        9.83428      0.0625000
      43        10.5329      0.0625000
      44        10.5794      0.0625000
      45        10.6751      0.0625000
      46        10.8775      0.0625000
      47        10.9683      0.0625000
      48        11.1448      0.0625000
      49        16.2033        0.00000
      50        16.2070        0.00000
      51        16.2993        0.00000
      52        16.3981        0.00000
      53        16.5846        0.00000
      54        16.7877        0.00000
      55        16.8161        0.00000
      56        16.9723        0.00000
      57        17.0918        0.00000
      58        17.3295        0.00000

 22/32 kpoint (Cartesian) = 0.096850 5.4050e-08 0.12151 (476 pws)
       1       -49.0509      0.0625000
       2       -49.0508      0.0625000
       3       -49.0476      0.0625000
       4       -49.0475      0.0625000
       5       -18.7071      0.0625000
       6       -18.7071      0.0625000
       7       -18.6892      0.0625000
       8       -18.6892      0.0625000
       9       -18.6202      0.0625000
      10       -18.6202      0.0625000
      11       -18.5586      0.0625000
      12       -18.5586      0.0625000
      13       -18.4972      0.0625000
      14       -18.4972      0.0625000
      15       -18.4646      0.0625000
      16       -18.4646      0.0625000
      17       -5.78582      0.0625000
      18       -5.78572      0.0625000
      19       -5.48134      0.0625000
      20       -5.48125      0.0625000
      21       -5.01930      0.0625000
      22       -5.01928      0.0625000
      23       -4.89997      0.0625000
      24       -4.89996      0.0625000
      25        6.70135      0.0625000
      26        6.70138      0.0625000
      27        6.93536      0.0625000
      28        6.93539      0.0625000
      29        7.16171      0.0625000
      30        7.16180      0.0625000
      31        7.36794      0.0625000
      32        7.36798      0.0625000
      33        7.88139      0.0625000
      34        7.88145      0.0625000
      35        8.27122      0.0625000
      36        8.27127      0.0625000
      37        8.67293      0.0625000
      38        8.67302      0.0625000
      39        9.16498      0.0625000
      40        9.16501      0.0625000
      41        9.54679      0.0625000
      42        9.54681      0.0625000
      43        9.99499      0.0625000
      44        9.99503      0.0625000
      45        10.4890      0.0625000
      46        10.4890      0.0625000
      47        10.6855      0.0625000
      48        10.6855      0.0625000
      49        16.0016        0.00000
      50        16.0016        0.00000
      51        16.1214        0.00000
      52        16.1214        0.00000
      53        17.0166        0.00000
      54        17.0167        0.00000
      55        17.0625        0.00000
      56        17.0625        0.00000
      57        17.4028        0.00000
      58        17.4030        0.00000

 23/32 kpoint (Cartesian) = 4.2755e-08 0.097292 0.12151 (481 pws)
       1       -49.0520      0.0625000
       2       -49.0497      0.0625000
       3       -49.0481      0.0625000
       4       -49.0472      0.0625000
       5       -18.7221      0.0625000
       6       -18.6962      0.0625000
       7       -18.6914      0.0625000
       8       -18.6760      0.0625000
       9       -18.6417      0.0625000
      10       -18.6045      0.0625000
      11       -18.5779      0.0625000
      12       -18.5505      0.0625000
      13       -18.4902      0.0625000
      14       -18.4776      0.0625000
      15       -18.4768      0.0625000
      16       -18.4694      0.0625000
      17       -5.91425      0.0625000
      18       -5.59293      0.0625000
      19       -5.57640      0.0625000
      20       -5.34990      0.0625000
      21       -5.16717      0.0625000
      22       -5.03251      0.0625000
      23       -4.91158      0.0625000
      24       -4.82650      0.0625000
      25        6.55017      0.0625000
      26        6.70081      0.0625000
      27        6.75735      0.0625000
      28        6.97453      0.0625000
      29        7.11035      0.0625000
      30        7.12109      0.0625000
      31        7.48933      0.0625000
      32        7.68930      0.0625000
      33        7.79879      0.0625000
      34        7.86283      0.0625000
      35        8.19443      0.0625000
      36        8.44269      0.0625000
      37        8.60640      0.0625000
      38        8.88195      0.0625000
      39        9.04651      0.0625000
      40        9.23024      0.0625000
      41        9.38297      0.0625000
      42        9.64043      0.0625000
      43        9.95700      0.0625000
      44        10.1533      0.0625000
      45        10.3231      0.0625000
      46        10.4089      0.0625000
      47        10.7524      0.0625000
      48        10.8004      0.0625000
      49        15.7321        0.00000
      50        15.7454        0.00000
      51        16.1260        0.00000
      52        16.3371        0.00000
      53        16.9506        0.00000
      54        16.9957        0.00000
      55        17.0929        0.00000
      56        17.2212        0.00000
      57        17.2506        0.00000
      58        17.3007        0.00000

 24/32 kpoint (Cartesian) = 0.096850 0.097292 0.12151 (479 pws)
       1       -49.0499      0.0625000
       2       -49.0499      0.0625000
       3       -49.0485      0.0625000
       4       -49.0484      0.0625000
       5       -18.7944      0.0625000
       6       -18.7944      0.0625000
       7       -18.7836      0.0625000
       8       -18.7836      0.0625000
       9       -18.5236      0.0625000
      10       -18.5236      0.0625000
      11       -18.5106      0.0625000
      12       -18.5105      0.0625000
      13       -18.4654      0.0625000
      14       -18.4654      0.0625000
      15       -18.4518      0.0625000
      16       -18.4518      0.0625000
      17       -5.85620      0.0625000
      18       -5.85607      0.0625000
      19       -5.77064      0.0625000
      20       -5.77053      0.0625000
      21       -4.78769      0.0625000
      22       -4.78758      0.0625000
      23       -4.75137      0.0625000
      24       -4.75128      0.0625000
      25        6.72102      0.0625000
      26        6.72107      0.0625000
      27        6.88979      0.0625000
      28        6.88982      0.0625000
      29        7.18254      0.0625000
      30        7.18257      0.0625000
      31        7.23501      0.0625000
      32        7.23505      0.0625000
      33        8.44514      0.0625000
      34        8.44519      0.0625000
      35        8.59208      0.0625000
      36        8.59208      0.0625000
      37        8.98364      0.0625000
      38        8.98367      0.0625000
      39        9.26611      0.0625000
      40        9.26616      0.0625000
      41        9.48918      0.0625000
      42        9.48924      0.0625000
      43        9.77827      0.0625000
      44        9.77835      0.0625000
      45        10.0750      0.0625000
      46        10.0751      0.0625000
      47        10.2242      0.0625000
      48        10.2242      0.0625000
      49        15.5049        0.00000
      50        15.5050        0.00000
      51        15.7097        0.00000
      52        15.7097        0.00000
      53        16.6432        0.00000
      54        16.6432        0.00000
      55        16.8172        0.00000
      56        16.8172        0.00000
      57        17.8012        0.00000
      58        17.8012        0.00000

 25/32 kpoint (Cartesian) = 5.4616e-08 6.7837e-08 0.14581 (482 pws)
       1       -49.0590      0.0625000
       2       -49.0474      0.0625000
       3       -49.0454      0.0625000
       4       -49.0451      0.0625000
       5       -18.7719      0.0625000
       6       -18.7682      0.0625000
       7       -18.7607      0.0625000
       8       -18.6408      0.0625000
       9       -18.5892      0.0625000
      10       -18.5575      0.0625000
      11       -18.5480      0.0625000
      12       -18.5407      0.0625000
      13       -18.4991      0.0625000
      14       -18.4802      0.0625000
      15       -18.4503      0.0625000
      16       -18.4485      0.0625000
      17       -6.62017      0.0625000
      18       -5.49623      0.0625000
      19       -5.39608      0.0625000
      20       -5.38020      0.0625000
      21       -5.08018      0.0625000
      22       -4.90952      0.0625000
      23       -4.89393      0.0625000
      24       -4.40188      0.0625000
      25        5.77402      0.0625000
      26        5.87469      0.0625000
      27        6.14475      0.0625000
      28        6.53930      0.0625000
      29        6.57124      0.0625000
      30        6.94607      0.0625000
      31        7.56006      0.0625000
      32        7.59594      0.0625000
      33        7.79823      0.0625000
      34        8.05800      0.0625000
      35        8.20698      0.0625000
      36        8.59418      0.0625000
      37        8.72784      0.0625000
      38        9.14255      0.0625000
      39        9.67324      0.0625000
      40        9.69311      0.0625000
      41        9.79256      0.0625000
      42        10.0350      0.0625000
      43        10.2442      0.0625000
      44        10.6380      0.0625000
      45        10.7439      0.0625000
      46        10.9343      0.0625000
      47        10.9581      0.0625000
      48        11.2731      0.0625000
      49        16.0905        0.00000
      50        16.1821        0.00000
      51        16.2552        0.00000
      52        16.3845        0.00000
      53        16.4164        0.00000
      54        16.7410        0.00000
      55        16.7923        0.00000
      56        16.8558        0.00000
      57        16.9864        0.00000
      58        17.3031        0.00000

 26/32 kpoint (Cartesian) = 0.096850 6.5356e-08 0.14581 (475 pws)
       1       -49.0523      0.0625000
       2       -49.0523      0.0625000
       3       -49.0462      0.0625000
       4       -49.0461      0.0625000
       5       -18.7034      0.0625000
       6       -18.7034      0.0625000
       7       -18.6780      0.0625000
       8       -18.6780      0.0625000
       9       -18.6384      0.0625000
      10       -18.6384      0.0625000
      11       -18.5364      0.0625000
      12       -18.5364      0.0625000
      13       -18.5173      0.0625000
      14       -18.5173      0.0625000
      15       -18.4625      0.0625000
      16       -18.4625      0.0625000
      17       -5.90902      0.0625000
      18       -5.90893      0.0625000
      19       -5.34939      0.0625000
      20       -5.34930      0.0625000
      21       -5.06255      0.0625000
      22       -5.06253      0.0625000
      23       -4.84824      0.0625000
      24       -4.84823      0.0625000
      25        6.58588      0.0625000
      26        6.58593      0.0625000
      27        6.85249      0.0625000
      28        6.85262      0.0625000
      29        7.06743      0.0625000
      30        7.06745      0.0625000
      31        7.26550      0.0625000
      32        7.26557      0.0625000
      33        7.76600      0.0625000
      34        7.76606      0.0625000
      35        8.24663      0.0625000
      36        8.24667      0.0625000
      37        8.83594      0.0625000
      38        8.83598      0.0625000
      39        9.09311      0.0625000
      40        9.09315      0.0625000
      41        9.76528      0.0625000
      42        9.76529      0.0625000
      43        10.2390      0.0625000
      44        10.2391      0.0625000
      45        10.5296      0.0625000
      46        10.5296      0.0625000
      47        10.8215      0.0625000
      48        10.8215      0.0625000
      49        16.0891        0.00000
      50        16.0891        0.00000
      51        16.2577        0.00000
      52        16.2577        0.00000
      53        16.9035        0.00000
      54        16.9036        0.00000
      55        17.0236        0.00000
      56        17.0237        0.00000
      57        17.3037        0.00000
      58        17.3039        0.00000

 27/32 kpoint (Cartesian) = 5.1858e-08 0.097292 0.14581 (482 pws)
       1       -49.0536      0.0625000
       2       -49.0508      0.0625000
       3       -49.0465      0.0625000
       4       -49.0461      0.0625000
       5       -18.7222      0.0625000
       6       -18.6839      0.0625000
       7       -18.6749      0.0625000
       8       -18.6747      0.0625000
       9       -18.6503      0.0625000
      10       -18.6305      0.0625000
      11       -18.5592      0.0625000
      12       -18.5479      0.0625000
      13       -18.4866      0.0625000
      14       -18.4860      0.0625000
      15       -18.4786      0.0625000
      16       -18.4778      0.0625000
      17       -6.05252      0.0625000
      18       -5.69944      0.0625000
      19       -5.42589      0.0625000
      20       -5.25511      0.0625000
      21       -5.21286      0.0625000
      22       -4.95847      0.0625000
      23       -4.94400      0.0625000
      24       -4.78870      0.0625000
      25        6.45290      0.0625000
      26        6.52173      0.0625000
      27        6.73575      0.0625000
      28        6.89542      0.0625000
      29        6.99862      0.0625000
      30        7.03408      0.0625000
      31        7.49044      0.0625000
      32        7.55868      0.0625000
      33        7.56011      0.0625000
      34        7.95106      0.0625000
      35        8.22473      0.0625000
      36        8.42086      0.0625000
      37        8.54737      0.0625000
      38        8.68571      0.0625000
      39        9.22909      0.0625000
      40        9.42340      0.0625000
      41        9.55348      0.0625000
      42        9.59604      0.0625000
      43        10.2394      0.0625000
      44        10.2787      0.0625000
      45        10.4639      0.0625000
      46        10.6006      0.0625000
      47        10.8338      0.0625000
      48        10.9643      0.0625000
      49        15.8515        0.00000
      50        15.9239        0.00000
      51        16.1395        0.00000
      52        16.4376        0.00000
      53        16.8118        0.00000
      54        16.9879        0.00000
      55        17.1175        0.00000
      56        17.1744        0.00000
      57        17.2476        0.00000
      58        17.3260        0.00000

 28/32 kpoint (Cartesian) = 0.096850 0.097292 0.14581 (477 pws)
       1       -49.0505      0.0625000
       2       -49.0505      0.0625000
       3       -49.0479      0.0625000
       4       -49.0479      0.0625000
       5       -18.7711      0.0625000
       6       -18.7711      0.0625000
       7       -18.7514      0.0625000
       8       -18.7514      0.0625000
       9       -18.5502      0.0625000
      10       -18.5501      0.0625000
      11       -18.5220      0.0625000
      12       -18.5220      0.0625000
      13       -18.4803      0.0625000
      14       -18.4803      0.0625000
      15       -18.4577      0.0625000
      16       -18.4577      0.0625000
      17       -5.83436      0.0625000
      18       -5.83423      0.0625000
      19       -5.65831      0.0625000
      20       -5.65822      0.0625000
      21       -4.88366      0.0625000
      22       -4.88355      0.0625000
      23       -4.80009      0.0625000
      24       -4.80002      0.0625000
      25        6.69051      0.0625000
      26        6.69059      0.0625000
      27        6.94098      0.0625000
      28        6.94101      0.0625000
      29        7.12833      0.0625000
      30        7.12837      0.0625000
      31        7.30463      0.0625000
      32        7.30465      0.0625000
      33        8.28710      0.0625000
      34        8.28714      0.0625000
      35        8.42267      0.0625000
      36        8.42268      0.0625000
      37        8.95491      0.0625000
      38        8.95494      0.0625000
      39        9.19073      0.0625000
      40        9.19081      0.0625000
      41        9.50380      0.0625000
      42        9.50389      0.0625000
      43        9.83283      0.0625000
      44        9.83284      0.0625000
      45        10.2347      0.0625000
      46        10.2349      0.0625000
      47        10.3697      0.0625000
      48        10.3697      0.0625000
      49        15.5978        0.00000
      50        15.5979        0.00000
      51        15.9855        0.00000
      52        15.9855        0.00000
      53        16.5812        0.00000
      54        16.5812        0.00000
      55        16.9114        0.00000
      56        16.9114        0.00000
      57        17.7578        0.00000
      58        17.7578        0.00000

 29/32 kpoint (Cartesian) = 6.3719e-08 7.9143e-08 0.17011 (483 pws)
       1       -49.0607      0.0625000
       2       -49.0457      0.0625000
       3       -49.0455      0.0625000
       4       -49.0451      0.0625000
       5       -18.7969      0.0625000
       6       -18.7969      0.0625000
       7       -18.7953      0.0625000
       8       -18.6355      0.0625000
       9       -18.5639      0.0625000
      10       -18.5556      0.0625000
      11       -18.5512      0.0625000
      12       -18.5236      0.0625000
      13       -18.5051      0.0625000
      14       -18.4457      0.0625000
      15       -18.4388      0.0625000
      16       -18.4365      0.0625000
      17       -6.79980      0.0625000
      18       -5.47242      0.0625000
      19       -5.46020      0.0625000
      20       -5.44834      0.0625000
      21       -4.94151      0.0625000
      22       -4.86085      0.0625000
      23       -4.85668      0.0625000
      24       -4.25883      0.0625000
      25        5.62806      0.0625000
      26        5.63878      0.0625000
      27        5.71966      0.0625000
      28        6.43413      0.0625000
      29        6.44777      0.0625000
      30        6.54101      0.0625000
      31        7.88659      0.0625000
      32        7.96602      0.0625000
      33        8.15060      0.0625000
      34        8.19974      0.0625000
      35        8.35411      0.0625000
      36        8.53052      0.0625000
      37        8.64175      0.0625000
      38        8.85313      0.0625000
      39        9.68623      0.0625000
      40        9.75314      0.0625000
      41        9.94421      0.0625000
      42        10.3745      0.0625000
      43        10.5434      0.0625000
      44        10.7304      0.0625000
      45        10.8334      0.0625000
      46        10.9639      0.0625000
      47        10.9650      0.0625000
      48        11.3676      0.0625000
      49        16.0125        0.00000
      50        16.1185        0.00000
      51        16.1542        0.00000
      52        16.2698        0.00000
      53        16.3309        0.00000
      54        16.3472        0.00000
      55        16.8921        0.00000
      56        16.9211        0.00000
      57        17.0328        0.00000
      58        17.2606        0.00000

 30/32 kpoint (Cartesian) = 0.096850 7.6663e-08 0.17011 (478 pws)
       1       -49.0533      0.0625000
       2       -49.0532      0.0625000
       3       -49.0452      0.0625000
       4       -49.0452      0.0625000
       5       -18.6949      0.0625000
       6       -18.6949      0.0625000
       7       -18.6807      0.0625000
       8       -18.6807      0.0625000
       9       -18.6348      0.0625000
      10       -18.6348      0.0625000
      11       -18.5529      0.0625000
      12       -18.5529      0.0625000
      13       -18.5040      0.0625000
      14       -18.5039      0.0625000
      15       -18.4679      0.0625000
      16       -18.4678      0.0625000
      17       -5.98947      0.0625000
      18       -5.98938      0.0625000
      19       -5.26896      0.0625000
      20       -5.26889      0.0625000
      21       -5.07839      0.0625000
      22       -5.07834      0.0625000
      23       -4.81451      0.0625000
      24       -4.81450      0.0625000
      25        6.47813      0.0625000
      26        6.47815      0.0625000
      27        6.66028      0.0625000
      28        6.66039      0.0625000
      29        7.02796      0.0625000
      30        7.02798      0.0625000
      31        7.25816      0.0625000
      32        7.25820      0.0625000
      33        7.72826      0.0625000
      34        7.72833      0.0625000
      35        8.32013      0.0625000
      36        8.32021      0.0625000
      37        8.62782      0.0625000
      38        8.62787      0.0625000
      39        9.26937      0.0625000
      40        9.26943      0.0625000
      41        9.79167      0.0625000
      42        9.79170      0.0625000
      43        10.5312      0.0625000
      44        10.5313      0.0625000
      45        10.6697      0.0625000
      46        10.6697      0.0625000
      47        10.9098      0.0625000
      48        10.9099      0.0625000
      49        16.2237        0.00000
      50        16.2237        0.00000
      51        16.3949        0.00000
      52        16.3950        0.00000
      53        16.7513        0.00000
      54        16.7514        0.00000
      55        16.9934        0.00000
      56        16.9934        0.00000
      57        17.2073        0.00000
      58        17.2074        0.00000

 31/32 kpoint (Cartesian) = 6.0960e-08 0.097292 0.17011 (484 pws)
       1       -49.0547      0.0625000
       2       -49.0515      0.0625000
       3       -49.0454      0.0625000
       4       -49.0454      0.0625000
       5       -18.7172      0.0625000
       6       -18.6927      0.0625000
       7       -18.6710      0.0625000
       8       -18.6605      0.0625000
       9       -18.6432      0.0625000
      10       -18.6292      0.0625000
      11       -18.5602      0.0625000
      12       -18.5601      0.0625000
      13       -18.4927      0.0625000
      14       -18.4869      0.0625000
      15       -18.4831      0.0625000
      16       -18.4740      0.0625000
      17       -6.14360      0.0625000
      18       -5.77079      0.0625000
      19       -5.32085      0.0625000
      20       -5.24078      0.0625000
      21       -5.19599      0.0625000
      22       -4.96426      0.0625000
      23       -4.90116      0.0625000
      24       -4.76422      0.0625000
      25        6.32666      0.0625000
      26        6.39702      0.0625000
      27        6.70953      0.0625000
      28        6.77366      0.0625000
      29        6.94568      0.0625000
      30        7.09507      0.0625000
      31        7.28698      0.0625000
      32        7.36189      0.0625000
      33        7.48998      0.0625000
      34        8.01458      0.0625000
      35        8.32599      0.0625000
      36        8.43598      0.0625000
      37        8.45731      0.0625000
      38        8.53876      0.0625000
      39        9.22562      0.0625000
      40        9.61175      0.0625000
      41        9.62344      0.0625000
      42        9.73530      0.0625000
      43        10.4807      0.0625000
      44        10.4914      0.0625000
      45        10.5410      0.0625000
      46        10.8076      0.0625000
      47        10.8912      0.0625000
      48        11.0812      0.0625000
      49        15.9750        0.00000
      50        16.2138        0.00000
      51        16.2180        0.00000
      52        16.4336        0.00000
      53        16.6485        0.00000
      54        17.0766        0.00000
      55        17.0876        0.00000
      56        17.1436        0.00000
      57        17.1942        0.00000
      58        17.3525        0.00000

 32/32 kpoint (Cartesian) = 0.096850 0.097292 0.17011 (473 pws)
       1       -49.0509      0.0625000
       2       -49.0509      0.0625000
       3       -49.0475      0.0625000
       4       -49.0475      0.0625000
       5       -18.7367      0.0625000
       6       -18.7367      0.0625000
       7       -18.7106      0.0625000
       8       -18.7106      0.0625000
       9       -18.5905      0.0625000
      10       -18.5905      0.0625000
      11       -18.5479      0.0625000
      12       -18.5479      0.0625000
      13       -18.4879      0.0625000
      14       -18.4878      0.0625000
      15       -18.4623      0.0625000
      16       -18.4623      0.0625000
      17       -5.79766      0.0625000
      18       -5.79751      0.0625000
      19       -5.52593      0.0625000
      20       -5.52585      0.0625000
      21       -5.00635      0.0625000
      22       -5.00621      0.0625000
      23       -4.85714      0.0625000
      24       -4.85708      0.0625000
      25        6.66605      0.0625000
      26        6.66617      0.0625000
      27        6.90431      0.0625000
      28        6.90432      0.0625000
      29        7.11432      0.0625000
      30        7.11433      0.0625000
      31        7.48092      0.0625000
      32        7.48094      0.0625000
      33        8.17862      0.0625000
      34        8.17866      0.0625000
      35        8.26007      0.0625000
      36        8.26012      0.0625000
      37        8.83508      0.0625000
      38        8.83509      0.0625000
      39        9.04708      0.0625000
      40        9.04717      0.0625000
      41        9.53871      0.0625000
      42        9.53878      0.0625000
      43        9.87887      0.0625000
      44        9.87890      0.0625000
      45        10.4308      0.0625000
      46        10.4309      0.0625000
      47        10.5192      0.0625000
      48        10.5192      0.0625000
      49        15.6882        0.00000
      50        15.6883        0.00000
      51        16.1635        0.00000
      52        16.1636        0.00000
      53        16.6843        0.00000
      54        16.6843        0.00000
      55        17.0426        0.00000
      56        17.0426        0.00000
      57        17.6386        0.00000
      58        17.6386        0.00000


 Warning_Memory_Consuming allocated:  ORB::Jl(x) 921.868 MB




 >>>>>>>>>>>>>>>>>>>>>>>>>>>>>>>>>>>>>>>>>>>>>>>>>>>>>>>>>>>>>>>>>>>>>>
 |                                                                    |
 | POLARIZATION CALCULATION:                                          |
 |                  Modern Theory of Polarization                     |
 | calculate the Macroscopic polarization of a crystalline insulator  |
 | by using Berry Phase method.                                       |
 |                                                                    |
 <<<<<<<<<<<<<<<<<<<<<<<<<<<<<<<<<<<<<<<<<<<<<<<<<<<<<<<<<<<<<<<<<<<<<<




 VALUES OF POLARIZATION

  The Ionic Phase:    0.37440
 Electronic Phase:    0.01238

The calculated polarization direction is in R3 direction

 P =    3.7595339  (mod   19.4403105)  (  -0.0000008,  -0.0000018,   3.7595339) (e/Omega).bohr

 P =    0.0040822  (mod    0.0211090)  (  -0.0000000,  -0.0000000,   0.0040822) e/bohr^2

 P =    0.2333888  (mod    1.2068385)  (  -0.0000001,  -0.0000001,   0.2333888) C/m^2



 --------------------------------------------
 !FINAL_ETOT_IS -9782.1035352664912352 eV
 --------------------------------------------






 >>>>>>>>>>>>>>>>>>>>>>>>>>>>>>>>>>>>>>>>>>>>>>>>>>>>>>>>>>>>>>>>>>>>>>
 |                                                                    |
 | Post-processing of data:                                           |
 | DOS (density of states) and bands will be output here.             |
 | If atomic orbitals are used, Mulliken charge analysis can be done. |
 | Also the .bxsf file containing fermi surface information can be    |
 | done here.                                                         |
 |                                                                    |
 <<<<<<<<<<<<<<<<<<<<<<<<<<<<<<<<<<<<<<<<<<<<<<<<<<<<<<<<<<<<<<<<<<<<<<





 Output bands in file: OUT.ABACUS/BANDS_1.dat
TIME STATISTICS
----------------------------------------------------------------------------------
   CLASS_NAME                   NAME                TIME/s  CALLS   AVG/s  PER/%  
----------------------------------------------------------------------------------
                 total                              30.16  11       2.74   100.00 
 Driver          reading                            0.71   1        0.71   2.36   
 Input_Conv      Convert                            0.00   1        0.00   0.00   
 Driver          driver_line                        29.45  1        29.45  97.64  
 UnitCell        check_tau                          0.00   1        0.00   0.00   
 ESolver_KS_LCAO before_all_runners                 1.05   1        1.05   3.48   
 PW_Basis_Sup    setuptransform                     0.08   1        0.08   0.26   
 PW_Basis_Sup    distributeg                        0.07   1        0.07   0.23   
 mymath          heapsort                           0.00   3        0.00   0.00   
 Charge_Mixing   init_mixing                        0.00   1        0.00   0.00   
 PW_Basis_K      setuptransform                     0.02   1        0.02   0.06   
 PW_Basis_K      distributeg                        0.02   1        0.02   0.06   
 PW_Basis        setup_struc_factor                 0.01   1        0.01   0.03   
 NOrbital_Lm     extra_uniform                      0.27   323      0.00   0.88   
 Mathzone_Add1   SplineD2                           0.01   323      0.00   0.02   
 Mathzone_Add1   Cubic_Spline_Interpolation         0.13   323      0.00   0.43   
 ppcell_vl       init_vloc                          0.12   1        0.12   0.39   
 Ions            opt_ions                           28.32  1        28.32  93.90  
 ESolver_KS_LCAO runner                             28.30  1        28.30  93.83  
 ESolver_KS_LCAO before_scf                         0.66   1        0.66   2.19   
 atom_arrange    search                             0.00   1        0.00   0.00   
 atom_arrange    grid_d.init                        0.00   1        0.00   0.00   
 Grid            Construct_Adjacent_expand          0.00   1        0.00   0.00   
 Grid            Construct_Adjacent_expand_periodic 0.00   12       0.00   0.00   
 Grid_Technique  init                               0.27   1        0.27   0.90   
 Grid_BigCell    grid_expansion_index               0.05   2        0.03   0.17   
 Grid_Driver     Find_atom                          0.00   96       0.00   0.01   
 Record_adj      for_2d                             0.05   1        0.05   0.15   
 LCAO_domain     grid_prepare                       0.00   1        0.00   0.00   
 Veff            initialize_HR                      0.00   1        0.00   0.01   
 OverlapNew      initialize_SR                      0.00   1        0.00   0.01   
 EkineticNew     initialize_HR                      0.01   1        0.01   0.02   
 NonlocalNew     initialize_HR                      0.03   1        0.03   0.09   
 Charge          set_rho_core                       0.14   1        0.14   0.47   
 PW_Basis_Sup    recip2real                         0.04   13       0.00   0.14   
 PW_Basis_Sup    gathers_scatterp                   0.03   13       0.00   0.11   
 ModuleIO        read_rhog                          0.00   1        0.00   0.00   
 Potential       init_pot                           0.05   1        0.05   0.16   
 Potential       update_from_charge                 0.05   2        0.03   0.18   
 Potential       cal_fixed_v                        0.00   1        0.00   0.01   
 PotLocal        cal_fixed_v                        0.00   1        0.00   0.01   
 Potential       cal_v_eff                          0.05   2        0.02   0.17   
 H_Hartree_pw    v_hartree                          0.02   2        0.01   0.07   
 PW_Basis_Sup    real2recip                         0.02   13       0.00   0.08   
 PW_Basis_Sup    gatherp_scatters                   0.02   13       0.00   0.07   
 PotXC           cal_v_eff                          0.03   2        0.01   0.09   
 XC_Functional   v_xc                               0.03   2        0.01   0.09   
 Potential       interpolate_vrs                    0.00   2        0.00   0.00   
 H_Ewald_pw      compute_ewald                      0.00   1        0.00   0.02   
 HSolverLCAO     solve                              7.59   1        7.59   25.17  
 HamiltLCAO      updateHk                           4.42   32       0.14   14.66  
 OperatorLCAO    init                               4.29   96       0.04   14.24  
 Veff            contributeHR                       3.79   1        3.79   12.58  
 Gint_interface  cal_gint                           3.62   1        3.62   11.99  
 Gint_interface  cal_gint_vlocal                    3.62   1        3.62   11.99  
 Gint_Tools      cal_psir_ylm                       0.20   1024     0.00   0.66   
 Gint_k          transfer_pvpR                      0.18   1        0.18   0.59   
 OverlapNew      calculate_SR                       0.12   1        0.12   0.39   
 OverlapNew      contributeHk                       0.01   32       0.00   0.03   
 EkineticNew     contributeHR                       0.12   1        0.12   0.40   
 EkineticNew     calculate_HR                       0.12   1        0.12   0.40   
 NonlocalNew     contributeHR                       0.37   1        0.37   1.22   
 NonlocalNew     calculate_HR                       0.37   1        0.37   1.22   
 OperatorLCAO    contributeHk                       0.01   32       0.00   0.04   
 HSolverLCAO     hamiltSolvePsiK                    3.10   32       0.10   10.27  
 DiagoElpa       elpa_solve                         2.74   32       0.09   9.08   
 elecstate       cal_dm                             0.06   1        0.06   0.19   
 psiMulPsiMpi    pdgemm                             0.06   32       0.00   0.19   
 DensityMatrix   cal_DMR                            0.01   1        0.01   0.03   
 Charge_Mixing   get_drho                           0.01   1        0.01   0.03   
 ModuleIO        write_rhog                         0.04   1        0.04   0.13   
 ESolver_KS_LCAO after_scf                          19.94  1        19.94  66.12  
 Charge          atomic_rho                         0.16   1        0.16   0.52   
 ORB_gaunt_table init_Gaunt_CH                      0.00   1        0.00   0.01   
 ORB_gaunt_table Calc_Gaunt_CH                      0.00   1631     0.00   0.00   
 ORB_gaunt_table init_Gaunt                         0.01   1        0.01   0.05   
 ORB_gaunt_table Get_Gaunt_SH                       0.01   25313    0.00   0.02   
 Center2_Orb     cal_ST_Phi12_R                     10.93  769      0.01   36.23  
 ESolver_KS_LCAO after_all_runners                  0.03   1        0.03   0.10   
 ModuleIO        nscf_band                          0.03   1        0.03   0.10   
----------------------------------------------------------------------------------


 NAME-------------------------|MEMORY(MB)--------
                         total     31520.9960
                    ORB::Jl(x)     29499.7681
                  Gint::hRGint       402.9480
                 Gint::DMRGint       402.6355
       TwoCenterTable: Kinetic       137.3855
       TwoCenterTable: Overlap       137.3855
      TwoCenterTable: Nonlocal       136.0217
                  meshball_pos       124.6458
               GT::ind_bigcell       118.4447
         GT::in_this_processor       118.4447
              GT::index2normal       118.4447
               GT::index2ucell       118.4447
      GT::bigcell_on_processor        29.6112
                HamiltLCAO::hR        26.5196
            DensityMatrix::DMR        26.2071
            DensityMatrix::DMK        21.9453
                    index_ball        20.7743
                HamiltLCAO::sR        17.4276
                  PW_B_K::gcar        11.6016
                GT::which_atom         7.0577
             GT::which_bigcell         7.0577
            GT::which_unitcell         7.0577
                   PW_B_K::gk2         3.8672
                  SF::strucFac         3.7921
                RealGauntTable         3.7773
                  SF::eigts123         2.2515
                 ORB::Gaunt_CH         2.0508
                      Chg::rho         2.0000
                 Chg::rho_save         2.0000
                 Chg::rho_core         2.0000
                 Pot::veff_fix         2.0000
                     Pot::veff         2.0000
              Pot::veff_smooth         2.0000
 -------------   < 1.0 MB has been ignored ----------------
 ----------------------------------------------------------

 Start  Time  : Fri Oct  9 19:35:05 2026
 Finish Time  : Fri Oct  9 19:35:36 2026
 Total  Time  : 0 h 0 mins 31 secs 
