                                                                                     
                              ABACUS v3.10.0

               Atomic-orbital Based Ab-initio Computation at UStc                    

                     Website: http://abacus.ustc.edu.cn/                             
               Documentation: https://abacus.deepmodeling.com/                       
                  Repository: https://github.com/abacusmodeling/abacus-develop       
                              https://github.com/deepmodeling/abacus-develop         
                      Commit: f7cb1d3 (Mon May 12 16:53:30 2025 +0800)

    Start Time is Fri Oct  9 19:34:58 2026
                                                                                     
 ------------------------------------------------------------------------------------

 READING GENERAL INFORMATION
                           global_out_dir = OUT.ABACUS/
                           global_in_card = INPUT
                               pseudo_dir = 
                              orbital_dir = 
                                    DRANK = 1
                                    DSIZE = 32
                                   DCOLOR = 1
                                    GRANK = 1
                                    GSIZE = 1




 >>>>>>>>>>>>>>>>>>>>>>>>>>>>>>>>>>>>>>>>>>>>>>>>>>>>>>>>>>>>>>>>>>>>>>
 |                                                                    |
 | Reading atom information in unitcell:                              |
 | From the input file and the structure file we know the number of   |
 | different elments in this unitcell, then we list the detail        |
 | information for each element, especially the zeta and polar atomic |
 | orbital number for each element. The total atom number is counted. |
 | We calculate the nearest atom distance for each atom and show the  |
 | Cartesian and Direct coordinates for each atom. We list the file   |
 | address for atomic orbitals. The volume and the lattice vectors    |
 | in real and reciprocal space is also shown.                        |
 |                                                                    |
 <<<<<<<<<<<<<<<<<<<<<<<<<<<<<<<<<<<<<<<<<<<<<<<<<<<<<<<<<<<<<<<<<<<<<<




 READING UNITCELL INFORMATION
                                    ntype = 2
                  lattice constant (Bohr) = 1.88973
              lattice constant (Angstrom) = 1

 READING ATOM TYPE 1
                               atom label = Hf
                      L=0, number of zeta = 4
                      L=1, number of zeta = 2
                      L=2, number of zeta = 2
                      L=3, number of zeta = 1
             number of atom for this type = 4

 READING ATOM TYPE 2
                               atom label = O
                      L=0, number of zeta = 2
                      L=1, number of zeta = 2
                      L=2, number of zeta = 1
             number of atom for this type = 8

                        TOTAL ATOM NUMBER = 12
DIRECT COORDINATES
    atom                   x                   y                   z     mag                  vx                  vy                  vz
taud_Hf1            0.0000000000        0.0000000000        0.0000000000  0.0000        0.0000000000        0.0000000000        0.0000000000
taud_Hf2            0.0000000000        0.5000000000        0.5000000000  0.0000        0.0000000000        0.0000000000        0.0000000000
taud_Hf3            0.5000000000        0.0000000000        0.5000000000  0.0000        0.0000000000        0.0000000000        0.0000000000
taud_Hf4            0.5000000000        0.5000000000        0.0000000000  0.0000        0.0000000000        0.0000000000        0.0000000000
taud_O1            0.1960838216        0.3039189692        0.1962148159  0.0000        0.0000000000        0.0000000000        0.0000000000
taud_O2            0.3039156223        0.3039188977        0.6962149599  0.0000        0.0000000000        0.0000000000        0.0000000000
taud_O3            0.1960843844        0.8039188521        0.3037848267  0.0000        0.0000000000        0.0000000000        0.0000000000
taud_O4            0.3039161694        0.8039189111        0.8037849741  0.0000        0.0000000000        0.0000000000        0.0000000000
taud_O5            0.6960838306        0.1960810889        0.1962150259  0.0000        0.0000000000        0.0000000000        0.0000000000
taud_O6            0.8039156156        0.1960811479        0.6962151733  0.0000        0.0000000000        0.0000000000        0.0000000000
taud_O7            0.6960843777        0.6960811023        0.3037850401  0.0000        0.0000000000        0.0000000000        0.0000000000
taud_O8            0.8039161784        0.6960810308        0.8037851841  0.0000        0.0000000000        0.0000000000        0.0000000000



                          Volume (Bohr^3) = 925.491
                             Volume (A^3) = 137.143

 Lattice vectors: (Cartesian coordinate: in unit of a_0)
             +5.15666        -5.66406e-08        +1.92467e-06
         -5.14784e-08            +5.15749        -1.12113e-06
         +2.38359e-06        -1.13249e-06            +5.15666
 Reciprocal vectors: (Cartesian coordinate: in unit of 2 pi/a_0)
            +0.193924        +1.93559e-09        -8.96387e-08
         +2.12969e-09           +0.193893         +4.2582e-08
           -7.238e-08        +4.21549e-08           +0.193924
 The esolver type has been set to : ksdft_lcao

 RUNNING WITH DEVICE  : CPU / AMD EPYC 7702 64-Core Processor




 >>>>>>>>>>>>>>>>>>>>>>>>>>>>>>>>>>>>>>>>>>>>>>>>>>>>>>>>>>>>>>>>>>>>>>
 |                                                                    |
 | Reading pseudopotentials files:                                    |
 | The pseudopotential file is in UPF format. The 'NC' indicates that |
 | the type of pseudopotential is 'norm conserving'. Functional of    |
 | exchange and correlation is decided by 4 given parameters in UPF   |
 | file.  We also read in the 'core correction' if there exists.      |
 | Also we can read the valence electrons number and the maximal      |
 | angular momentum used in this pseudopotential. We also read in the |
 | trail wave function, trail atomic density and local-pseudopotential|
 | on logrithmic grid. The non-local pseudopotential projector is also|
 | read in if there is any.                                           |
 |                                                                    |
 <<<<<<<<<<<<<<<<<<<<<<<<<<<<<<<<<<<<<<<<<<<<<<<<<<<<<<<<<<<<<<<<<<<<<<




                PAO radial cut off (Bohr) = 15

 Read in pseudopotential file is Hf.upf
                     pseudopotential type = NC
          exchange-correlation functional = PBE
                 nonlocal core correction = 1
                        valence electrons = 12
                                     lmax = 3
                           number of zeta = 4
                     number of projectors = 8
                           L of projector = 0
                           L of projector = 0
                           L of projector = 1
                           L of projector = 1
                           L of projector = 2
                           L of projector = 2
                           L of projector = 3
                           L of projector = 3
                PAO radial cut off (Bohr) = 15

 Read in pseudopotential file is O.upf
                     pseudopotential type = NC
          exchange-correlation functional = PBE
                 nonlocal core correction = 1
                        valence electrons = 6
                                     lmax = 2
                           number of zeta = 2
                     number of projectors = 5
                           L of projector = 0
                           L of projector = 0
                           L of projector = 1
                           L of projector = 1
                           L of projector = 2
     initial pseudo atomic orbital number = 72

 SETUP THE ELECTRONS NUMBER
            electron number of element Hf = 12
      total electron number of element Hf = 48
             electron number of element O = 6
       total electron number of element O = 48
            AUTOSET number of electrons:  = 96
                           occupied bands = 48
                                   NLOCAL = 212
                                   NBANDS = 58
                                   NBANDS = 58
                                   NLOCAL = 212

%%%%%%%%%%%%%%%%%%%%%%%%%%%%%%%%%%%%%%%%%%%%%%%%%%%%%%%%%%%%%%%%%%%%%%%%%%%%%%%%%%%%%%%%%%%%%%%%%%%%%%%%%%
 Warning: the number of valence electrons in pseudopotential > 4 for Hf: [Xe] 4f14 5d2 6s2
 Pseudopotentials with additional electrons can yield (more) accurate outcomes, but may be less efficient.
 If you're confident that your chosen pseudopotential is appropriate, you can safely ignore this warning.
%%%%%%%%%%%%%%%%%%%%%%%%%%%%%%%%%%%%%%%%%%%%%%%%%%%%%%%%%%%%%%%%%%%%%%%%%%%%%%%%%%%%%%%%%%%%%%%%%%%%%%%%%%
                  




 >>>>>>>>>>>>>>>>>>>>>>>>>>>>>>>>>>>>>>>>>>>>>>>>>>>>>>>>>>>>>>>>>>>>>>
 |                                                                    |
 | Setup plane waves of charge/potential:                             |
 | Use the energy cutoff and the lattice vectors to generate the      |
 | dimensions of FFT grid. The number of FFT grid on each processor   |
 | is 'nrxx'. The number of plane wave basis in reciprocal space is   |
 | different for charege/potential and wave functions. We also set    |
 | the 'sticks' for the parallel of FFT. The number of plane waves    |
 | is 'npw' in each processor.                                        |
 <<<<<<<<<<<<<<<<<<<<<<<<<<<<<<<<<<<<<<<<<<<<<<<<<<<<<<<<<<<<<<<<<<<<<<





 SETUP THE PLANE WAVE BASIS
 energy cutoff for charge/potential (unit:Ry) = 400
            fft grid for charge/potential = [ 64, 64, 64 ]
                        fft grid division = [ 2, 2, 2 ]
        big fft grid for charge/potential = [ 32, 32, 32 ]
                                     nbxx = 1024
                                     nrxx = 8192

 SETUP PLANE WAVES FOR CHARGE/POTENTIAL
                    number of plane waves = 124823
                         number of sticks = 3017

 PARALLEL PW FOR CHARGE/POTENTIAL
     PROC   COLUMNS(POT)             PW
        1             94           3902
        2             94           3902
        3             94           3902
        4             94           3902
        5             94           3902
        6             94           3902
        7             94           3902
        8             94           3902
        9             94           3902
       10             94           3902
       11             94           3902
       12             94           3902
       13             94           3900
       14             94           3900
       15             94           3900
       16             94           3900
       17             96           3900
       18             95           3899
       19             95           3899
       20             95           3899
       21             95           3899
       22             96           3900
       23             95           3899
       24             94           3902
       25             94           3902
       26             94           3900
       27             94           3900
       28             94           3900
       29             94           3900
       30             94           3900
       31             94           3900
       32             94           3900
 --------------- sum -------------------
       32           3017         124823
                            number of |g| = 3817
                                  max |g| = 36.1775
                                  min |g| = 0.0376064
 DONE : SETUP UNITCELL Time : 0.734355 (SEC)


----------- Double Check Mixing Parameters Begin ------------
mixing_type: broyden
mixing_beta: 0.3
mixing_gg0: 1
mixing_gg0_min: 0.1
mixing_ndim: 8
----------- Double Check Mixing Parameters End ------------




 >>>>>>>>>>>>>>>>>>>>>>>>>>>>>>>>>>>>>>>>>>>>>>>>>>>>>>>>>>>>>>>>>>>>>>
 |                                                                    |
 | Setup K-points                                                     |
 | We setup the k-points according to input parameters.               |
 | The reduced k-points are set according to symmetry operations.     |
 | We treat the spin as another set of k-points.                      |
 |                                                                    |
 <<<<<<<<<<<<<<<<<<<<<<<<<<<<<<<<<<<<<<<<<<<<<<<<<<<<<<<<<<<<<<<<<<<<<<





 SETUP K-POINTS
                                    nspin = 1
                   Input type of k points = Monkhorst-Pack(Gamma)
                                   nkstot = 32
K-POINTS DIRECT COORDINATES
 KPOINTS    DIRECT_X    DIRECT_Y    DIRECT_Z  WEIGHT
       1  0.00000000  0.00000000  0.00000000  0.0312
       2  0.50000000  0.00000000  0.00000000  0.0312
       3  0.00000000  0.50000000  0.00000000  0.0312
       4  0.50000000  0.50000000  0.00000000  0.0312
       5  0.00000000  0.00000000  0.12500000  0.0312
       6  0.50000000  0.00000000  0.12500000  0.0312
       7  0.00000000  0.50000000  0.12500000  0.0312
       8  0.50000000  0.50000000  0.12500000  0.0312
       9  0.00000000  0.00000000  0.25000000  0.0312
      10  0.50000000  0.00000000  0.25000000  0.0312
      11  0.00000000  0.50000000  0.25000000  0.0312
      12  0.50000000  0.50000000  0.25000000  0.0312
      13  0.00000000  0.00000000  0.37500000  0.0312
      14  0.50000000  0.00000000  0.37500000  0.0312
      15  0.00000000  0.50000000  0.37500000  0.0312
      16  0.50000000  0.50000000  0.37500000  0.0312
      17  0.00000000  0.00000000  0.50000000  0.0312
      18  0.50000000  0.00000000  0.50000000  0.0312
      19  0.00000000  0.50000000  0.50000000  0.0312
      20  0.50000000  0.50000000  0.50000000  0.0312
      21  0.00000000  0.00000000  0.62500000  0.0312
      22  0.50000000  0.00000000  0.62500000  0.0312
      23  0.00000000  0.50000000  0.62500000  0.0312
      24  0.50000000  0.50000000  0.62500000  0.0312
      25  0.00000000  0.00000000  0.75000000  0.0312
      26  0.50000000  0.00000000  0.75000000  0.0312
      27  0.00000000  0.50000000  0.75000000  0.0312
      28  0.50000000  0.50000000  0.75000000  0.0312
      29  0.00000000  0.00000000  0.87500000  0.0312
      30  0.50000000  0.00000000  0.87500000  0.0312
      31  0.00000000  0.50000000  0.87500000  0.0312
      32  0.50000000  0.50000000  0.87500000  0.0312


           k-point number in this process = 32
       minimum distributed K point number = 32

K-POINTS CARTESIAN COORDINATES
 KPOINTS CARTESIAN_X CARTESIAN_Y CARTESIAN_Z  WEIGHT
       1  0.00000000  0.00000000  0.00000000  0.0625
       2  0.09696191  0.00000000 -0.00000004  0.0625
       3  0.00000000  0.09694631  0.00000002  0.0625
       4  0.09696191  0.09694631 -0.00000002  0.0625
       5 -0.00000001  0.00000001  0.02424052  0.0625
       6  0.09696190  0.00000001  0.02424047  0.0625
       7 -0.00000001  0.09694632  0.02424054  0.0625
       8  0.09696190  0.09694632  0.02424049  0.0625
       9 -0.00000002  0.00000001  0.04848103  0.0625
      10  0.09696189  0.00000001  0.04848099  0.0625
      11 -0.00000002  0.09694632  0.04848105  0.0625
      12  0.09696189  0.09694632  0.04848101  0.0625
      13 -0.00000003  0.00000002  0.07272155  0.0625
      14  0.09696188  0.00000002  0.07272150  0.0625
      15 -0.00000003  0.09694633  0.07272157  0.0625
      16  0.09696188  0.09694633  0.07272152  0.0625
      17 -0.00000004  0.00000002  0.09696206  0.0625
      18  0.09696187  0.00000002  0.09696202  0.0625
      19 -0.00000004  0.09694633  0.09696208  0.0625
      20  0.09696187  0.09694634  0.09696204  0.0625
      21 -0.00000005  0.00000003  0.12120258  0.0625
      22  0.09696186  0.00000003  0.12120253  0.0625
      23 -0.00000004  0.09694634  0.12120260  0.0625
      24  0.09696186  0.09694634  0.12120256  0.0625
      25 -0.00000005  0.00000003  0.14544310  0.0625
      26  0.09696185  0.00000003  0.14544305  0.0625
      27 -0.00000005  0.09694634  0.14544312  0.0625
      28  0.09696185  0.09694635  0.14544307  0.0625
      29 -0.00000006  0.00000004  0.16968361  0.0625
      30  0.09696184  0.00000004  0.16968357  0.0625
      31 -0.00000006  0.09694635  0.16968363  0.0625
      32  0.09696185  0.09694635  0.16968359  0.0625


K-POINTS DIRECT COORDINATES
 KPOINTS    DIRECT_X    DIRECT_Y    DIRECT_Z  WEIGHT
       1  0.00000000  0.00000000  0.00000000  0.0625
       2  0.50000000  0.00000000  0.00000000  0.0625
       3  0.00000000  0.50000000  0.00000000  0.0625
       4  0.50000000  0.50000000  0.00000000  0.0625
       5  0.00000000  0.00000000  0.12500000  0.0625
       6  0.50000000  0.00000000  0.12500000  0.0625
       7  0.00000000  0.50000000  0.12500000  0.0625
       8  0.50000000  0.50000000  0.12500000  0.0625
       9  0.00000000  0.00000000  0.25000000  0.0625
      10  0.50000000  0.00000000  0.25000000  0.0625
      11  0.00000000  0.50000000  0.25000000  0.0625
      12  0.50000000  0.50000000  0.25000000  0.0625
      13  0.00000000  0.00000000  0.37500000  0.0625
      14  0.50000000  0.00000000  0.37500000  0.0625
      15  0.00000000  0.50000000  0.37500000  0.0625
      16  0.50000000  0.50000000  0.37500000  0.0625
      17  0.00000000  0.00000000  0.50000000  0.0625
      18  0.50000000  0.00000000  0.50000000  0.0625
      19  0.00000000  0.50000000  0.50000000  0.0625
      20  0.50000000  0.50000000  0.50000000  0.0625
      21  0.00000000  0.00000000  0.62500000  0.0625
      22  0.50000000  0.00000000  0.62500000  0.0625
      23  0.00000000  0.50000000  0.62500000  0.0625
      24  0.50000000  0.50000000  0.62500000  0.0625
      25  0.00000000  0.00000000  0.75000000  0.0625
      26  0.50000000  0.00000000  0.75000000  0.0625
      27  0.00000000  0.50000000  0.75000000  0.0625
      28  0.50000000  0.50000000  0.75000000  0.0625
      29  0.00000000  0.00000000  0.87500000  0.0625
      30  0.50000000  0.00000000  0.87500000  0.0625
      31  0.00000000  0.50000000  0.87500000  0.0625
      32  0.50000000  0.50000000  0.87500000  0.0625

 DONE : INIT K-POINTS Time : 0.829675 (SEC)





 >>>>>>>>>>>>>>>>>>>>>>>>>>>>>>>>>>>>>>>>>>>>>>>>>>>>>>>>>>>>>>>>>>>>>>
 |                                                                    |
 | Setup plane waves of wave functions:                               |
 | Use the energy cutoff and the lattice vectors to generate the      |
 | dimensions of FFT grid. The number of FFT grid on each processor   |
 | is 'nrxx'. The number of plane wave basis in reciprocal space is   |
 | different for charege/potential and wave functions. We also set    |
 | the 'sticks' for the parallel of FFT. The number of plane wave of  |
 | each k-point is 'npwk[ik]' in each processor                       |
 <<<<<<<<<<<<<<<<<<<<<<<<<<<<<<<<<<<<<<<<<<<<<<<<<<<<<<<<<<<<<<<<<<<<<<





 SETUP PLANE WAVES FOR WAVE FUNCTIONS
     energy cutoff for wavefunc (unit:Ry) = 100
              fft grid for wave functions = [ 64, 64, 64 ]
                    number of plane waves = 19309
                         number of sticks = 869

 PARALLEL PW FOR WAVE FUNCTIONS
     PROC   COLUMNS(POT)             PW
        1             27            605
        2             27            605
        3             28            606
        4             28            606
        5             27            603
        6             27            603
        7             27            603
        8             27            603
        9             27            603
       10             27            603
       11             27            603
       12             27            603
       13             27            603
       14             27            603
       15             27            603
       16             27            603
       17             27            603
       18             27            603
       19             28            604
       20             28            604
       21             28            604
       22             27            603
       23             27            603
       24             27            603
       25             27            603
       26             27            603
       27             27            603
       28             27            603
       29             27            603
       30             27            603
       31             27            603
       32             27            603
 --------------- sum -------------------
       32            869          19309
 DONE : INIT PLANEWAVE Time : 0.868317 (SEC)

 SET NONLOCAL PSEUDOPOTENTIAL PROJECTORS
 SET NONLOCAL PSEUDOPOTENTIAL PROJECTORS
 max number of nonlocal projetors among all species is 8
 DONE : LOCAL POTENTIAL Time : 1.52498 (SEC)


 -------------------------------------------
 NONSELF-CONSISTENT
 -------------------------------------------




 >>>>>>>>>>>>>>>>>>>>>>>>>>>>>>>>>>>>>>>>>>>>>>>>>>>>>>>>>>>>>>>>>>>>>>
 |                                                                    |
 | Search adjacent atoms:                                             |
 | Set the adjacent atoms for each atom and set the periodic boundary |
 | condition for the atoms on real space FFT grid. For k-dependent    |
 | algorithm, we also need to set the sparse H and S matrix element   |
 | for each atom.                                                     |
 |                                                                    |
 <<<<<<<<<<<<<<<<<<<<<<<<<<<<<<<<<<<<<<<<<<<<<<<<<<<<<<<<<<<<<<<<<<<<<<





 SETUP SEARCHING RADIUS FOR PROGRAM TO SEARCH ADJACENT ATOMS
                  longest orb rcut (Bohr) = 10
   longest nonlocal projector rcut (Bohr) = 2.46
                     search radius (Bohr) = 24.9
              searching radius is (Bohr)) = 24.9
         searching radius unit is (Bohr)) = 1.89
                         PeriodicBoundary = 1
                        Radius(unit:lat0) = 13.2
                                   glayer = [ 4, 4, 4 ]
                             glayer_minus = [ 3, 3, 3 ]

Find the coordinate range of the input atom(unit:lat0).
                                  min_tau = [ -15.5, -15.5, -15.5 ]
                                  max_tau = [ 19.6, 19.6, 19.6 ]
                                BoxNumber = [ 7, 7, 7 ]

 SETUP EXTENDED REAL SPACE GRID FOR GRID INTEGRATION
                          real space grid = [ 64, 64, 64 ]
                 big cell numbers in grid = [ 32, 32, 32 ]
             meshcell numbers in big cell = [ 2, 2, 2 ]
                        extended fft grid = [ 33, 33, 33 ]
                dimension of extened grid = [ 99, 99, 99 ]
                            UnitCellTotal = 125
              Atom number in sub-FFT-grid = 12
    Local orbitals number in sub-FFT-grid = 212
                                ParaV.nnr = 81704

 Warning_Memory_Consuming allocated:  Gint::hRGint 12.6 MB

 Warning_Memory_Consuming allocated:  Gint::DMRGint 12.6 MB
                                 init_chg = file
 try to read charge from file
 Find the file OUT.ABACUS//SPIN1_CHG.cube , try to read it.
 Read in the charge density: OUT.ABACUS//SPIN1_CHG.cube
 DONE : INIT SCF Time : 2.20685 (SEC)


 LCAO ALGORITHM --------------- ION=   1  ELEC=   1--------------------------------
 Energy (eV) & Occupations  for spin=1 K-point=1
      1       -49.1827      0.0625000
      2       -49.1676      0.0625000
      3       -49.1676      0.0625000
      4       -49.1676      0.0625000
      5       -18.9154      0.0625000
      6       -18.9154      0.0625000
      7       -18.9153      0.0625000
      8       -18.7720      0.0625000
      9       -18.6801      0.0625000
     10       -18.6800      0.0625000
     11       -18.6799      0.0625000
     12       -18.6198      0.0625000
     13       -18.6196      0.0625000
     14       -18.5493      0.0625000
     15       -18.5492      0.0625000
     16       -18.5491      0.0625000
     17       -6.87768      0.0625000
     18       -5.53768      0.0625000
     19       -5.53756      0.0625000
     20       -5.53743      0.0625000
     21       -4.90493      0.0625000
     22       -4.90478      0.0625000
     23       -4.90448      0.0625000
     24       -4.19865      0.0625000
     25        5.51802      0.0625000
     26        5.51846      0.0625000
     27        5.51875      0.0625000
     28        6.32134      0.0625000
     29        6.32145      0.0625000
     30        6.32159      0.0625000
     31        8.12204      0.0625000
     32        8.12206      0.0625000
     33        8.12321      0.0625000
     34        8.38519      0.0625000
     35        8.38675      0.0625000
     36        8.44259      0.0625000
     37        8.44618      0.0625000
     38        8.52987      0.0625000
     39        9.61504      0.0625000
     40        9.61587      0.0625000
     41        9.61788      0.0625000
     42        10.6776      0.0625000
     43        10.6780      0.0625000
     44        10.6781      0.0625000
     45        11.0926      0.0625000
     46        11.0928      0.0625000
     47        11.0929      0.0625000
     48        11.3202      0.0625000
     49        15.7884        0.00000
     50        15.8861        0.00000
     51        15.8877        0.00000
     52        15.9443        0.00000
     53        15.9468        0.00000
     54        15.9476        0.00000
     55        16.8402        0.00000
     56        16.8414        0.00000
     57        16.8422        0.00000
     58        17.0056        0.00000
 Energy (eV) & Occupations  for spin=1 K-point=2
      1       -49.1752      0.0625000
      2       -49.1752      0.0625000
      3       -49.1676      0.0625000
      4       -49.1676      0.0625000
      5       -18.8054      0.0625000
      6       -18.8054      0.0625000
      7       -18.7945      0.0625000
      8       -18.7945      0.0625000
      9       -18.7494      0.0625000
     10       -18.7494      0.0625000
     11       -18.6871      0.0625000
     12       -18.6871      0.0625000
     13       -18.6102      0.0625000
     14       -18.6102      0.0625000
     15       -18.5901      0.0625000
     16       -18.5900      0.0625000
     17       -6.03095      0.0625000
     18       -6.03095      0.0625000
     19       -5.27694      0.0625000
     20       -5.27694      0.0625000
     21       -5.15165      0.0625000
     22       -5.15165      0.0625000
     23       -4.86434      0.0625000
     24       -4.86434      0.0625000
     25        6.38899      0.0625000
     26        6.38900      0.0625000
     27        6.70851      0.0625000
     28        6.70851      0.0625000
     29        6.87863      0.0625000
     30        6.87864      0.0625000
     31        7.23657      0.0625000
     32        7.23657      0.0625000
     33        7.69195      0.0625000
     34        7.69195      0.0625000
     35        8.28465      0.0625000
     36        8.28465      0.0625000
     37        8.30050      0.0625000
     38        8.30050      0.0625000
     39        9.35048      0.0625000
     40        9.35048      0.0625000
     41        9.65586      0.0625000
     42        9.65586      0.0625000
     43        10.6455      0.0625000
     44        10.6455      0.0625000
     45        10.7412      0.0625000
     46        10.7412      0.0625000
     47        10.9318      0.0625000
     48        10.9318      0.0625000
     49        16.2455        0.00000
     50        16.2455        0.00000
     51        16.4330        0.00000
     52        16.4331        0.00000
     53        16.5041        0.00000
     54        16.5042        0.00000
     55        16.7168        0.00000
     56        16.7168        0.00000
     57        16.9831        0.00000
     58        16.9831        0.00000
 Energy (eV) & Occupations  for spin=1 K-point=3
      1       -49.1752      0.0625000
      2       -49.1752      0.0625000
      3       -49.1676      0.0625000
      4       -49.1676      0.0625000
      5       -18.8055      0.0625000
      6       -18.8055      0.0625000
      7       -18.7946      0.0625000
      8       -18.7946      0.0625000
      9       -18.7494      0.0625000
     10       -18.7494      0.0625000
     11       -18.6871      0.0625000
     12       -18.6870      0.0625000
     13       -18.6102      0.0625000
     14       -18.6102      0.0625000
     15       -18.5900      0.0625000
     16       -18.5900      0.0625000
     17       -6.03125      0.0625000
     18       -6.03123      0.0625000
     19       -5.27710      0.0625000
     20       -5.27707      0.0625000
     21       -5.15148      0.0625000
     22       -5.15145      0.0625000
     23       -4.86405      0.0625000
     24       -4.86403      0.0625000
     25        6.38940      0.0625000
     26        6.38942      0.0625000
     27        6.70878      0.0625000
     28        6.70879      0.0625000
     29        6.87794      0.0625000
     30        6.87796      0.0625000
     31        7.23739      0.0625000
     32        7.23741      0.0625000
     33        7.69103      0.0625000
     34        7.69105      0.0625000
     35        8.28435      0.0625000
     36        8.28436      0.0625000
     37        8.30190      0.0625000
     38        8.30191      0.0625000
     39        9.34959      0.0625000
     40        9.34959      0.0625000
     41        9.65445      0.0625000
     42        9.65446      0.0625000
     43        10.6460      0.0625000
     44        10.6460      0.0625000
     45        10.7398      0.0625000
     46        10.7398      0.0625000
     47        10.9319      0.0625000
     48        10.9319      0.0625000
     49        16.2479        0.00000
     50        16.2479        0.00000
     51        16.4342        0.00000
     52        16.4342        0.00000
     53        16.5041        0.00000
     54        16.5041        0.00000
     55        16.7174        0.00000
     56        16.7174        0.00000
     57        16.9826        0.00000
     58        16.9826        0.00000
 Energy (eV) & Occupations  for spin=1 K-point=4
      1       -49.1713      0.0625000
      2       -49.1713      0.0625000
      3       -49.1713      0.0625000
      4       -49.1713      0.0625000
      5       -18.8155      0.0625000
      6       -18.8155      0.0625000
      7       -18.8155      0.0625000
      8       -18.8155      0.0625000
      9       -18.7105      0.0625000
     10       -18.7105      0.0625000
     11       -18.7105      0.0625000
     12       -18.7105      0.0625000
     13       -18.5936      0.0625000
     14       -18.5936      0.0625000
     15       -18.5936      0.0625000
     16       -18.5936      0.0625000
     17       -5.65447      0.0625000
     18       -5.65446      0.0625000
     19       -5.65443      0.0625000
     20       -5.65442      0.0625000
     21       -5.03206      0.0625000
     22       -5.03205      0.0625000
     23       -5.03202      0.0625000
     24       -5.03201      0.0625000
     25        6.78736      0.0625000
     26        6.78736      0.0625000
     27        6.78738      0.0625000
     28        6.78738      0.0625000
     29        7.24390      0.0625000
     30        7.24391      0.0625000
     31        7.24392      0.0625000
     32        7.24393      0.0625000
     33        8.12778      0.0625000
     34        8.12779      0.0625000
     35        8.12780      0.0625000
     36        8.12782      0.0625000
     37        8.76177      0.0625000
     38        8.76177      0.0625000
     39        8.76178      0.0625000
     40        8.76178      0.0625000
     41        9.73322      0.0625000
     42        9.73322      0.0625000
     43        9.73323      0.0625000
     44        9.73323      0.0625000
     45        10.4649      0.0625000
     46        10.4649      0.0625000
     47        10.4649      0.0625000
     48        10.4649      0.0625000
     49        15.8983        0.00000
     50        15.8983        0.00000
     51        15.8983        0.00000
     52        15.8983        0.00000
     53        16.8269        0.00000
     54        16.8269        0.00000
     55        16.8269        0.00000
     56        16.8269        0.00000
     57        17.3250        0.00000
     58        17.3250        0.00000
 Energy (eV) & Occupations  for spin=1 K-point=5
      1       -49.1821      0.0625000
      2       -49.1682      0.0625000
      3       -49.1676      0.0625000
      4       -49.1676      0.0625000
      5       -18.9064      0.0625000
      6       -18.9061      0.0625000
      7       -18.9031      0.0625000
      8       -18.7711      0.0625000
      9       -18.6881      0.0625000
     10       -18.6812      0.0625000
     11       -18.6774      0.0625000
     12       -18.6282      0.0625000
     13       -18.6178      0.0625000
     14       -18.5626      0.0625000
     15       -18.5549      0.0625000
     16       -18.5526      0.0625000
     17       -6.81526      0.0625000
     18       -5.52965      0.0625000
     19       -5.51544      0.0625000
     20       -5.49831      0.0625000
     21       -4.97640      0.0625000
     22       -4.92503      0.0625000
     23       -4.92363      0.0625000
     24       -4.25626      0.0625000
     25        5.57927      0.0625000
     26        5.59995      0.0625000
     27        5.67217      0.0625000
     28        6.36154      0.0625000
     29        6.36673      0.0625000
     30        6.46075      0.0625000
     31        7.87261      0.0625000
     32        7.94948      0.0625000
     33        8.12735      0.0625000
     34        8.18386      0.0625000
     35        8.30166      0.0625000
     36        8.43346      0.0625000
     37        8.55884      0.0625000
     38        8.69032      0.0625000
     39        9.64908      0.0625000
     40        9.67903      0.0625000
     41        9.78762      0.0625000
     42        10.4128      0.0625000
     43        10.5378      0.0625000
     44        10.6374      0.0625000
     45        10.9828      0.0625000
     46        11.0105      0.0625000
     47        11.0729      0.0625000
     48        11.2886      0.0625000
     49        15.8789        0.00000
     50        15.9379        0.00000
     51        15.9932        0.00000
     52        16.0289        0.00000
     53        16.0346        0.00000
     54        16.0357        0.00000
     55        16.8140        0.00000
     56        16.8299        0.00000
     57        16.8676        0.00000
     58        16.9959        0.00000
 Energy (eV) & Occupations  for spin=1 K-point=6
      1       -49.1749      0.0625000
      2       -49.1749      0.0625000
      3       -49.1679      0.0625000
      4       -49.1679      0.0625000
      5       -18.8016      0.0625000
      6       -18.8016      0.0625000
      7       -18.8009      0.0625000
      8       -18.8009      0.0625000
      9       -18.7548      0.0625000
     10       -18.7548      0.0625000
     11       -18.6741      0.0625000
     12       -18.6741      0.0625000
     13       -18.6223      0.0625000
     14       -18.6223      0.0625000
     15       -18.5834      0.0625000
     16       -18.5834      0.0625000
     17       -6.00354      0.0625000
     18       -6.00354      0.0625000
     19       -5.29289      0.0625000
     20       -5.29287      0.0625000
     21       -5.15925      0.0625000
     22       -5.15924      0.0625000
     23       -4.87584      0.0625000
     24       -4.87584      0.0625000
     25        6.43604      0.0625000
     26        6.43604      0.0625000
     27        6.75463      0.0625000
     28        6.75464      0.0625000
     29        6.95405      0.0625000
     30        6.95405      0.0625000
     31        7.17047      0.0625000
     32        7.17047      0.0625000
     33        7.70248      0.0625000
     34        7.70249      0.0625000
     35        8.22270      0.0625000
     36        8.22271      0.0625000
     37        8.45049      0.0625000
     38        8.45049      0.0625000
     39        9.23493      0.0625000
     40        9.23493      0.0625000
     41        9.72490      0.0625000
     42        9.72490      0.0625000
     43        10.5110      0.0625000
     44        10.5110      0.0625000
     45        10.6941      0.0625000
     46        10.6941      0.0625000
     47        10.8714      0.0625000
     48        10.8714      0.0625000
     49        16.1646        0.00000
     50        16.1646        0.00000
     51        16.2790        0.00000
     52        16.2790        0.00000
     53        16.5877        0.00000
     54        16.5877        0.00000
     55        16.8004        0.00000
     56        16.8004        0.00000
     57        17.0110        0.00000
     58        17.0110        0.00000
 Energy (eV) & Occupations  for spin=1 K-point=7
      1       -49.1749      0.0625000
      2       -49.1749      0.0625000
      3       -49.1679      0.0625000
      4       -49.1679      0.0625000
      5       -18.8099      0.0625000
      6       -18.8099      0.0625000
      7       -18.7895      0.0625000
      8       -18.7895      0.0625000
      9       -18.7565      0.0625000
     10       -18.7565      0.0625000
     11       -18.6820      0.0625000
     12       -18.6820      0.0625000
     13       -18.6056      0.0625000
     14       -18.6056      0.0625000
     15       -18.5935      0.0625000
     16       -18.5935      0.0625000
     17       -6.00292      0.0625000
     18       -6.00290      0.0625000
     19       -5.30583      0.0625000
     20       -5.30580      0.0625000
     21       -5.14359      0.0625000
     22       -5.14357      0.0625000
     23       -4.87911      0.0625000
     24       -4.87909      0.0625000
     25        6.45972      0.0625000
     26        6.45975      0.0625000
     27        6.71349      0.0625000
     28        6.71350      0.0625000
     29        6.85516      0.0625000
     30        6.85517      0.0625000
     31        7.31146      0.0625000
     32        7.31148      0.0625000
     33        7.74668      0.0625000
     34        7.74670      0.0625000
     35        8.23932      0.0625000
     36        8.23934      0.0625000
     37        8.34247      0.0625000
     38        8.34248      0.0625000
     39        9.33567      0.0625000
     40        9.33568      0.0625000
     41        9.60384      0.0625000
     42        9.60385      0.0625000
     43        10.5571      0.0625000
     44        10.5571      0.0625000
     45        10.6345      0.0625000
     46        10.6345      0.0625000
     47        10.9300      0.0625000
     48        10.9300      0.0625000
     49        16.1631        0.00000
     50        16.1631        0.00000
     51        16.2679        0.00000
     52        16.2679        0.00000
     53        16.5429        0.00000
     54        16.5429        0.00000
     55        16.9435        0.00000
     56        16.9435        0.00000
     57        16.9834        0.00000
     58        16.9834        0.00000
 Energy (eV) & Occupations  for spin=1 K-point=8
      1       -49.1713      0.0625000
      2       -49.1713      0.0625000
      3       -49.1713      0.0625000
      4       -49.1713      0.0625000
      5       -18.8373      0.0625000
      6       -18.8373      0.0625000
      7       -18.8373      0.0625000
      8       -18.8373      0.0625000
      9       -18.6906      0.0625000
     10       -18.6906      0.0625000
     11       -18.6906      0.0625000
     12       -18.6906      0.0625000
     13       -18.5910      0.0625000
     14       -18.5910      0.0625000
     15       -18.5910      0.0625000
     16       -18.5909      0.0625000
     17       -5.69662      0.0625000
     18       -5.69660      0.0625000
     19       -5.69658      0.0625000
     20       -5.69656      0.0625000
     21       -4.98698      0.0625000
     22       -4.98697      0.0625000
     23       -4.98694      0.0625000
     24       -4.98693      0.0625000
     25        6.78791      0.0625000
     26        6.78791      0.0625000
     27        6.78793      0.0625000
     28        6.78793      0.0625000
     29        7.19659      0.0625000
     30        7.19660      0.0625000
     31        7.19662      0.0625000
     32        7.19663      0.0625000
     33        8.18448      0.0625000
     34        8.18449      0.0625000
     35        8.18450      0.0625000
     36        8.18451      0.0625000
     37        8.85758      0.0625000
     38        8.85758      0.0625000
     39        8.85759      0.0625000
     40        8.85760      0.0625000
     41        9.69125      0.0625000
     42        9.69126      0.0625000
     43        9.69126      0.0625000
     44        9.69127      0.0625000
     45        10.4089      0.0625000
     46        10.4089      0.0625000
     47        10.4089      0.0625000
     48        10.4089      0.0625000
     49        15.8409        0.00000
     50        15.8409        0.00000
     51        15.8409        0.00000
     52        15.8409        0.00000
     53        16.6810        0.00000
     54        16.6810        0.00000
     55        16.6810        0.00000
     56        16.6810        0.00000
     57        17.4640        0.00000
     58        17.4640        0.00000
 Energy (eV) & Occupations  for spin=1 K-point=9
      1       -49.1805      0.0625000
      2       -49.1698      0.0625000
      3       -49.1676      0.0625000
      4       -49.1676      0.0625000
      5       -18.8809      0.0625000
      6       -18.8798      0.0625000
      7       -18.8675      0.0625000
      8       -18.7708      0.0625000
      9       -18.7120      0.0625000
     10       -18.6844      0.0625000
     11       -18.6728      0.0625000
     12       -18.6502      0.0625000
     13       -18.6122      0.0625000
     14       -18.5970      0.0625000
     15       -18.5699      0.0625000
     16       -18.5620      0.0625000
     17       -6.63552      0.0625000
     18       -5.54056      0.0625000
     19       -5.45393      0.0625000
     20       -5.38995      0.0625000
     21       -5.13933      0.0625000
     22       -4.98158      0.0625000
     23       -4.97242      0.0625000
     24       -4.41449      0.0625000
     25        5.75782      0.0625000
     26        5.83781      0.0625000
     27        6.10864      0.0625000
     28        6.48640      0.0625000
     29        6.49230      0.0625000
     30        6.85966      0.0625000
     31        7.52026      0.0625000
     32        7.55644      0.0625000
     33        7.75022      0.0625000
     34        7.99368      0.0625000
     35        8.15053      0.0625000
     36        8.39799      0.0625000
     37        8.74882      0.0625000
     38        9.02803      0.0625000
     39        9.62681      0.0625000
     40        9.67235      0.0625000
     41        9.81254      0.0625000
     42        10.0175      0.0625000
     43        10.1107      0.0625000
     44        10.5534      0.0625000
     45        10.8794      0.0625000
     46        10.9207      0.0625000
     47        11.0225      0.0625000
     48        11.1863      0.0625000
     49        16.0130        0.00000
     50        16.0697        0.00000
     51        16.1073        0.00000
     52        16.1926        0.00000
     53        16.2580        0.00000
     54        16.4245        0.00000
     55        16.7325        0.00000
     56        16.7672        0.00000
     57        16.9114        0.00000
     58        16.9777        0.00000
 Energy (eV) & Occupations  for spin=1 K-point=10
      1       -49.1741      0.0625000
      2       -49.1741      0.0625000
      3       -49.1687      0.0625000
      4       -49.1687      0.0625000
      5       -18.8125      0.0625000
      6       -18.8125      0.0625000
      7       -18.7969      0.0625000
      8       -18.7969      0.0625000
      9       -18.7581      0.0625000
     10       -18.7581      0.0625000
     11       -18.6528      0.0625000
     12       -18.6528      0.0625000
     13       -18.6399      0.0625000
     14       -18.6399      0.0625000
     15       -18.5777      0.0625000
     16       -18.5777      0.0625000
     17       -5.92448      0.0625000
     18       -5.92447      0.0625000
     19       -5.36928      0.0625000
     20       -5.36926      0.0625000
     21       -5.14467      0.0625000
     22       -5.14466      0.0625000
     23       -4.91065      0.0625000
     24       -4.91065      0.0625000
     25        6.54657      0.0625000
     26        6.54658      0.0625000
     27        6.89405      0.0625000
     28        6.89406      0.0625000
     29        7.03181      0.0625000
     30        7.03182      0.0625000
     31        7.14304      0.0625000
     32        7.14304      0.0625000
     33        7.75418      0.0625000
     34        7.75419      0.0625000
     35        8.14712      0.0625000
     36        8.14713      0.0625000
     37        8.74382      0.0625000
     38        8.74382      0.0625000
     39        9.02247      0.0625000
     40        9.02247      0.0625000
     41        9.69737      0.0625000
     42        9.69738      0.0625000
     43        10.2697      0.0625000
     44        10.2697      0.0625000
     45        10.5364      0.0625000
     46        10.5364      0.0625000
     47        10.7356      0.0625000
     48        10.7356      0.0625000
     49        16.0033        0.00000
     50        16.0033        0.00000
     51        16.1003        0.00000
     52        16.1003        0.00000
     53        16.6971        0.00000
     54        16.6972        0.00000
     55        16.8642        0.00000
     56        16.8642        0.00000
     57        17.1272        0.00000
     58        17.1272        0.00000
 Energy (eV) & Occupations  for spin=1 K-point=11
      1       -49.1741      0.0625000
      2       -49.1741      0.0625000
      3       -49.1687      0.0625000
      4       -49.1687      0.0625000
      5       -18.8177      0.0625000
      6       -18.8177      0.0625000
      7       -18.7859      0.0625000
      8       -18.7859      0.0625000
      9       -18.7613      0.0625000
     10       -18.7613      0.0625000
     11       -18.6762      0.0625000
     12       -18.6762      0.0625000
     13       -18.5997      0.0625000
     14       -18.5997      0.0625000
     15       -18.5971      0.0625000
     16       -18.5971      0.0625000
     17       -5.92192      0.0625000
     18       -5.92190      0.0625000
     19       -5.38754      0.0625000
     20       -5.38752      0.0625000
     21       -5.12008      0.0625000
     22       -5.12006      0.0625000
     23       -4.91940      0.0625000
     24       -4.91938      0.0625000
     25        6.65065      0.0625000
     26        6.65068      0.0625000
     27        6.73959      0.0625000
     28        6.73960      0.0625000
     29        6.81640      0.0625000
     30        6.81641      0.0625000
     31        7.51011      0.0625000
     32        7.51013      0.0625000
     33        7.78234      0.0625000
     34        7.78236      0.0625000
     35        8.15156      0.0625000
     36        8.15159      0.0625000
     37        8.49240      0.0625000
     38        8.49242      0.0625000
     39        9.33646      0.0625000
     40        9.33648      0.0625000
     41        9.40877      0.0625000
     42        9.40879      0.0625000
     43        10.2710      0.0625000
     44        10.2710      0.0625000
     45        10.5895      0.0625000
     46        10.5895      0.0625000
     47        10.7776      0.0625000
     48        10.7777      0.0625000
     49        16.0194        0.00000
     50        16.0194        0.00000
     51        16.0723        0.00000
     52        16.0723        0.00000
     53        16.6412        0.00000
     54        16.6412        0.00000
     55        17.0267        0.00000
     56        17.0267        0.00000
     57        17.0602        0.00000
     58        17.0602        0.00000
 Energy (eV) & Occupations  for spin=1 K-point=12
      1       -49.1713      0.0625000
      2       -49.1713      0.0625000
      3       -49.1713      0.0625000
      4       -49.1713      0.0625000
      5       -18.8737      0.0625000
      6       -18.8737      0.0625000
      7       -18.8737      0.0625000
      8       -18.8737      0.0625000
      9       -18.6613      0.0625000
     10       -18.6613      0.0625000
     11       -18.6613      0.0625000
     12       -18.6613      0.0625000
     13       -18.5823      0.0625000
     14       -18.5823      0.0625000
     15       -18.5823      0.0625000
     16       -18.5823      0.0625000
     17       -5.78126      0.0625000
     18       -5.78124      0.0625000
     19       -5.78122      0.0625000
     20       -5.78120      0.0625000
     21       -4.89531      0.0625000
     22       -4.89529      0.0625000
     23       -4.89527      0.0625000
     24       -4.89525      0.0625000
     25        6.76736      0.0625000
     26        6.76736      0.0625000
     27        6.76738      0.0625000
     28        6.76738      0.0625000
     29        7.12917      0.0625000
     30        7.12918      0.0625000
     31        7.12920      0.0625000
     32        7.12921      0.0625000
     33        8.35427      0.0625000
     34        8.35427      0.0625000
     35        8.35429      0.0625000
     36        8.35429      0.0625000
     37        9.00954      0.0625000
     38        9.00955      0.0625000
     39        9.00956      0.0625000
     40        9.00957      0.0625000
     41        9.64059      0.0625000
     42        9.64060      0.0625000
     43        9.64060      0.0625000
     44        9.64062      0.0625000
     45        10.2483      0.0625000
     46        10.2483      0.0625000
     47        10.2483      0.0625000
     48        10.2483      0.0625000
     49        15.6584        0.00000
     50        15.6585        0.00000
     51        15.6585        0.00000
     52        15.6585        0.00000
     53        16.5286        0.00000
     54        16.5287        0.00000
     55        16.5287        0.00000
     56        16.5287        0.00000
     57        17.6334        0.00000
     58        17.6334        0.00000
 Energy (eV) & Occupations  for spin=1 K-point=13
      1       -49.1781      0.0625000
      2       -49.1723      0.0625000
      3       -49.1676      0.0625000
      4       -49.1676      0.0625000
      5       -18.8440      0.0625000
      6       -18.8405      0.0625000
      7       -18.8134      0.0625000
      8       -18.7790      0.0625000
      9       -18.7491      0.0625000
     10       -18.6914      0.0625000
     11       -18.6879      0.0625000
     12       -18.6747      0.0625000
     13       -18.6211      0.0625000
     14       -18.6027      0.0625000
     15       -18.5902      0.0625000
     16       -18.5754      0.0625000
     17       -6.36092      0.0625000
     18       -5.71138      0.0625000
     19       -5.36557      0.0625000
     20       -5.26655      0.0625000
     21       -5.21013      0.0625000
     22       -5.06377      0.0625000
     23       -4.99967      0.0625000
     24       -4.63544      0.0625000
     25        6.04325      0.0625000
     26        6.20993      0.0625000
     27        6.60304      0.0625000
     28        6.61790      0.0625000
     29        6.86512      0.0625000
     30        7.18214      0.0625000
     31        7.18245      0.0625000
     32        7.21270      0.0625000
     33        7.44982      0.0625000
     34        7.65548      0.0625000
     35        8.20717      0.0625000
     36        8.30921      0.0625000
     37        8.72560      0.0625000
     38        9.03797      0.0625000
     39        9.10733      0.0625000
     40        9.37368      0.0625000
     41        9.61663      0.0625000
     42        9.83883      0.0625000
     43        10.4155      0.0625000
     44        10.5676      0.0625000
     45        10.7928      0.0625000
     46        10.8627      0.0625000
     47        10.9637      0.0625000
     48        11.0242      0.0625000
     49        16.1622        0.00000
     50        16.2190        0.00000
     51        16.2448        0.00000
     52        16.3540        0.00000
     53        16.5066        0.00000
     54        16.6026        0.00000
     55        16.6510        0.00000
     56        16.7792        0.00000
     57        16.8515        0.00000
     58        17.0249        0.00000
 Energy (eV) & Occupations  for spin=1 K-point=14
      1       -49.1728      0.0625000
      2       -49.1728      0.0625000
      3       -49.1699      0.0625000
      4       -49.1699      0.0625000
      5       -18.8186      0.0625000
      6       -18.8186      0.0625000
      7       -18.8055      0.0625000
      8       -18.8055      0.0625000
      9       -18.7403      0.0625000
     10       -18.7403      0.0625000
     11       -18.6781      0.0625000
     12       -18.6781      0.0625000
     13       -18.6160      0.0625000
     14       -18.6160      0.0625000
     15       -18.5804      0.0625000
     16       -18.5804      0.0625000
     17       -5.80319      0.0625000
     18       -5.80318      0.0625000
     19       -5.50145      0.0625000
     20       -5.50143      0.0625000
     21       -5.09583      0.0625000
     22       -5.09582      0.0625000
     23       -4.96548      0.0625000
     24       -4.96548      0.0625000
     25        6.66883      0.0625000
     26        6.66883      0.0625000
     27        6.90528      0.0625000
     28        6.90529      0.0625000
     29        7.09481      0.0625000
     30        7.09483      0.0625000
     31        7.26628      0.0625000
     32        7.26629      0.0625000
     33        7.89877      0.0625000
     34        7.89877      0.0625000
     35        8.20142      0.0625000
     36        8.20143      0.0625000
     37        8.65245      0.0625000
     38        8.65245      0.0625000
     39        9.09912      0.0625000
     40        9.09913      0.0625000
     41        9.47116      0.0625000
     42        9.47117      0.0625000
     43        10.0539      0.0625000
     44        10.0539      0.0625000
     45        10.4242      0.0625000
     46        10.4242      0.0625000
     47        10.5862      0.0625000
     48        10.5862      0.0625000
     49        15.8853        0.00000
     50        15.8854        0.00000
     51        15.9854        0.00000
     52        15.9854        0.00000
     53        16.7816        0.00000
     54        16.7816        0.00000
     55        16.8575        0.00000
     56        16.8575        0.00000
     57        17.2506        0.00000
     58        17.2506        0.00000
 Energy (eV) & Occupations  for spin=1 K-point=15
      1       -49.1728      0.0625000
      2       -49.1728      0.0625000
      3       -49.1699      0.0625000
      4       -49.1699      0.0625000
      5       -18.8209      0.0625000
      6       -18.8209      0.0625000
      7       -18.8018      0.0625000
      8       -18.8018      0.0625000
      9       -18.7393      0.0625000
     10       -18.7393      0.0625000
     11       -18.6858      0.0625000
     12       -18.6858      0.0625000
     13       -18.5990      0.0625000
     14       -18.5990      0.0625000
     15       -18.5920      0.0625000
     16       -18.5920      0.0625000
     17       -5.79993      0.0625000
     18       -5.79990      0.0625000
     19       -5.51017      0.0625000
     20       -5.51015      0.0625000
     21       -5.08177      0.0625000
     22       -5.08175      0.0625000
     23       -4.97400      0.0625000
     24       -4.97397      0.0625000
     25        6.77067      0.0625000
     26        6.77067      0.0625000
     27        6.79454      0.0625000
     28        6.79454      0.0625000
     29        6.92490      0.0625000
     30        6.92493      0.0625000
     31        7.56484      0.0625000
     32        7.56486      0.0625000
     33        7.81269      0.0625000
     34        7.81272      0.0625000
     35        8.20715      0.0625000
     36        8.20718      0.0625000
     37        8.64075      0.0625000
     38        8.64078      0.0625000
     39        9.05685      0.0625000
     40        9.05687      0.0625000
     41        9.45831      0.0625000
     42        9.45833      0.0625000
     43        10.0236      0.0625000
     44        10.0236      0.0625000
     45        10.5128      0.0625000
     46        10.5128      0.0625000
     47        10.5555      0.0625000
     48        10.5555      0.0625000
     49        15.8926        0.00000
     50        15.8926        0.00000
     51        15.9833        0.00000
     52        15.9833        0.00000
     53        16.7063        0.00000
     54        16.7063        0.00000
     55        16.9505        0.00000
     56        16.9505        0.00000
     57        17.2182        0.00000
     58        17.2182        0.00000
 Energy (eV) & Occupations  for spin=1 K-point=16
      1       -49.1713      0.0625000
      2       -49.1713      0.0625000
      3       -49.1712      0.0625000
      4       -49.1712      0.0625000
      5       -18.9007      0.0625000
      6       -18.9007      0.0625000
      7       -18.9007      0.0625000
      8       -18.9007      0.0625000
      9       -18.6446      0.0625000
     10       -18.6446      0.0625000
     11       -18.6446      0.0625000
     12       -18.6446      0.0625000
     13       -18.5703      0.0625000
     14       -18.5703      0.0625000
     15       -18.5703      0.0625000
     16       -18.5703      0.0625000
     17       -5.85139      0.0625000
     18       -5.85137      0.0625000
     19       -5.85135      0.0625000
     20       -5.85133      0.0625000
     21       -4.81813      0.0625000
     22       -4.81811      0.0625000
     23       -4.81809      0.0625000
     24       -4.81807      0.0625000
     25        6.71178      0.0625000
     26        6.71178      0.0625000
     27        6.71180      0.0625000
     28        6.71180      0.0625000
     29        7.12782      0.0625000
     30        7.12782      0.0625000
     31        7.12784      0.0625000
     32        7.12784      0.0625000
     33        8.53905      0.0625000
     34        8.53905      0.0625000
     35        8.53906      0.0625000
     36        8.53906      0.0625000
     37        9.11732      0.0625000
     38        9.11732      0.0625000
     39        9.11734      0.0625000
     40        9.11734      0.0625000
     41        9.60006      0.0625000
     42        9.60007      0.0625000
     43        9.60008      0.0625000
     44        9.60009      0.0625000
     45        10.0827      0.0625000
     46        10.0827      0.0625000
     47        10.0828      0.0625000
     48        10.0828      0.0625000
     49        15.4360        0.00000
     50        15.4360        0.00000
     51        15.4361        0.00000
     52        15.4361        0.00000
     53        16.4849        0.00000
     54        16.4849        0.00000
     55        16.4849        0.00000
     56        16.4849        0.00000
     57        17.7240        0.00000
     58        17.7240        0.00000
 Energy (eV) & Occupations  for spin=1 K-point=17
      1       -49.1752      0.0625000
      2       -49.1752      0.0625000
      3       -49.1676      0.0625000
      4       -49.1676      0.0625000
      5       -18.8053      0.0625000
      6       -18.8053      0.0625000
      7       -18.7944      0.0625000
      8       -18.7944      0.0625000
      9       -18.7493      0.0625000
     10       -18.7493      0.0625000
     11       -18.6873      0.0625000
     12       -18.6873      0.0625000
     13       -18.6105      0.0625000
     14       -18.6105      0.0625000
     15       -18.5899      0.0625000
     16       -18.5899      0.0625000
     17       -6.03032      0.0625000
     18       -6.03031      0.0625000
     19       -5.27580      0.0625000
     20       -5.27579      0.0625000
     21       -5.15272      0.0625000
     22       -5.15271      0.0625000
     23       -4.86519      0.0625000
     24       -4.86517      0.0625000
     25        6.39021      0.0625000
     26        6.39022      0.0625000
     27        6.70905      0.0625000
     28        6.70906      0.0625000
     29        6.87868      0.0625000
     30        6.87869      0.0625000
     31        7.23566      0.0625000
     32        7.23567      0.0625000
     33        7.69166      0.0625000
     34        7.69167      0.0625000
     35        8.28426      0.0625000
     36        8.28427      0.0625000
     37        8.30076      0.0625000
     38        8.30077      0.0625000
     39        9.34999      0.0625000
     40        9.34999      0.0625000
     41        9.65589      0.0625000
     42        9.65590      0.0625000
     43        10.6463      0.0625000
     44        10.6463      0.0625000
     45        10.7402      0.0625000
     46        10.7402      0.0625000
     47        10.9310      0.0625000
     48        10.9311      0.0625000
     49        16.2464        0.00000
     50        16.2464        0.00000
     51        16.4339        0.00000
     52        16.4339        0.00000
     53        16.5054        0.00000
     54        16.5054        0.00000
     55        16.7145        0.00000
     56        16.7145        0.00000
     57        16.9837        0.00000
     58        16.9837        0.00000
 Energy (eV) & Occupations  for spin=1 K-point=18
      1       -49.1713      0.0625000
      2       -49.1713      0.0625000
      3       -49.1713      0.0625000
      4       -49.1713      0.0625000
      5       -18.8157      0.0625000
      6       -18.8157      0.0625000
      7       -18.8157      0.0625000
      8       -18.8157      0.0625000
      9       -18.7104      0.0625000
     10       -18.7104      0.0625000
     11       -18.7104      0.0625000
     12       -18.7104      0.0625000
     13       -18.5935      0.0625000
     14       -18.5935      0.0625000
     15       -18.5935      0.0625000
     16       -18.5935      0.0625000
     17       -5.65514      0.0625000
     18       -5.65513      0.0625000
     19       -5.65512      0.0625000
     20       -5.65511      0.0625000
     21       -5.03130      0.0625000
     22       -5.03129      0.0625000
     23       -5.03128      0.0625000
     24       -5.03127      0.0625000
     25        6.78681      0.0625000
     26        6.78681      0.0625000
     27        6.78681      0.0625000
     28        6.78681      0.0625000
     29        7.24181      0.0625000
     30        7.24183      0.0625000
     31        7.24184      0.0625000
     32        7.24186      0.0625000
     33        8.12947      0.0625000
     34        8.12947      0.0625000
     35        8.12949      0.0625000
     36        8.12950      0.0625000
     37        8.76267      0.0625000
     38        8.76267      0.0625000
     39        8.76269      0.0625000
     40        8.76269      0.0625000
     41        9.73363      0.0625000
     42        9.73364      0.0625000
     43        9.73364      0.0625000
     44        9.73365      0.0625000
     45        10.4658      0.0625000
     46        10.4658      0.0625000
     47        10.4658      0.0625000
     48        10.4658      0.0625000
     49        15.8968        0.00000
     50        15.8968        0.00000
     51        15.8968        0.00000
     52        15.8968        0.00000
     53        16.8263        0.00000
     54        16.8263        0.00000
     55        16.8263        0.00000
     56        16.8264        0.00000
     57        17.3248        0.00000
     58        17.3249        0.00000
 Energy (eV) & Occupations  for spin=1 K-point=19
      1       -49.1713      0.0625000
      2       -49.1713      0.0625000
      3       -49.1713      0.0625000
      4       -49.1713      0.0625000
      5       -18.8156      0.0625000
      6       -18.8156      0.0625000
      7       -18.8156      0.0625000
      8       -18.8156      0.0625000
      9       -18.7105      0.0625000
     10       -18.7105      0.0625000
     11       -18.7105      0.0625000
     12       -18.7105      0.0625000
     13       -18.5935      0.0625000
     14       -18.5935      0.0625000
     15       -18.5935      0.0625000
     16       -18.5935      0.0625000
     17       -5.65521      0.0625000
     18       -5.65519      0.0625000
     19       -5.65519      0.0625000
     20       -5.65517      0.0625000
     21       -5.03121      0.0625000
     22       -5.03120      0.0625000
     23       -5.03119      0.0625000
     24       -5.03118      0.0625000
     25        6.78695      0.0625000
     26        6.78695      0.0625000
     27        6.78696      0.0625000
     28        6.78697      0.0625000
     29        7.24246      0.0625000
     30        7.24246      0.0625000
     31        7.24248      0.0625000
     32        7.24249      0.0625000
     33        8.12957      0.0625000
     34        8.12957      0.0625000
     35        8.12959      0.0625000
     36        8.12960      0.0625000
     37        8.76129      0.0625000
     38        8.76129      0.0625000
     39        8.76132      0.0625000
     40        8.76132      0.0625000
     41        9.73402      0.0625000
     42        9.73402      0.0625000
     43        9.73404      0.0625000
     44        9.73405      0.0625000
     45        10.4648      0.0625000
     46        10.4648      0.0625000
     47        10.4648      0.0625000
     48        10.4648      0.0625000
     49        15.8979        0.00000
     50        15.8979        0.00000
     51        15.8979        0.00000
     52        15.8979        0.00000
     53        16.8261        0.00000
     54        16.8261        0.00000
     55        16.8261        0.00000
     56        16.8261        0.00000
     57        17.3255        0.00000
     58        17.3255        0.00000
 Energy (eV) & Occupations  for spin=1 K-point=20
      1       -49.1712      0.0625000
      2       -49.1712      0.0625000
      3       -49.1712      0.0625000
      4       -49.1712      0.0625000
      5       -18.9105      0.0625000
      6       -18.9105      0.0625000
      7       -18.9105      0.0625000
      8       -18.9105      0.0625000
      9       -18.6400      0.0625000
     10       -18.6400      0.0625000
     11       -18.6400      0.0625000
     12       -18.6399      0.0625000
     13       -18.5645      0.0625000
     14       -18.5645      0.0625000
     15       -18.5645      0.0625000
     16       -18.5645      0.0625000
     17       -5.87763      0.0625000
     18       -5.87761      0.0625000
     19       -5.87759      0.0625000
     20       -5.87756      0.0625000
     21       -4.78895      0.0625000
     22       -4.78893      0.0625000
     23       -4.78891      0.0625000
     24       -4.78889      0.0625000
     25        6.68182      0.0625000
     26        6.68183      0.0625000
     27        6.68184      0.0625000
     28        6.68184      0.0625000
     29        7.14262      0.0625000
     30        7.14262      0.0625000
     31        7.14264      0.0625000
     32        7.14264      0.0625000
     33        8.59571      0.0625000
     34        8.59572      0.0625000
     35        8.59573      0.0625000
     36        8.59573      0.0625000
     37        9.29093      0.0625000
     38        9.29094      0.0625000
     39        9.29095      0.0625000
     40        9.29096      0.0625000
     41        9.42906      0.0625000
     42        9.42906      0.0625000
     43        9.42908      0.0625000
     44        9.42909      0.0625000
     45        10.0534      0.0625000
     46        10.0534      0.0625000
     47        10.0534      0.0625000
     48        10.0534      0.0625000
     49        15.3375        0.00000
     50        15.3375        0.00000
     51        15.3375        0.00000
     52        15.3375        0.00000
     53        16.4813        0.00000
     54        16.4813        0.00000
     55        16.4813        0.00000
     56        16.4813        0.00000
     57        17.7515        0.00000
     58        17.7515        0.00000
 Energy (eV) & Occupations  for spin=1 K-point=21
      1       -49.1781      0.0625000
      2       -49.1723      0.0625000
      3       -49.1676      0.0625000
      4       -49.1676      0.0625000
      5       -18.8440      0.0625000
      6       -18.8405      0.0625000
      7       -18.8134      0.0625000
      8       -18.7790      0.0625000
      9       -18.7491      0.0625000
     10       -18.6914      0.0625000
     11       -18.6879      0.0625000
     12       -18.6747      0.0625000
     13       -18.6211      0.0625000
     14       -18.6027      0.0625000
     15       -18.5902      0.0625000
     16       -18.5754      0.0625000
     17       -6.36092      0.0625000
     18       -5.71138      0.0625000
     19       -5.36557      0.0625000
     20       -5.26655      0.0625000
     21       -5.21013      0.0625000
     22       -5.06377      0.0625000
     23       -4.99967      0.0625000
     24       -4.63544      0.0625000
     25        6.04325      0.0625000
     26        6.20993      0.0625000
     27        6.60304      0.0625000
     28        6.61790      0.0625000
     29        6.86512      0.0625000
     30        7.18214      0.0625000
     31        7.18245      0.0625000
     32        7.21270      0.0625000
     33        7.44982      0.0625000
     34        7.65548      0.0625000
     35        8.20717      0.0625000
     36        8.30921      0.0625000
     37        8.72560      0.0625000
     38        9.03797      0.0625000
     39        9.10733      0.0625000
     40        9.37368      0.0625000
     41        9.61663      0.0625000
     42        9.83883      0.0625000
     43        10.4155      0.0625000
     44        10.5676      0.0625000
     45        10.7928      0.0625000
     46        10.8627      0.0625000
     47        10.9637      0.0625000
     48        11.0242      0.0625000
     49        16.1622        0.00000
     50        16.2190        0.00000
     51        16.2448        0.00000
     52        16.3540        0.00000
     53        16.5066        0.00000
     54        16.6026        0.00000
     55        16.6510        0.00000
     56        16.7792        0.00000
     57        16.8515        0.00000
     58        17.0249        0.00000
 Energy (eV) & Occupations  for spin=1 K-point=22
      1       -49.1728      0.0625000
      2       -49.1728      0.0625000
      3       -49.1699      0.0625000
      4       -49.1699      0.0625000
      5       -18.8186      0.0625000
      6       -18.8186      0.0625000
      7       -18.8055      0.0625000
      8       -18.8055      0.0625000
      9       -18.7403      0.0625000
     10       -18.7403      0.0625000
     11       -18.6781      0.0625000
     12       -18.6781      0.0625000
     13       -18.6160      0.0625000
     14       -18.6160      0.0625000
     15       -18.5804      0.0625000
     16       -18.5804      0.0625000
     17       -5.80319      0.0625000
     18       -5.80318      0.0625000
     19       -5.50145      0.0625000
     20       -5.50143      0.0625000
     21       -5.09583      0.0625000
     22       -5.09582      0.0625000
     23       -4.96548      0.0625000
     24       -4.96548      0.0625000
     25        6.66883      0.0625000
     26        6.66883      0.0625000
     27        6.90528      0.0625000
     28        6.90529      0.0625000
     29        7.09481      0.0625000
     30        7.09483      0.0625000
     31        7.26628      0.0625000
     32        7.26629      0.0625000
     33        7.89877      0.0625000
     34        7.89877      0.0625000
     35        8.20142      0.0625000
     36        8.20143      0.0625000
     37        8.65245      0.0625000
     38        8.65245      0.0625000
     39        9.09912      0.0625000
     40        9.09913      0.0625000
     41        9.47116      0.0625000
     42        9.47117      0.0625000
     43        10.0539      0.0625000
     44        10.0539      0.0625000
     45        10.4242      0.0625000
     46        10.4242      0.0625000
     47        10.5862      0.0625000
     48        10.5862      0.0625000
     49        15.8853        0.00000
     50        15.8854        0.00000
     51        15.9854        0.00000
     52        15.9854        0.00000
     53        16.7816        0.00000
     54        16.7816        0.00000
     55        16.8575        0.00000
     56        16.8575        0.00000
     57        17.2506        0.00000
     58        17.2506        0.00000
 Energy (eV) & Occupations  for spin=1 K-point=23
      1       -49.1728      0.0625000
      2       -49.1728      0.0625000
      3       -49.1699      0.0625000
      4       -49.1699      0.0625000
      5       -18.8209      0.0625000
      6       -18.8209      0.0625000
      7       -18.8018      0.0625000
      8       -18.8018      0.0625000
      9       -18.7393      0.0625000
     10       -18.7393      0.0625000
     11       -18.6858      0.0625000
     12       -18.6858      0.0625000
     13       -18.5990      0.0625000
     14       -18.5990      0.0625000
     15       -18.5920      0.0625000
     16       -18.5920      0.0625000
     17       -5.79993      0.0625000
     18       -5.79990      0.0625000
     19       -5.51017      0.0625000
     20       -5.51015      0.0625000
     21       -5.08177      0.0625000
     22       -5.08175      0.0625000
     23       -4.97400      0.0625000
     24       -4.97397      0.0625000
     25        6.77067      0.0625000
     26        6.77067      0.0625000
     27        6.79454      0.0625000
     28        6.79454      0.0625000
     29        6.92490      0.0625000
     30        6.92493      0.0625000
     31        7.56484      0.0625000
     32        7.56486      0.0625000
     33        7.81269      0.0625000
     34        7.81272      0.0625000
     35        8.20715      0.0625000
     36        8.20718      0.0625000
     37        8.64075      0.0625000
     38        8.64078      0.0625000
     39        9.05685      0.0625000
     40        9.05687      0.0625000
     41        9.45831      0.0625000
     42        9.45833      0.0625000
     43        10.0236      0.0625000
     44        10.0236      0.0625000
     45        10.5128      0.0625000
     46        10.5128      0.0625000
     47        10.5555      0.0625000
     48        10.5555      0.0625000
     49        15.8926        0.00000
     50        15.8926        0.00000
     51        15.9833        0.00000
     52        15.9833        0.00000
     53        16.7063        0.00000
     54        16.7063        0.00000
     55        16.9505        0.00000
     56        16.9505        0.00000
     57        17.2182        0.00000
     58        17.2182        0.00000
 Energy (eV) & Occupations  for spin=1 K-point=24
      1       -49.1713      0.0625000
      2       -49.1713      0.0625000
      3       -49.1712      0.0625000
      4       -49.1712      0.0625000
      5       -18.9007      0.0625000
      6       -18.9007      0.0625000
      7       -18.9007      0.0625000
      8       -18.9007      0.0625000
      9       -18.6446      0.0625000
     10       -18.6446      0.0625000
     11       -18.6446      0.0625000
     12       -18.6446      0.0625000
     13       -18.5703      0.0625000
     14       -18.5703      0.0625000
     15       -18.5703      0.0625000
     16       -18.5703      0.0625000
     17       -5.85139      0.0625000
     18       -5.85137      0.0625000
     19       -5.85135      0.0625000
     20       -5.85133      0.0625000
     21       -4.81813      0.0625000
     22       -4.81811      0.0625000
     23       -4.81809      0.0625000
     24       -4.81807      0.0625000
     25        6.71178      0.0625000
     26        6.71178      0.0625000
     27        6.71180      0.0625000
     28        6.71180      0.0625000
     29        7.12782      0.0625000
     30        7.12782      0.0625000
     31        7.12784      0.0625000
     32        7.12784      0.0625000
     33        8.53905      0.0625000
     34        8.53905      0.0625000
     35        8.53906      0.0625000
     36        8.53906      0.0625000
     37        9.11732      0.0625000
     38        9.11732      0.0625000
     39        9.11734      0.0625000
     40        9.11734      0.0625000
     41        9.60006      0.0625000
     42        9.60007      0.0625000
     43        9.60008      0.0625000
     44        9.60009      0.0625000
     45        10.0827      0.0625000
     46        10.0827      0.0625000
     47        10.0828      0.0625000
     48        10.0828      0.0625000
     49        15.4360        0.00000
     50        15.4360        0.00000
     51        15.4361        0.00000
     52        15.4361        0.00000
     53        16.4849        0.00000
     54        16.4849        0.00000
     55        16.4849        0.00000
     56        16.4849        0.00000
     57        17.7240        0.00000
     58        17.7240        0.00000
 Energy (eV) & Occupations  for spin=1 K-point=25
      1       -49.1805      0.0625000
      2       -49.1698      0.0625000
      3       -49.1676      0.0625000
      4       -49.1676      0.0625000
      5       -18.8809      0.0625000
      6       -18.8798      0.0625000
      7       -18.8675      0.0625000
      8       -18.7708      0.0625000
      9       -18.7120      0.0625000
     10       -18.6844      0.0625000
     11       -18.6728      0.0625000
     12       -18.6502      0.0625000
     13       -18.6122      0.0625000
     14       -18.5970      0.0625000
     15       -18.5699      0.0625000
     16       -18.5620      0.0625000
     17       -6.63552      0.0625000
     18       -5.54056      0.0625000
     19       -5.45393      0.0625000
     20       -5.38995      0.0625000
     21       -5.13933      0.0625000
     22       -4.98158      0.0625000
     23       -4.97242      0.0625000
     24       -4.41449      0.0625000
     25        5.75782      0.0625000
     26        5.83781      0.0625000
     27        6.10864      0.0625000
     28        6.48640      0.0625000
     29        6.49230      0.0625000
     30        6.85966      0.0625000
     31        7.52026      0.0625000
     32        7.55644      0.0625000
     33        7.75022      0.0625000
     34        7.99368      0.0625000
     35        8.15053      0.0625000
     36        8.39799      0.0625000
     37        8.74882      0.0625000
     38        9.02803      0.0625000
     39        9.62681      0.0625000
     40        9.67235      0.0625000
     41        9.81254      0.0625000
     42        10.0175      0.0625000
     43        10.1107      0.0625000
     44        10.5534      0.0625000
     45        10.8794      0.0625000
     46        10.9207      0.0625000
     47        11.0225      0.0625000
     48        11.1863      0.0625000
     49        16.0130        0.00000
     50        16.0697        0.00000
     51        16.1073        0.00000
     52        16.1926        0.00000
     53        16.2580        0.00000
     54        16.4245        0.00000
     55        16.7325        0.00000
     56        16.7672        0.00000
     57        16.9114        0.00000
     58        16.9777        0.00000
 Energy (eV) & Occupations  for spin=1 K-point=26
      1       -49.1741      0.0625000
      2       -49.1741      0.0625000
      3       -49.1687      0.0625000
      4       -49.1687      0.0625000
      5       -18.8125      0.0625000
      6       -18.8125      0.0625000
      7       -18.7969      0.0625000
      8       -18.7969      0.0625000
      9       -18.7581      0.0625000
     10       -18.7581      0.0625000
     11       -18.6528      0.0625000
     12       -18.6528      0.0625000
     13       -18.6399      0.0625000
     14       -18.6399      0.0625000
     15       -18.5777      0.0625000
     16       -18.5777      0.0625000
     17       -5.92448      0.0625000
     18       -5.92447      0.0625000
     19       -5.36928      0.0625000
     20       -5.36926      0.0625000
     21       -5.14467      0.0625000
     22       -5.14466      0.0625000
     23       -4.91065      0.0625000
     24       -4.91065      0.0625000
     25        6.54657      0.0625000
     26        6.54658      0.0625000
     27        6.89405      0.0625000
     28        6.89406      0.0625000
     29        7.03181      0.0625000
     30        7.03182      0.0625000
     31        7.14304      0.0625000
     32        7.14304      0.0625000
     33        7.75418      0.0625000
     34        7.75419      0.0625000
     35        8.14712      0.0625000
     36        8.14713      0.0625000
     37        8.74382      0.0625000
     38        8.74382      0.0625000
     39        9.02247      0.0625000
     40        9.02247      0.0625000
     41        9.69737      0.0625000
     42        9.69738      0.0625000
     43        10.2697      0.0625000
     44        10.2697      0.0625000
     45        10.5364      0.0625000
     46        10.5364      0.0625000
     47        10.7356      0.0625000
     48        10.7356      0.0625000
     49        16.0033        0.00000
     50        16.0033        0.00000
     51        16.1003        0.00000
     52        16.1003        0.00000
     53        16.6971        0.00000
     54        16.6972        0.00000
     55        16.8642        0.00000
     56        16.8642        0.00000
     57        17.1272        0.00000
     58        17.1272        0.00000
 Energy (eV) & Occupations  for spin=1 K-point=27
      1       -49.1741      0.0625000
      2       -49.1741      0.0625000
      3       -49.1687      0.0625000
      4       -49.1687      0.0625000
      5       -18.8177      0.0625000
      6       -18.8177      0.0625000
      7       -18.7859      0.0625000
      8       -18.7859      0.0625000
      9       -18.7613      0.0625000
     10       -18.7613      0.0625000
     11       -18.6762      0.0625000
     12       -18.6762      0.0625000
     13       -18.5997      0.0625000
     14       -18.5997      0.0625000
     15       -18.5971      0.0625000
     16       -18.5971      0.0625000
     17       -5.92192      0.0625000
     18       -5.92190      0.0625000
     19       -5.38754      0.0625000
     20       -5.38752      0.0625000
     21       -5.12008      0.0625000
     22       -5.12006      0.0625000
     23       -4.91940      0.0625000
     24       -4.91938      0.0625000
     25        6.65065      0.0625000
     26        6.65068      0.0625000
     27        6.73959      0.0625000
     28        6.73960      0.0625000
     29        6.81640      0.0625000
     30        6.81641      0.0625000
     31        7.51011      0.0625000
     32        7.51013      0.0625000
     33        7.78234      0.0625000
     34        7.78236      0.0625000
     35        8.15156      0.0625000
     36        8.15159      0.0625000
     37        8.49240      0.0625000
     38        8.49242      0.0625000
     39        9.33646      0.0625000
     40        9.33648      0.0625000
     41        9.40877      0.0625000
     42        9.40879      0.0625000
     43        10.2710      0.0625000
     44        10.2710      0.0625000
     45        10.5895      0.0625000
     46        10.5895      0.0625000
     47        10.7776      0.0625000
     48        10.7777      0.0625000
     49        16.0194        0.00000
     50        16.0194        0.00000
     51        16.0723        0.00000
     52        16.0723        0.00000
     53        16.6412        0.00000
     54        16.6412        0.00000
     55        17.0267        0.00000
     56        17.0267        0.00000
     57        17.0602        0.00000
     58        17.0602        0.00000
 Energy (eV) & Occupations  for spin=1 K-point=28
      1       -49.1713      0.0625000
      2       -49.1713      0.0625000
      3       -49.1713      0.0625000
      4       -49.1713      0.0625000
      5       -18.8737      0.0625000
      6       -18.8737      0.0625000
      7       -18.8737      0.0625000
      8       -18.8737      0.0625000
      9       -18.6613      0.0625000
     10       -18.6613      0.0625000
     11       -18.6613      0.0625000
     12       -18.6613      0.0625000
     13       -18.5823      0.0625000
     14       -18.5823      0.0625000
     15       -18.5823      0.0625000
     16       -18.5823      0.0625000
     17       -5.78126      0.0625000
     18       -5.78124      0.0625000
     19       -5.78122      0.0625000
     20       -5.78120      0.0625000
     21       -4.89531      0.0625000
     22       -4.89529      0.0625000
     23       -4.89527      0.0625000
     24       -4.89525      0.0625000
     25        6.76736      0.0625000
     26        6.76736      0.0625000
     27        6.76738      0.0625000
     28        6.76738      0.0625000
     29        7.12917      0.0625000
     30        7.12918      0.0625000
     31        7.12920      0.0625000
     32        7.12921      0.0625000
     33        8.35427      0.0625000
     34        8.35427      0.0625000
     35        8.35429      0.0625000
     36        8.35429      0.0625000
     37        9.00954      0.0625000
     38        9.00955      0.0625000
     39        9.00956      0.0625000
     40        9.00957      0.0625000
     41        9.64059      0.0625000
     42        9.64060      0.0625000
     43        9.64060      0.0625000
     44        9.64062      0.0625000
     45        10.2483      0.0625000
     46        10.2483      0.0625000
     47        10.2483      0.0625000
     48        10.2483      0.0625000
     49        15.6584        0.00000
     50        15.6585        0.00000
     51        15.6585        0.00000
     52        15.6585        0.00000
     53        16.5286        0.00000
     54        16.5287        0.00000
     55        16.5287        0.00000
     56        16.5287        0.00000
     57        17.6334        0.00000
     58        17.6334        0.00000
 Energy (eV) & Occupations  for spin=1 K-point=29
      1       -49.1821      0.0625000
      2       -49.1682      0.0625000
      3       -49.1676      0.0625000
      4       -49.1676      0.0625000
      5       -18.9064      0.0625000
      6       -18.9061      0.0625000
      7       -18.9031      0.0625000
      8       -18.7711      0.0625000
      9       -18.6881      0.0625000
     10       -18.6812      0.0625000
     11       -18.6774      0.0625000
     12       -18.6282      0.0625000
     13       -18.6178      0.0625000
     14       -18.5626      0.0625000
     15       -18.5549      0.0625000
     16       -18.5526      0.0625000
     17       -6.81526      0.0625000
     18       -5.52965      0.0625000
     19       -5.51544      0.0625000
     20       -5.49831      0.0625000
     21       -4.97640      0.0625000
     22       -4.92503      0.0625000
     23       -4.92363      0.0625000
     24       -4.25626      0.0625000
     25        5.57927      0.0625000
     26        5.59995      0.0625000
     27        5.67217      0.0625000
     28        6.36154      0.0625000
     29        6.36673      0.0625000
     30        6.46075      0.0625000
     31        7.87261      0.0625000
     32        7.94948      0.0625000
     33        8.12735      0.0625000
     34        8.18386      0.0625000
     35        8.30166      0.0625000
     36        8.43346      0.0625000
     37        8.55884      0.0625000
     38        8.69032      0.0625000
     39        9.64908      0.0625000
     40        9.67903      0.0625000
     41        9.78762      0.0625000
     42        10.4128      0.0625000
     43        10.5378      0.0625000
     44        10.6374      0.0625000
     45        10.9828      0.0625000
     46        11.0105      0.0625000
     47        11.0729      0.0625000
     48        11.2886      0.0625000
     49        15.8789        0.00000
     50        15.9379        0.00000
     51        15.9932        0.00000
     52        16.0289        0.00000
     53        16.0346        0.00000
     54        16.0357        0.00000
     55        16.8140        0.00000
     56        16.8299        0.00000
     57        16.8676        0.00000
     58        16.9959        0.00000
 Energy (eV) & Occupations  for spin=1 K-point=30
      1       -49.1749      0.0625000
      2       -49.1749      0.0625000
      3       -49.1679      0.0625000
      4       -49.1679      0.0625000
      5       -18.8016      0.0625000
      6       -18.8016      0.0625000
      7       -18.8009      0.0625000
      8       -18.8009      0.0625000
      9       -18.7548      0.0625000
     10       -18.7548      0.0625000
     11       -18.6741      0.0625000
     12       -18.6741      0.0625000
     13       -18.6223      0.0625000
     14       -18.6223      0.0625000
     15       -18.5834      0.0625000
     16       -18.5834      0.0625000
     17       -6.00354      0.0625000
     18       -6.00354      0.0625000
     19       -5.29289      0.0625000
     20       -5.29287      0.0625000
     21       -5.15925      0.0625000
     22       -5.15924      0.0625000
     23       -4.87584      0.0625000
     24       -4.87584      0.0625000
     25        6.43604      0.0625000
     26        6.43604      0.0625000
     27        6.75463      0.0625000
     28        6.75464      0.0625000
     29        6.95405      0.0625000
     30        6.95405      0.0625000
     31        7.17047      0.0625000
     32        7.17047      0.0625000
     33        7.70248      0.0625000
     34        7.70249      0.0625000
     35        8.22270      0.0625000
     36        8.22271      0.0625000
     37        8.45049      0.0625000
     38        8.45049      0.0625000
     39        9.23493      0.0625000
     40        9.23493      0.0625000
     41        9.72490      0.0625000
     42        9.72490      0.0625000
     43        10.5110      0.0625000
     44        10.5110      0.0625000
     45        10.6941      0.0625000
     46        10.6941      0.0625000
     47        10.8714      0.0625000
     48        10.8714      0.0625000
     49        16.1646        0.00000
     50        16.1646        0.00000
     51        16.2790        0.00000
     52        16.2790        0.00000
     53        16.5877        0.00000
     54        16.5877        0.00000
     55        16.8004        0.00000
     56        16.8004        0.00000
     57        17.0110        0.00000
     58        17.0110        0.00000
 Energy (eV) & Occupations  for spin=1 K-point=31
      1       -49.1749      0.0625000
      2       -49.1749      0.0625000
      3       -49.1679      0.0625000
      4       -49.1679      0.0625000
      5       -18.8099      0.0625000
      6       -18.8099      0.0625000
      7       -18.7895      0.0625000
      8       -18.7895      0.0625000
      9       -18.7565      0.0625000
     10       -18.7565      0.0625000
     11       -18.6820      0.0625000
     12       -18.6820      0.0625000
     13       -18.6056      0.0625000
     14       -18.6056      0.0625000
     15       -18.5935      0.0625000
     16       -18.5935      0.0625000
     17       -6.00292      0.0625000
     18       -6.00290      0.0625000
     19       -5.30583      0.0625000
     20       -5.30580      0.0625000
     21       -5.14359      0.0625000
     22       -5.14357      0.0625000
     23       -4.87911      0.0625000
     24       -4.87909      0.0625000
     25        6.45972      0.0625000
     26        6.45975      0.0625000
     27        6.71349      0.0625000
     28        6.71350      0.0625000
     29        6.85516      0.0625000
     30        6.85517      0.0625000
     31        7.31146      0.0625000
     32        7.31148      0.0625000
     33        7.74668      0.0625000
     34        7.74670      0.0625000
     35        8.23932      0.0625000
     36        8.23934      0.0625000
     37        8.34247      0.0625000
     38        8.34248      0.0625000
     39        9.33567      0.0625000
     40        9.33568      0.0625000
     41        9.60384      0.0625000
     42        9.60385      0.0625000
     43        10.5571      0.0625000
     44        10.5571      0.0625000
     45        10.6345      0.0625000
     46        10.6345      0.0625000
     47        10.9300      0.0625000
     48        10.9300      0.0625000
     49        16.1631        0.00000
     50        16.1631        0.00000
     51        16.2679        0.00000
     52        16.2679        0.00000
     53        16.5429        0.00000
     54        16.5429        0.00000
     55        16.9435        0.00000
     56        16.9435        0.00000
     57        16.9834        0.00000
     58        16.9834        0.00000
 Energy (eV) & Occupations  for spin=1 K-point=32
      1       -49.1713      0.0625000
      2       -49.1713      0.0625000
      3       -49.1713      0.0625000
      4       -49.1713      0.0625000
      5       -18.8373      0.0625000
      6       -18.8373      0.0625000
      7       -18.8373      0.0625000
      8       -18.8373      0.0625000
      9       -18.6906      0.0625000
     10       -18.6906      0.0625000
     11       -18.6906      0.0625000
     12       -18.6906      0.0625000
     13       -18.5910      0.0625000
     14       -18.5910      0.0625000
     15       -18.5910      0.0625000
     16       -18.5909      0.0625000
     17       -5.69662      0.0625000
     18       -5.69660      0.0625000
     19       -5.69658      0.0625000
     20       -5.69656      0.0625000
     21       -4.98698      0.0625000
     22       -4.98697      0.0625000
     23       -4.98694      0.0625000
     24       -4.98693      0.0625000
     25        6.78791      0.0625000
     26        6.78791      0.0625000
     27        6.78793      0.0625000
     28        6.78793      0.0625000
     29        7.19659      0.0625000
     30        7.19660      0.0625000
     31        7.19662      0.0625000
     32        7.19663      0.0625000
     33        8.18448      0.0625000
     34        8.18449      0.0625000
     35        8.18450      0.0625000
     36        8.18451      0.0625000
     37        8.85758      0.0625000
     38        8.85758      0.0625000
     39        8.85759      0.0625000
     40        8.85760      0.0625000
     41        9.69125      0.0625000
     42        9.69126      0.0625000
     43        9.69126      0.0625000
     44        9.69127      0.0625000
     45        10.4089      0.0625000
     46        10.4089      0.0625000
     47        10.4089      0.0625000
     48        10.4089      0.0625000
     49        15.8409        0.00000
     50        15.8409        0.00000
     51        15.8409        0.00000
     52        15.8409        0.00000
     53        16.6810        0.00000
     54        16.6810        0.00000
     55        16.6810        0.00000
     56        16.6810        0.00000
     57        17.4640        0.00000
     58        17.4640        0.00000

 Density error is 0.00000000000
----------------------------------------------------------
     Energy           Rydberg                 eV          
----------------------------------------------------------
 E_KohnSham     -718.9425143684      -9781.7147298569     
 E_KS(sigma->0) -718.9425143684      -9781.7147298569     
 E_Harris       -718.9425143684      -9781.7147298569     
 E_band         -37.9986011929       -516.9974922537      
 E_one_elec     -122.1133916267      -1661.4379282280     
 E_Hartree      116.6134494474       1586.6073759193      
 E_xc           -182.3301213743      -2480.7285677221     
 E_Ewald        -531.1124508148      -7226.1556098261     
 E_entropy(-TS) -0.0000000000        -0.0000000000        
 E_descf        0.0000000000         0.0000000000         
 E_exx          0.0000000000         0.0000000000         
 E_Fermi        1.0234871626         13.9252572407        
----------------------------------------------------------


 charge density convergence is achieved
 final etot is -9781.7147299 eV
 EFERMI = 13.925257241 eV

 STATE ENERGY(eV) AND OCCUPATIONS    NSPIN == 1
 1/32 kpoint (Cartesian) = 0.0000 0.0000 0.0000 (488 pws)
       1       -49.1827      0.0625000
       2       -49.1676      0.0625000
       3       -49.1676      0.0625000
       4       -49.1676      0.0625000
       5       -18.9154      0.0625000
       6       -18.9154      0.0625000
       7       -18.9153      0.0625000
       8       -18.7720      0.0625000
       9       -18.6801      0.0625000
      10       -18.6800      0.0625000
      11       -18.6799      0.0625000
      12       -18.6198      0.0625000
      13       -18.6196      0.0625000
      14       -18.5493      0.0625000
      15       -18.5492      0.0625000
      16       -18.5491      0.0625000
      17       -6.87768      0.0625000
      18       -5.53768      0.0625000
      19       -5.53756      0.0625000
      20       -5.53743      0.0625000
      21       -4.90493      0.0625000
      22       -4.90478      0.0625000
      23       -4.90448      0.0625000
      24       -4.19865      0.0625000
      25        5.51802      0.0625000
      26        5.51846      0.0625000
      27        5.51875      0.0625000
      28        6.32134      0.0625000
      29        6.32145      0.0625000
      30        6.32159      0.0625000
      31        8.12204      0.0625000
      32        8.12206      0.0625000
      33        8.12321      0.0625000
      34        8.38519      0.0625000
      35        8.38675      0.0625000
      36        8.44259      0.0625000
      37        8.44618      0.0625000
      38        8.52987      0.0625000
      39        9.61504      0.0625000
      40        9.61587      0.0625000
      41        9.61788      0.0625000
      42        10.6776      0.0625000
      43        10.6780      0.0625000
      44        10.6781      0.0625000
      45        11.0926      0.0625000
      46        11.0928      0.0625000
      47        11.0929      0.0625000
      48        11.3202      0.0625000
      49        15.7884        0.00000
      50        15.8861        0.00000
      51        15.8877        0.00000
      52        15.9443        0.00000
      53        15.9468        0.00000
      54        15.9476        0.00000
      55        16.8402        0.00000
      56        16.8414        0.00000
      57        16.8422        0.00000
      58        17.0056        0.00000

 2/32 kpoint (Cartesian) = 0.096962 9.6779e-10 -4.4819e-08 (494 pws)
       1       -49.1752      0.0625000
       2       -49.1752      0.0625000
       3       -49.1676      0.0625000
       4       -49.1676      0.0625000
       5       -18.8054      0.0625000
       6       -18.8054      0.0625000
       7       -18.7945      0.0625000
       8       -18.7945      0.0625000
       9       -18.7494      0.0625000
      10       -18.7494      0.0625000
      11       -18.6871      0.0625000
      12       -18.6871      0.0625000
      13       -18.6102      0.0625000
      14       -18.6102      0.0625000
      15       -18.5901      0.0625000
      16       -18.5900      0.0625000
      17       -6.03095      0.0625000
      18       -6.03095      0.0625000
      19       -5.27694      0.0625000
      20       -5.27694      0.0625000
      21       -5.15165      0.0625000
      22       -5.15165      0.0625000
      23       -4.86434      0.0625000
      24       -4.86434      0.0625000
      25        6.38899      0.0625000
      26        6.38900      0.0625000
      27        6.70851      0.0625000
      28        6.70851      0.0625000
      29        6.87863      0.0625000
      30        6.87864      0.0625000
      31        7.23657      0.0625000
      32        7.23657      0.0625000
      33        7.69195      0.0625000
      34        7.69195      0.0625000
      35        8.28465      0.0625000
      36        8.28465      0.0625000
      37        8.30050      0.0625000
      38        8.30050      0.0625000
      39        9.35048      0.0625000
      40        9.35048      0.0625000
      41        9.65586      0.0625000
      42        9.65586      0.0625000
      43        10.6455      0.0625000
      44        10.6455      0.0625000
      45        10.7412      0.0625000
      46        10.7412      0.0625000
      47        10.9318      0.0625000
      48        10.9318      0.0625000
      49        16.2455        0.00000
      50        16.2455        0.00000
      51        16.4330        0.00000
      52        16.4331        0.00000
      53        16.5041        0.00000
      54        16.5042        0.00000
      55        16.7168        0.00000
      56        16.7168        0.00000
      57        16.9831        0.00000
      58        16.9831        0.00000

 3/32 kpoint (Cartesian) = 1.0648e-09 0.096946 2.1291e-08 (482 pws)
       1       -49.1752      0.0625000
       2       -49.1752      0.0625000
       3       -49.1676      0.0625000
       4       -49.1676      0.0625000
       5       -18.8055      0.0625000
       6       -18.8055      0.0625000
       7       -18.7946      0.0625000
       8       -18.7946      0.0625000
       9       -18.7494      0.0625000
      10       -18.7494      0.0625000
      11       -18.6871      0.0625000
      12       -18.6870      0.0625000
      13       -18.6102      0.0625000
      14       -18.6102      0.0625000
      15       -18.5900      0.0625000
      16       -18.5900      0.0625000
      17       -6.03125      0.0625000
      18       -6.03123      0.0625000
      19       -5.27710      0.0625000
      20       -5.27707      0.0625000
      21       -5.15148      0.0625000
      22       -5.15145      0.0625000
      23       -4.86405      0.0625000
      24       -4.86403      0.0625000
      25        6.38940      0.0625000
      26        6.38942      0.0625000
      27        6.70878      0.0625000
      28        6.70879      0.0625000
      29        6.87794      0.0625000
      30        6.87796      0.0625000
      31        7.23739      0.0625000
      32        7.23741      0.0625000
      33        7.69103      0.0625000
      34        7.69105      0.0625000
      35        8.28435      0.0625000
      36        8.28436      0.0625000
      37        8.30190      0.0625000
      38        8.30191      0.0625000
      39        9.34959      0.0625000
      40        9.34959      0.0625000
      41        9.65445      0.0625000
      42        9.65446      0.0625000
      43        10.6460      0.0625000
      44        10.6460      0.0625000
      45        10.7398      0.0625000
      46        10.7398      0.0625000
      47        10.9319      0.0625000
      48        10.9319      0.0625000
      49        16.2479        0.00000
      50        16.2479        0.00000
      51        16.4342        0.00000
      52        16.4342        0.00000
      53        16.5041        0.00000
      54        16.5041        0.00000
      55        16.7174        0.00000
      56        16.7174        0.00000
      57        16.9826        0.00000
      58        16.9826        0.00000

 4/32 kpoint (Cartesian) = 0.096962 0.096946 -2.3528e-08 (488 pws)
       1       -49.1713      0.0625000
       2       -49.1713      0.0625000
       3       -49.1713      0.0625000
       4       -49.1713      0.0625000
       5       -18.8155      0.0625000
       6       -18.8155      0.0625000
       7       -18.8155      0.0625000
       8       -18.8155      0.0625000
       9       -18.7105      0.0625000
      10       -18.7105      0.0625000
      11       -18.7105      0.0625000
      12       -18.7105      0.0625000
      13       -18.5936      0.0625000
      14       -18.5936      0.0625000
      15       -18.5936      0.0625000
      16       -18.5936      0.0625000
      17       -5.65447      0.0625000
      18       -5.65446      0.0625000
      19       -5.65443      0.0625000
      20       -5.65442      0.0625000
      21       -5.03206      0.0625000
      22       -5.03205      0.0625000
      23       -5.03202      0.0625000
      24       -5.03201      0.0625000
      25        6.78736      0.0625000
      26        6.78736      0.0625000
      27        6.78738      0.0625000
      28        6.78738      0.0625000
      29        7.24390      0.0625000
      30        7.24391      0.0625000
      31        7.24392      0.0625000
      32        7.24393      0.0625000
      33        8.12778      0.0625000
      34        8.12779      0.0625000
      35        8.12780      0.0625000
      36        8.12782      0.0625000
      37        8.76177      0.0625000
      38        8.76177      0.0625000
      39        8.76178      0.0625000
      40        8.76178      0.0625000
      41        9.73322      0.0625000
      42        9.73322      0.0625000
      43        9.73323      0.0625000
      44        9.73323      0.0625000
      45        10.4649      0.0625000
      46        10.4649      0.0625000
      47        10.4649      0.0625000
      48        10.4649      0.0625000
      49        15.8983        0.00000
      50        15.8983        0.00000
      51        15.8983        0.00000
      52        15.8983        0.00000
      53        16.8269        0.00000
      54        16.8269        0.00000
      55        16.8269        0.00000
      56        16.8269        0.00000
      57        17.3250        0.00000
      58        17.3250        0.00000

 5/32 kpoint (Cartesian) = -9.0475e-09 5.2694e-09 0.024241 (492 pws)
       1       -49.1821      0.0625000
       2       -49.1682      0.0625000
       3       -49.1676      0.0625000
       4       -49.1676      0.0625000
       5       -18.9064      0.0625000
       6       -18.9061      0.0625000
       7       -18.9031      0.0625000
       8       -18.7711      0.0625000
       9       -18.6881      0.0625000
      10       -18.6812      0.0625000
      11       -18.6774      0.0625000
      12       -18.6282      0.0625000
      13       -18.6178      0.0625000
      14       -18.5626      0.0625000
      15       -18.5549      0.0625000
      16       -18.5526      0.0625000
      17       -6.81526      0.0625000
      18       -5.52965      0.0625000
      19       -5.51544      0.0625000
      20       -5.49831      0.0625000
      21       -4.97640      0.0625000
      22       -4.92503      0.0625000
      23       -4.92363      0.0625000
      24       -4.25626      0.0625000
      25        5.57927      0.0625000
      26        5.59995      0.0625000
      27        5.67217      0.0625000
      28        6.36154      0.0625000
      29        6.36673      0.0625000
      30        6.46075      0.0625000
      31        7.87261      0.0625000
      32        7.94948      0.0625000
      33        8.12735      0.0625000
      34        8.18386      0.0625000
      35        8.30166      0.0625000
      36        8.43346      0.0625000
      37        8.55884      0.0625000
      38        8.69032      0.0625000
      39        9.64908      0.0625000
      40        9.67903      0.0625000
      41        9.78762      0.0625000
      42        10.4128      0.0625000
      43        10.5378      0.0625000
      44        10.6374      0.0625000
      45        10.9828      0.0625000
      46        11.0105      0.0625000
      47        11.0729      0.0625000
      48        11.2886      0.0625000
      49        15.8789        0.00000
      50        15.9379        0.00000
      51        15.9932        0.00000
      52        16.0289        0.00000
      53        16.0346        0.00000
      54        16.0357        0.00000
      55        16.8140        0.00000
      56        16.8299        0.00000
      57        16.8676        0.00000
      58        16.9959        0.00000

 6/32 kpoint (Cartesian) = 0.096962 6.2372e-09 0.024240 (494 pws)
       1       -49.1749      0.0625000
       2       -49.1749      0.0625000
       3       -49.1679      0.0625000
       4       -49.1679      0.0625000
       5       -18.8016      0.0625000
       6       -18.8016      0.0625000
       7       -18.8009      0.0625000
       8       -18.8009      0.0625000
       9       -18.7548      0.0625000
      10       -18.7548      0.0625000
      11       -18.6741      0.0625000
      12       -18.6741      0.0625000
      13       -18.6223      0.0625000
      14       -18.6223      0.0625000
      15       -18.5834      0.0625000
      16       -18.5834      0.0625000
      17       -6.00354      0.0625000
      18       -6.00354      0.0625000
      19       -5.29289      0.0625000
      20       -5.29287      0.0625000
      21       -5.15925      0.0625000
      22       -5.15924      0.0625000
      23       -4.87584      0.0625000
      24       -4.87584      0.0625000
      25        6.43604      0.0625000
      26        6.43604      0.0625000
      27        6.75463      0.0625000
      28        6.75464      0.0625000
      29        6.95405      0.0625000
      30        6.95405      0.0625000
      31        7.17047      0.0625000
      32        7.17047      0.0625000
      33        7.70248      0.0625000
      34        7.70249      0.0625000
      35        8.22270      0.0625000
      36        8.22271      0.0625000
      37        8.45049      0.0625000
      38        8.45049      0.0625000
      39        9.23493      0.0625000
      40        9.23493      0.0625000
      41        9.72490      0.0625000
      42        9.72490      0.0625000
      43        10.5110      0.0625000
      44        10.5110      0.0625000
      45        10.6941      0.0625000
      46        10.6941      0.0625000
      47        10.8714      0.0625000
      48        10.8714      0.0625000
      49        16.1646        0.00000
      50        16.1646        0.00000
      51        16.2790        0.00000
      52        16.2790        0.00000
      53        16.5877        0.00000
      54        16.5877        0.00000
      55        16.8004        0.00000
      56        16.8004        0.00000
      57        17.0110        0.00000
      58        17.0110        0.00000

 7/32 kpoint (Cartesian) = -7.9826e-09 0.096946 0.024241 (480 pws)
       1       -49.1749      0.0625000
       2       -49.1749      0.0625000
       3       -49.1679      0.0625000
       4       -49.1679      0.0625000
       5       -18.8099      0.0625000
       6       -18.8099      0.0625000
       7       -18.7895      0.0625000
       8       -18.7895      0.0625000
       9       -18.7565      0.0625000
      10       -18.7565      0.0625000
      11       -18.6820      0.0625000
      12       -18.6820      0.0625000
      13       -18.6056      0.0625000
      14       -18.6056      0.0625000
      15       -18.5935      0.0625000
      16       -18.5935      0.0625000
      17       -6.00292      0.0625000
      18       -6.00290      0.0625000
      19       -5.30583      0.0625000
      20       -5.30580      0.0625000
      21       -5.14359      0.0625000
      22       -5.14357      0.0625000
      23       -4.87911      0.0625000
      24       -4.87909      0.0625000
      25        6.45972      0.0625000
      26        6.45975      0.0625000
      27        6.71349      0.0625000
      28        6.71350      0.0625000
      29        6.85516      0.0625000
      30        6.85517      0.0625000
      31        7.31146      0.0625000
      32        7.31148      0.0625000
      33        7.74668      0.0625000
      34        7.74670      0.0625000
      35        8.23932      0.0625000
      36        8.23934      0.0625000
      37        8.34247      0.0625000
      38        8.34248      0.0625000
      39        9.33567      0.0625000
      40        9.33568      0.0625000
      41        9.60384      0.0625000
      42        9.60385      0.0625000
      43        10.5571      0.0625000
      44        10.5571      0.0625000
      45        10.6345      0.0625000
      46        10.6345      0.0625000
      47        10.9300      0.0625000
      48        10.9300      0.0625000
      49        16.1631        0.00000
      50        16.1631        0.00000
      51        16.2679        0.00000
      52        16.2679        0.00000
      53        16.5429        0.00000
      54        16.5429        0.00000
      55        16.9435        0.00000
      56        16.9435        0.00000
      57        16.9834        0.00000
      58        16.9834        0.00000

 8/32 kpoint (Cartesian) = 0.096962 0.096946 0.024240 (486 pws)
       1       -49.1713      0.0625000
       2       -49.1713      0.0625000
       3       -49.1713      0.0625000
       4       -49.1713      0.0625000
       5       -18.8373      0.0625000
       6       -18.8373      0.0625000
       7       -18.8373      0.0625000
       8       -18.8373      0.0625000
       9       -18.6906      0.0625000
      10       -18.6906      0.0625000
      11       -18.6906      0.0625000
      12       -18.6906      0.0625000
      13       -18.5910      0.0625000
      14       -18.5910      0.0625000
      15       -18.5910      0.0625000
      16       -18.5909      0.0625000
      17       -5.69662      0.0625000
      18       -5.69660      0.0625000
      19       -5.69658      0.0625000
      20       -5.69656      0.0625000
      21       -4.98698      0.0625000
      22       -4.98697      0.0625000
      23       -4.98694      0.0625000
      24       -4.98693      0.0625000
      25        6.78791      0.0625000
      26        6.78791      0.0625000
      27        6.78793      0.0625000
      28        6.78793      0.0625000
      29        7.19659      0.0625000
      30        7.19660      0.0625000
      31        7.19662      0.0625000
      32        7.19663      0.0625000
      33        8.18448      0.0625000
      34        8.18449      0.0625000
      35        8.18450      0.0625000
      36        8.18451      0.0625000
      37        8.85758      0.0625000
      38        8.85758      0.0625000
      39        8.85759      0.0625000
      40        8.85760      0.0625000
      41        9.69125      0.0625000
      42        9.69126      0.0625000
      43        9.69126      0.0625000
      44        9.69127      0.0625000
      45        10.4089      0.0625000
      46        10.4089      0.0625000
      47        10.4089      0.0625000
      48        10.4089      0.0625000
      49        15.8409        0.00000
      50        15.8409        0.00000
      51        15.8409        0.00000
      52        15.8409        0.00000
      53        16.6810        0.00000
      54        16.6810        0.00000
      55        16.6810        0.00000
      56        16.6810        0.00000
      57        17.4640        0.00000
      58        17.4640        0.00000

 9/32 kpoint (Cartesian) = -1.8095e-08 1.0539e-08 0.048481 (492 pws)
       1       -49.1805      0.0625000
       2       -49.1698      0.0625000
       3       -49.1676      0.0625000
       4       -49.1676      0.0625000
       5       -18.8809      0.0625000
       6       -18.8798      0.0625000
       7       -18.8675      0.0625000
       8       -18.7708      0.0625000
       9       -18.7120      0.0625000
      10       -18.6844      0.0625000
      11       -18.6728      0.0625000
      12       -18.6502      0.0625000
      13       -18.6122      0.0625000
      14       -18.5970      0.0625000
      15       -18.5699      0.0625000
      16       -18.5620      0.0625000
      17       -6.63552      0.0625000
      18       -5.54056      0.0625000
      19       -5.45393      0.0625000
      20       -5.38995      0.0625000
      21       -5.13933      0.0625000
      22       -4.98158      0.0625000
      23       -4.97242      0.0625000
      24       -4.41449      0.0625000
      25        5.75782      0.0625000
      26        5.83781      0.0625000
      27        6.10864      0.0625000
      28        6.48640      0.0625000
      29        6.49230      0.0625000
      30        6.85966      0.0625000
      31        7.52026      0.0625000
      32        7.55644      0.0625000
      33        7.75022      0.0625000
      34        7.99368      0.0625000
      35        8.15053      0.0625000
      36        8.39799      0.0625000
      37        8.74882      0.0625000
      38        9.02803      0.0625000
      39        9.62681      0.0625000
      40        9.67235      0.0625000
      41        9.81254      0.0625000
      42        10.0175      0.0625000
      43        10.1107      0.0625000
      44        10.5534      0.0625000
      45        10.8794      0.0625000
      46        10.9207      0.0625000
      47        11.0225      0.0625000
      48        11.1863      0.0625000
      49        16.0130        0.00000
      50        16.0697        0.00000
      51        16.1073        0.00000
      52        16.1926        0.00000
      53        16.2580        0.00000
      54        16.4245        0.00000
      55        16.7325        0.00000
      56        16.7672        0.00000
      57        16.9114        0.00000
      58        16.9777        0.00000

 10/32 kpoint (Cartesian) = 0.096962 1.1507e-08 0.048481 (492 pws)
       1       -49.1741      0.0625000
       2       -49.1741      0.0625000
       3       -49.1687      0.0625000
       4       -49.1687      0.0625000
       5       -18.8125      0.0625000
       6       -18.8125      0.0625000
       7       -18.7969      0.0625000
       8       -18.7969      0.0625000
       9       -18.7581      0.0625000
      10       -18.7581      0.0625000
      11       -18.6528      0.0625000
      12       -18.6528      0.0625000
      13       -18.6399      0.0625000
      14       -18.6399      0.0625000
      15       -18.5777      0.0625000
      16       -18.5777      0.0625000
      17       -5.92448      0.0625000
      18       -5.92447      0.0625000
      19       -5.36928      0.0625000
      20       -5.36926      0.0625000
      21       -5.14467      0.0625000
      22       -5.14466      0.0625000
      23       -4.91065      0.0625000
      24       -4.91065      0.0625000
      25        6.54657      0.0625000
      26        6.54658      0.0625000
      27        6.89405      0.0625000
      28        6.89406      0.0625000
      29        7.03181      0.0625000
      30        7.03182      0.0625000
      31        7.14304      0.0625000
      32        7.14304      0.0625000
      33        7.75418      0.0625000
      34        7.75419      0.0625000
      35        8.14712      0.0625000
      36        8.14713      0.0625000
      37        8.74382      0.0625000
      38        8.74382      0.0625000
      39        9.02247      0.0625000
      40        9.02247      0.0625000
      41        9.69737      0.0625000
      42        9.69738      0.0625000
      43        10.2697      0.0625000
      44        10.2697      0.0625000
      45        10.5364      0.0625000
      46        10.5364      0.0625000
      47        10.7356      0.0625000
      48        10.7356      0.0625000
      49        16.0033        0.00000
      50        16.0033        0.00000
      51        16.1003        0.00000
      52        16.1003        0.00000
      53        16.6971        0.00000
      54        16.6972        0.00000
      55        16.8642        0.00000
      56        16.8642        0.00000
      57        17.1272        0.00000
      58        17.1272        0.00000

 11/32 kpoint (Cartesian) = -1.7030e-08 0.096946 0.048481 (480 pws)
       1       -49.1741      0.0625000
       2       -49.1741      0.0625000
       3       -49.1687      0.0625000
       4       -49.1687      0.0625000
       5       -18.8177      0.0625000
       6       -18.8177      0.0625000
       7       -18.7859      0.0625000
       8       -18.7859      0.0625000
       9       -18.7613      0.0625000
      10       -18.7613      0.0625000
      11       -18.6762      0.0625000
      12       -18.6762      0.0625000
      13       -18.5997      0.0625000
      14       -18.5997      0.0625000
      15       -18.5971      0.0625000
      16       -18.5971      0.0625000
      17       -5.92192      0.0625000
      18       -5.92190      0.0625000
      19       -5.38754      0.0625000
      20       -5.38752      0.0625000
      21       -5.12008      0.0625000
      22       -5.12006      0.0625000
      23       -4.91940      0.0625000
      24       -4.91938      0.0625000
      25        6.65065      0.0625000
      26        6.65068      0.0625000
      27        6.73959      0.0625000
      28        6.73960      0.0625000
      29        6.81640      0.0625000
      30        6.81641      0.0625000
      31        7.51011      0.0625000
      32        7.51013      0.0625000
      33        7.78234      0.0625000
      34        7.78236      0.0625000
      35        8.15156      0.0625000
      36        8.15159      0.0625000
      37        8.49240      0.0625000
      38        8.49242      0.0625000
      39        9.33646      0.0625000
      40        9.33648      0.0625000
      41        9.40877      0.0625000
      42        9.40879      0.0625000
      43        10.2710      0.0625000
      44        10.2710      0.0625000
      45        10.5895      0.0625000
      46        10.5895      0.0625000
      47        10.7776      0.0625000
      48        10.7777      0.0625000
      49        16.0194        0.00000
      50        16.0194        0.00000
      51        16.0723        0.00000
      52        16.0723        0.00000
      53        16.6412        0.00000
      54        16.6412        0.00000
      55        17.0267        0.00000
      56        17.0267        0.00000
      57        17.0602        0.00000
      58        17.0602        0.00000

 12/32 kpoint (Cartesian) = 0.096962 0.096946 0.048481 (484 pws)
       1       -49.1713      0.0625000
       2       -49.1713      0.0625000
       3       -49.1713      0.0625000
       4       -49.1713      0.0625000
       5       -18.8737      0.0625000
       6       -18.8737      0.0625000
       7       -18.8737      0.0625000
       8       -18.8737      0.0625000
       9       -18.6613      0.0625000
      10       -18.6613      0.0625000
      11       -18.6613      0.0625000
      12       -18.6613      0.0625000
      13       -18.5823      0.0625000
      14       -18.5823      0.0625000
      15       -18.5823      0.0625000
      16       -18.5823      0.0625000
      17       -5.78126      0.0625000
      18       -5.78124      0.0625000
      19       -5.78122      0.0625000
      20       -5.78120      0.0625000
      21       -4.89531      0.0625000
      22       -4.89529      0.0625000
      23       -4.89527      0.0625000
      24       -4.89525      0.0625000
      25        6.76736      0.0625000
      26        6.76736      0.0625000
      27        6.76738      0.0625000
      28        6.76738      0.0625000
      29        7.12917      0.0625000
      30        7.12918      0.0625000
      31        7.12920      0.0625000
      32        7.12921      0.0625000
      33        8.35427      0.0625000
      34        8.35427      0.0625000
      35        8.35429      0.0625000
      36        8.35429      0.0625000
      37        9.00954      0.0625000
      38        9.00955      0.0625000
      39        9.00956      0.0625000
      40        9.00957      0.0625000
      41        9.64059      0.0625000
      42        9.64060      0.0625000
      43        9.64060      0.0625000
      44        9.64062      0.0625000
      45        10.2483      0.0625000
      46        10.2483      0.0625000
      47        10.2483      0.0625000
      48        10.2483      0.0625000
      49        15.6584        0.00000
      50        15.6585        0.00000
      51        15.6585        0.00000
      52        15.6585        0.00000
      53        16.5286        0.00000
      54        16.5287        0.00000
      55        16.5287        0.00000
      56        16.5287        0.00000
      57        17.6334        0.00000
      58        17.6334        0.00000

 13/32 kpoint (Cartesian) = -2.7142e-08 1.5808e-08 0.072722 (489 pws)
       1       -49.1781      0.0625000
       2       -49.1723      0.0625000
       3       -49.1676      0.0625000
       4       -49.1676      0.0625000
       5       -18.8440      0.0625000
       6       -18.8405      0.0625000
       7       -18.8134      0.0625000
       8       -18.7790      0.0625000
       9       -18.7491      0.0625000
      10       -18.6914      0.0625000
      11       -18.6879      0.0625000
      12       -18.6747      0.0625000
      13       -18.6211      0.0625000
      14       -18.6027      0.0625000
      15       -18.5902      0.0625000
      16       -18.5754      0.0625000
      17       -6.36092      0.0625000
      18       -5.71138      0.0625000
      19       -5.36557      0.0625000
      20       -5.26655      0.0625000
      21       -5.21013      0.0625000
      22       -5.06377      0.0625000
      23       -4.99967      0.0625000
      24       -4.63544      0.0625000
      25        6.04325      0.0625000
      26        6.20993      0.0625000
      27        6.60304      0.0625000
      28        6.61790      0.0625000
      29        6.86512      0.0625000
      30        7.18214      0.0625000
      31        7.18245      0.0625000
      32        7.21270      0.0625000
      33        7.44982      0.0625000
      34        7.65548      0.0625000
      35        8.20717      0.0625000
      36        8.30921      0.0625000
      37        8.72560      0.0625000
      38        9.03797      0.0625000
      39        9.10733      0.0625000
      40        9.37368      0.0625000
      41        9.61663      0.0625000
      42        9.83883      0.0625000
      43        10.4155      0.0625000
      44        10.5676      0.0625000
      45        10.7928      0.0625000
      46        10.8627      0.0625000
      47        10.9637      0.0625000
      48        11.0242      0.0625000
      49        16.1622        0.00000
      50        16.2190        0.00000
      51        16.2448        0.00000
      52        16.3540        0.00000
      53        16.5066        0.00000
      54        16.6026        0.00000
      55        16.6510        0.00000
      56        16.7792        0.00000
      57        16.8515        0.00000
      58        17.0249        0.00000

 14/32 kpoint (Cartesian) = 0.096962 1.6776e-08 0.072722 (489 pws)
       1       -49.1728      0.0625000
       2       -49.1728      0.0625000
       3       -49.1699      0.0625000
       4       -49.1699      0.0625000
       5       -18.8186      0.0625000
       6       -18.8186      0.0625000
       7       -18.8055      0.0625000
       8       -18.8055      0.0625000
       9       -18.7403      0.0625000
      10       -18.7403      0.0625000
      11       -18.6781      0.0625000
      12       -18.6781      0.0625000
      13       -18.6160      0.0625000
      14       -18.6160      0.0625000
      15       -18.5804      0.0625000
      16       -18.5804      0.0625000
      17       -5.80319      0.0625000
      18       -5.80318      0.0625000
      19       -5.50145      0.0625000
      20       -5.50143      0.0625000
      21       -5.09583      0.0625000
      22       -5.09582      0.0625000
      23       -4.96548      0.0625000
      24       -4.96548      0.0625000
      25        6.66883      0.0625000
      26        6.66883      0.0625000
      27        6.90528      0.0625000
      28        6.90529      0.0625000
      29        7.09481      0.0625000
      30        7.09483      0.0625000
      31        7.26628      0.0625000
      32        7.26629      0.0625000
      33        7.89877      0.0625000
      34        7.89877      0.0625000
      35        8.20142      0.0625000
      36        8.20143      0.0625000
      37        8.65245      0.0625000
      38        8.65245      0.0625000
      39        9.09912      0.0625000
      40        9.09913      0.0625000
      41        9.47116      0.0625000
      42        9.47117      0.0625000
      43        10.0539      0.0625000
      44        10.0539      0.0625000
      45        10.4242      0.0625000
      46        10.4242      0.0625000
      47        10.5862      0.0625000
      48        10.5862      0.0625000
      49        15.8853        0.00000
      50        15.8854        0.00000
      51        15.9854        0.00000
      52        15.9854        0.00000
      53        16.7816        0.00000
      54        16.7816        0.00000
      55        16.8575        0.00000
      56        16.8575        0.00000
      57        17.2506        0.00000
      58        17.2506        0.00000

 15/32 kpoint (Cartesian) = -2.6078e-08 0.096946 0.072722 (481 pws)
       1       -49.1728      0.0625000
       2       -49.1728      0.0625000
       3       -49.1699      0.0625000
       4       -49.1699      0.0625000
       5       -18.8209      0.0625000
       6       -18.8209      0.0625000
       7       -18.8018      0.0625000
       8       -18.8018      0.0625000
       9       -18.7393      0.0625000
      10       -18.7393      0.0625000
      11       -18.6858      0.0625000
      12       -18.6858      0.0625000
      13       -18.5990      0.0625000
      14       -18.5990      0.0625000
      15       -18.5920      0.0625000
      16       -18.5920      0.0625000
      17       -5.79993      0.0625000
      18       -5.79990      0.0625000
      19       -5.51017      0.0625000
      20       -5.51015      0.0625000
      21       -5.08177      0.0625000
      22       -5.08175      0.0625000
      23       -4.97400      0.0625000
      24       -4.97397      0.0625000
      25        6.77067      0.0625000
      26        6.77067      0.0625000
      27        6.79454      0.0625000
      28        6.79454      0.0625000
      29        6.92490      0.0625000
      30        6.92493      0.0625000
      31        7.56484      0.0625000
      32        7.56486      0.0625000
      33        7.81269      0.0625000
      34        7.81272      0.0625000
      35        8.20715      0.0625000
      36        8.20718      0.0625000
      37        8.64075      0.0625000
      38        8.64078      0.0625000
      39        9.05685      0.0625000
      40        9.05687      0.0625000
      41        9.45831      0.0625000
      42        9.45833      0.0625000
      43        10.0236      0.0625000
      44        10.0236      0.0625000
      45        10.5128      0.0625000
      46        10.5128      0.0625000
      47        10.5555      0.0625000
      48        10.5555      0.0625000
      49        15.8926        0.00000
      50        15.8926        0.00000
      51        15.9833        0.00000
      52        15.9833        0.00000
      53        16.7063        0.00000
      54        16.7063        0.00000
      55        16.9505        0.00000
      56        16.9505        0.00000
      57        17.2182        0.00000
      58        17.2182        0.00000

 16/32 kpoint (Cartesian) = 0.096962 0.096946 0.072722 (482 pws)
       1       -49.1713      0.0625000
       2       -49.1713      0.0625000
       3       -49.1712      0.0625000
       4       -49.1712      0.0625000
       5       -18.9007      0.0625000
       6       -18.9007      0.0625000
       7       -18.9007      0.0625000
       8       -18.9007      0.0625000
       9       -18.6446      0.0625000
      10       -18.6446      0.0625000
      11       -18.6446      0.0625000
      12       -18.6446      0.0625000
      13       -18.5703      0.0625000
      14       -18.5703      0.0625000
      15       -18.5703      0.0625000
      16       -18.5703      0.0625000
      17       -5.85139      0.0625000
      18       -5.85137      0.0625000
      19       -5.85135      0.0625000
      20       -5.85133      0.0625000
      21       -4.81813      0.0625000
      22       -4.81811      0.0625000
      23       -4.81809      0.0625000
      24       -4.81807      0.0625000
      25        6.71178      0.0625000
      26        6.71178      0.0625000
      27        6.71180      0.0625000
      28        6.71180      0.0625000
      29        7.12782      0.0625000
      30        7.12782      0.0625000
      31        7.12784      0.0625000
      32        7.12784      0.0625000
      33        8.53905      0.0625000
      34        8.53905      0.0625000
      35        8.53906      0.0625000
      36        8.53906      0.0625000
      37        9.11732      0.0625000
      38        9.11732      0.0625000
      39        9.11734      0.0625000
      40        9.11734      0.0625000
      41        9.60006      0.0625000
      42        9.60007      0.0625000
      43        9.60008      0.0625000
      44        9.60009      0.0625000
      45        10.0827      0.0625000
      46        10.0827      0.0625000
      47        10.0828      0.0625000
      48        10.0828      0.0625000
      49        15.4360        0.00000
      50        15.4360        0.00000
      51        15.4361        0.00000
      52        15.4361        0.00000
      53        16.4849        0.00000
      54        16.4849        0.00000
      55        16.4849        0.00000
      56        16.4849        0.00000
      57        17.7240        0.00000
      58        17.7240        0.00000

 17/32 kpoint (Cartesian) = -3.6190e-08 2.1077e-08 0.096962 (490 pws)
       1       -49.1752      0.0625000
       2       -49.1752      0.0625000
       3       -49.1676      0.0625000
       4       -49.1676      0.0625000
       5       -18.8053      0.0625000
       6       -18.8053      0.0625000
       7       -18.7944      0.0625000
       8       -18.7944      0.0625000
       9       -18.7493      0.0625000
      10       -18.7493      0.0625000
      11       -18.6873      0.0625000
      12       -18.6873      0.0625000
      13       -18.6105      0.0625000
      14       -18.6105      0.0625000
      15       -18.5899      0.0625000
      16       -18.5899      0.0625000
      17       -6.03032      0.0625000
      18       -6.03031      0.0625000
      19       -5.27580      0.0625000
      20       -5.27579      0.0625000
      21       -5.15272      0.0625000
      22       -5.15271      0.0625000
      23       -4.86519      0.0625000
      24       -4.86517      0.0625000
      25        6.39021      0.0625000
      26        6.39022      0.0625000
      27        6.70905      0.0625000
      28        6.70906      0.0625000
      29        6.87868      0.0625000
      30        6.87869      0.0625000
      31        7.23566      0.0625000
      32        7.23567      0.0625000
      33        7.69166      0.0625000
      34        7.69167      0.0625000
      35        8.28426      0.0625000
      36        8.28427      0.0625000
      37        8.30076      0.0625000
      38        8.30077      0.0625000
      39        9.34999      0.0625000
      40        9.34999      0.0625000
      41        9.65589      0.0625000
      42        9.65590      0.0625000
      43        10.6463      0.0625000
      44        10.6463      0.0625000
      45        10.7402      0.0625000
      46        10.7402      0.0625000
      47        10.9310      0.0625000
      48        10.9311      0.0625000
      49        16.2464        0.00000
      50        16.2464        0.00000
      51        16.4339        0.00000
      52        16.4339        0.00000
      53        16.5054        0.00000
      54        16.5054        0.00000
      55        16.7145        0.00000
      56        16.7145        0.00000
      57        16.9837        0.00000
      58        16.9837        0.00000

 18/32 kpoint (Cartesian) = 0.096962 2.2045e-08 0.096962 (490 pws)
       1       -49.1713      0.0625000
       2       -49.1713      0.0625000
       3       -49.1713      0.0625000
       4       -49.1713      0.0625000
       5       -18.8157      0.0625000
       6       -18.8157      0.0625000
       7       -18.8157      0.0625000
       8       -18.8157      0.0625000
       9       -18.7104      0.0625000
      10       -18.7104      0.0625000
      11       -18.7104      0.0625000
      12       -18.7104      0.0625000
      13       -18.5935      0.0625000
      14       -18.5935      0.0625000
      15       -18.5935      0.0625000
      16       -18.5935      0.0625000
      17       -5.65514      0.0625000
      18       -5.65513      0.0625000
      19       -5.65512      0.0625000
      20       -5.65511      0.0625000
      21       -5.03130      0.0625000
      22       -5.03129      0.0625000
      23       -5.03128      0.0625000
      24       -5.03127      0.0625000
      25        6.78681      0.0625000
      26        6.78681      0.0625000
      27        6.78681      0.0625000
      28        6.78681      0.0625000
      29        7.24181      0.0625000
      30        7.24183      0.0625000
      31        7.24184      0.0625000
      32        7.24186      0.0625000
      33        8.12947      0.0625000
      34        8.12947      0.0625000
      35        8.12949      0.0625000
      36        8.12950      0.0625000
      37        8.76267      0.0625000
      38        8.76267      0.0625000
      39        8.76269      0.0625000
      40        8.76269      0.0625000
      41        9.73363      0.0625000
      42        9.73364      0.0625000
      43        9.73364      0.0625000
      44        9.73365      0.0625000
      45        10.4658      0.0625000
      46        10.4658      0.0625000
      47        10.4658      0.0625000
      48        10.4658      0.0625000
      49        15.8968        0.00000
      50        15.8968        0.00000
      51        15.8968        0.00000
      52        15.8968        0.00000
      53        16.8263        0.00000
      54        16.8263        0.00000
      55        16.8263        0.00000
      56        16.8264        0.00000
      57        17.3248        0.00000
      58        17.3249        0.00000

 19/32 kpoint (Cartesian) = -3.5125e-08 0.096946 0.096962 (484 pws)
       1       -49.1713      0.0625000
       2       -49.1713      0.0625000
       3       -49.1713      0.0625000
       4       -49.1713      0.0625000
       5       -18.8156      0.0625000
       6       -18.8156      0.0625000
       7       -18.8156      0.0625000
       8       -18.8156      0.0625000
       9       -18.7105      0.0625000
      10       -18.7105      0.0625000
      11       -18.7105      0.0625000
      12       -18.7105      0.0625000
      13       -18.5935      0.0625000
      14       -18.5935      0.0625000
      15       -18.5935      0.0625000
      16       -18.5935      0.0625000
      17       -5.65521      0.0625000
      18       -5.65519      0.0625000
      19       -5.65519      0.0625000
      20       -5.65517      0.0625000
      21       -5.03121      0.0625000
      22       -5.03120      0.0625000
      23       -5.03119      0.0625000
      24       -5.03118      0.0625000
      25        6.78695      0.0625000
      26        6.78695      0.0625000
      27        6.78696      0.0625000
      28        6.78697      0.0625000
      29        7.24246      0.0625000
      30        7.24246      0.0625000
      31        7.24248      0.0625000
      32        7.24249      0.0625000
      33        8.12957      0.0625000
      34        8.12957      0.0625000
      35        8.12959      0.0625000
      36        8.12960      0.0625000
      37        8.76129      0.0625000
      38        8.76129      0.0625000
      39        8.76132      0.0625000
      40        8.76132      0.0625000
      41        9.73402      0.0625000
      42        9.73402      0.0625000
      43        9.73404      0.0625000
      44        9.73405      0.0625000
      45        10.4648      0.0625000
      46        10.4648      0.0625000
      47        10.4648      0.0625000
      48        10.4648      0.0625000
      49        15.8979        0.00000
      50        15.8979        0.00000
      51        15.8979        0.00000
      52        15.8979        0.00000
      53        16.8261        0.00000
      54        16.8261        0.00000
      55        16.8261        0.00000
      56        16.8261        0.00000
      57        17.3255        0.00000
      58        17.3255        0.00000

 20/32 kpoint (Cartesian) = 0.096962 0.096946 0.096962 (476 pws)
       1       -49.1712      0.0625000
       2       -49.1712      0.0625000
       3       -49.1712      0.0625000
       4       -49.1712      0.0625000
       5       -18.9105      0.0625000
       6       -18.9105      0.0625000
       7       -18.9105      0.0625000
       8       -18.9105      0.0625000
       9       -18.6400      0.0625000
      10       -18.6400      0.0625000
      11       -18.6400      0.0625000
      12       -18.6399      0.0625000
      13       -18.5645      0.0625000
      14       -18.5645      0.0625000
      15       -18.5645      0.0625000
      16       -18.5645      0.0625000
      17       -5.87763      0.0625000
      18       -5.87761      0.0625000
      19       -5.87759      0.0625000
      20       -5.87756      0.0625000
      21       -4.78895      0.0625000
      22       -4.78893      0.0625000
      23       -4.78891      0.0625000
      24       -4.78889      0.0625000
      25        6.68182      0.0625000
      26        6.68183      0.0625000
      27        6.68184      0.0625000
      28        6.68184      0.0625000
      29        7.14262      0.0625000
      30        7.14262      0.0625000
      31        7.14264      0.0625000
      32        7.14264      0.0625000
      33        8.59571      0.0625000
      34        8.59572      0.0625000
      35        8.59573      0.0625000
      36        8.59573      0.0625000
      37        9.29093      0.0625000
      38        9.29094      0.0625000
      39        9.29095      0.0625000
      40        9.29096      0.0625000
      41        9.42906      0.0625000
      42        9.42906      0.0625000
      43        9.42908      0.0625000
      44        9.42909      0.0625000
      45        10.0534      0.0625000
      46        10.0534      0.0625000
      47        10.0534      0.0625000
      48        10.0534      0.0625000
      49        15.3375        0.00000
      50        15.3375        0.00000
      51        15.3375        0.00000
      52        15.3375        0.00000
      53        16.4813        0.00000
      54        16.4813        0.00000
      55        16.4813        0.00000
      56        16.4813        0.00000
      57        17.7515        0.00000
      58        17.7515        0.00000

 21/32 kpoint (Cartesian) = -4.5237e-08 2.6347e-08 0.12120 (489 pws)
       1       -49.1781      0.0625000
       2       -49.1723      0.0625000
       3       -49.1676      0.0625000
       4       -49.1676      0.0625000
       5       -18.8440      0.0625000
       6       -18.8405      0.0625000
       7       -18.8134      0.0625000
       8       -18.7790      0.0625000
       9       -18.7491      0.0625000
      10       -18.6914      0.0625000
      11       -18.6879      0.0625000
      12       -18.6747      0.0625000
      13       -18.6211      0.0625000
      14       -18.6027      0.0625000
      15       -18.5902      0.0625000
      16       -18.5754      0.0625000
      17       -6.36092      0.0625000
      18       -5.71138      0.0625000
      19       -5.36557      0.0625000
      20       -5.26655      0.0625000
      21       -5.21013      0.0625000
      22       -5.06377      0.0625000
      23       -4.99967      0.0625000
      24       -4.63544      0.0625000
      25        6.04325      0.0625000
      26        6.20993      0.0625000
      27        6.60304      0.0625000
      28        6.61790      0.0625000
      29        6.86512      0.0625000
      30        7.18214      0.0625000
      31        7.18245      0.0625000
      32        7.21270      0.0625000
      33        7.44982      0.0625000
      34        7.65548      0.0625000
      35        8.20717      0.0625000
      36        8.30921      0.0625000
      37        8.72560      0.0625000
      38        9.03797      0.0625000
      39        9.10733      0.0625000
      40        9.37368      0.0625000
      41        9.61663      0.0625000
      42        9.83883      0.0625000
      43        10.4155      0.0625000
      44        10.5676      0.0625000
      45        10.7928      0.0625000
      46        10.8627      0.0625000
      47        10.9637      0.0625000
      48        11.0242      0.0625000
      49        16.1622        0.00000
      50        16.2190        0.00000
      51        16.2448        0.00000
      52        16.3540        0.00000
      53        16.5066        0.00000
      54        16.6026        0.00000
      55        16.6510        0.00000
      56        16.7792        0.00000
      57        16.8515        0.00000
      58        17.0249        0.00000

 22/32 kpoint (Cartesian) = 0.096962 2.7315e-08 0.12120 (489 pws)
       1       -49.1728      0.0625000
       2       -49.1728      0.0625000
       3       -49.1699      0.0625000
       4       -49.1699      0.0625000
       5       -18.8186      0.0625000
       6       -18.8186      0.0625000
       7       -18.8055      0.0625000
       8       -18.8055      0.0625000
       9       -18.7403      0.0625000
      10       -18.7403      0.0625000
      11       -18.6781      0.0625000
      12       -18.6781      0.0625000
      13       -18.6160      0.0625000
      14       -18.6160      0.0625000
      15       -18.5804      0.0625000
      16       -18.5804      0.0625000
      17       -5.80319      0.0625000
      18       -5.80318      0.0625000
      19       -5.50145      0.0625000
      20       -5.50143      0.0625000
      21       -5.09583      0.0625000
      22       -5.09582      0.0625000
      23       -4.96548      0.0625000
      24       -4.96548      0.0625000
      25        6.66883      0.0625000
      26        6.66883      0.0625000
      27        6.90528      0.0625000
      28        6.90529      0.0625000
      29        7.09481      0.0625000
      30        7.09483      0.0625000
      31        7.26628      0.0625000
      32        7.26629      0.0625000
      33        7.89877      0.0625000
      34        7.89877      0.0625000
      35        8.20142      0.0625000
      36        8.20143      0.0625000
      37        8.65245      0.0625000
      38        8.65245      0.0625000
      39        9.09912      0.0625000
      40        9.09913      0.0625000
      41        9.47116      0.0625000
      42        9.47117      0.0625000
      43        10.0539      0.0625000
      44        10.0539      0.0625000
      45        10.4242      0.0625000
      46        10.4242      0.0625000
      47        10.5862      0.0625000
      48        10.5862      0.0625000
      49        15.8853        0.00000
      50        15.8854        0.00000
      51        15.9854        0.00000
      52        15.9854        0.00000
      53        16.7816        0.00000
      54        16.7816        0.00000
      55        16.8575        0.00000
      56        16.8575        0.00000
      57        17.2506        0.00000
      58        17.2506        0.00000

 23/32 kpoint (Cartesian) = -4.4173e-08 0.096946 0.12120 (481 pws)
       1       -49.1728      0.0625000
       2       -49.1728      0.0625000
       3       -49.1699      0.0625000
       4       -49.1699      0.0625000
       5       -18.8209      0.0625000
       6       -18.8209      0.0625000
       7       -18.8018      0.0625000
       8       -18.8018      0.0625000
       9       -18.7393      0.0625000
      10       -18.7393      0.0625000
      11       -18.6858      0.0625000
      12       -18.6858      0.0625000
      13       -18.5990      0.0625000
      14       -18.5990      0.0625000
      15       -18.5920      0.0625000
      16       -18.5920      0.0625000
      17       -5.79993      0.0625000
      18       -5.79990      0.0625000
      19       -5.51017      0.0625000
      20       -5.51015      0.0625000
      21       -5.08177      0.0625000
      22       -5.08175      0.0625000
      23       -4.97400      0.0625000
      24       -4.97397      0.0625000
      25        6.77067      0.0625000
      26        6.77067      0.0625000
      27        6.79454      0.0625000
      28        6.79454      0.0625000
      29        6.92490      0.0625000
      30        6.92493      0.0625000
      31        7.56484      0.0625000
      32        7.56486      0.0625000
      33        7.81269      0.0625000
      34        7.81272      0.0625000
      35        8.20715      0.0625000
      36        8.20718      0.0625000
      37        8.64075      0.0625000
      38        8.64078      0.0625000
      39        9.05685      0.0625000
      40        9.05687      0.0625000
      41        9.45831      0.0625000
      42        9.45833      0.0625000
      43        10.0236      0.0625000
      44        10.0236      0.0625000
      45        10.5128      0.0625000
      46        10.5128      0.0625000
      47        10.5555      0.0625000
      48        10.5555      0.0625000
      49        15.8926        0.00000
      50        15.8926        0.00000
      51        15.9833        0.00000
      52        15.9833        0.00000
      53        16.7063        0.00000
      54        16.7063        0.00000
      55        16.9505        0.00000
      56        16.9505        0.00000
      57        17.2182        0.00000
      58        17.2182        0.00000

 24/32 kpoint (Cartesian) = 0.096962 0.096946 0.12120 (482 pws)
       1       -49.1713      0.0625000
       2       -49.1713      0.0625000
       3       -49.1712      0.0625000
       4       -49.1712      0.0625000
       5       -18.9007      0.0625000
       6       -18.9007      0.0625000
       7       -18.9007      0.0625000
       8       -18.9007      0.0625000
       9       -18.6446      0.0625000
      10       -18.6446      0.0625000
      11       -18.6446      0.0625000
      12       -18.6446      0.0625000
      13       -18.5703      0.0625000
      14       -18.5703      0.0625000
      15       -18.5703      0.0625000
      16       -18.5703      0.0625000
      17       -5.85139      0.0625000
      18       -5.85137      0.0625000
      19       -5.85135      0.0625000
      20       -5.85133      0.0625000
      21       -4.81813      0.0625000
      22       -4.81811      0.0625000
      23       -4.81809      0.0625000
      24       -4.81807      0.0625000
      25        6.71178      0.0625000
      26        6.71178      0.0625000
      27        6.71180      0.0625000
      28        6.71180      0.0625000
      29        7.12782      0.0625000
      30        7.12782      0.0625000
      31        7.12784      0.0625000
      32        7.12784      0.0625000
      33        8.53905      0.0625000
      34        8.53905      0.0625000
      35        8.53906      0.0625000
      36        8.53906      0.0625000
      37        9.11732      0.0625000
      38        9.11732      0.0625000
      39        9.11734      0.0625000
      40        9.11734      0.0625000
      41        9.60006      0.0625000
      42        9.60007      0.0625000
      43        9.60008      0.0625000
      44        9.60009      0.0625000
      45        10.0827      0.0625000
      46        10.0827      0.0625000
      47        10.0828      0.0625000
      48        10.0828      0.0625000
      49        15.4360        0.00000
      50        15.4360        0.00000
      51        15.4361        0.00000
      52        15.4361        0.00000
      53        16.4849        0.00000
      54        16.4849        0.00000
      55        16.4849        0.00000
      56        16.4849        0.00000
      57        17.7240        0.00000
      58        17.7240        0.00000

 25/32 kpoint (Cartesian) = -5.4285e-08 3.1616e-08 0.14544 (492 pws)
       1       -49.1805      0.0625000
       2       -49.1698      0.0625000
       3       -49.1676      0.0625000
       4       -49.1676      0.0625000
       5       -18.8809      0.0625000
       6       -18.8798      0.0625000
       7       -18.8675      0.0625000
       8       -18.7708      0.0625000
       9       -18.7120      0.0625000
      10       -18.6844      0.0625000
      11       -18.6728      0.0625000
      12       -18.6502      0.0625000
      13       -18.6122      0.0625000
      14       -18.5970      0.0625000
      15       -18.5699      0.0625000
      16       -18.5620      0.0625000
      17       -6.63552      0.0625000
      18       -5.54056      0.0625000
      19       -5.45393      0.0625000
      20       -5.38995      0.0625000
      21       -5.13933      0.0625000
      22       -4.98158      0.0625000
      23       -4.97242      0.0625000
      24       -4.41449      0.0625000
      25        5.75782      0.0625000
      26        5.83781      0.0625000
      27        6.10864      0.0625000
      28        6.48640      0.0625000
      29        6.49230      0.0625000
      30        6.85966      0.0625000
      31        7.52026      0.0625000
      32        7.55644      0.0625000
      33        7.75022      0.0625000
      34        7.99368      0.0625000
      35        8.15053      0.0625000
      36        8.39799      0.0625000
      37        8.74882      0.0625000
      38        9.02803      0.0625000
      39        9.62681      0.0625000
      40        9.67235      0.0625000
      41        9.81254      0.0625000
      42        10.0175      0.0625000
      43        10.1107      0.0625000
      44        10.5534      0.0625000
      45        10.8794      0.0625000
      46        10.9207      0.0625000
      47        11.0225      0.0625000
      48        11.1863      0.0625000
      49        16.0130        0.00000
      50        16.0697        0.00000
      51        16.1073        0.00000
      52        16.1926        0.00000
      53        16.2580        0.00000
      54        16.4245        0.00000
      55        16.7325        0.00000
      56        16.7672        0.00000
      57        16.9114        0.00000
      58        16.9777        0.00000

 26/32 kpoint (Cartesian) = 0.096962 3.2584e-08 0.14544 (492 pws)
       1       -49.1741      0.0625000
       2       -49.1741      0.0625000
       3       -49.1687      0.0625000
       4       -49.1687      0.0625000
       5       -18.8125      0.0625000
       6       -18.8125      0.0625000
       7       -18.7969      0.0625000
       8       -18.7969      0.0625000
       9       -18.7581      0.0625000
      10       -18.7581      0.0625000
      11       -18.6528      0.0625000
      12       -18.6528      0.0625000
      13       -18.6399      0.0625000
      14       -18.6399      0.0625000
      15       -18.5777      0.0625000
      16       -18.5777      0.0625000
      17       -5.92448      0.0625000
      18       -5.92447      0.0625000
      19       -5.36928      0.0625000
      20       -5.36926      0.0625000
      21       -5.14467      0.0625000
      22       -5.14466      0.0625000
      23       -4.91065      0.0625000
      24       -4.91065      0.0625000
      25        6.54657      0.0625000
      26        6.54658      0.0625000
      27        6.89405      0.0625000
      28        6.89406      0.0625000
      29        7.03181      0.0625000
      30        7.03182      0.0625000
      31        7.14304      0.0625000
      32        7.14304      0.0625000
      33        7.75418      0.0625000
      34        7.75419      0.0625000
      35        8.14712      0.0625000
      36        8.14713      0.0625000
      37        8.74382      0.0625000
      38        8.74382      0.0625000
      39        9.02247      0.0625000
      40        9.02247      0.0625000
      41        9.69737      0.0625000
      42        9.69738      0.0625000
      43        10.2697      0.0625000
      44        10.2697      0.0625000
      45        10.5364      0.0625000
      46        10.5364      0.0625000
      47        10.7356      0.0625000
      48        10.7356      0.0625000
      49        16.0033        0.00000
      50        16.0033        0.00000
      51        16.1003        0.00000
      52        16.1003        0.00000
      53        16.6971        0.00000
      54        16.6972        0.00000
      55        16.8642        0.00000
      56        16.8642        0.00000
      57        17.1272        0.00000
      58        17.1272        0.00000

 27/32 kpoint (Cartesian) = -5.3220e-08 0.096946 0.14544 (480 pws)
       1       -49.1741      0.0625000
       2       -49.1741      0.0625000
       3       -49.1687      0.0625000
       4       -49.1687      0.0625000
       5       -18.8177      0.0625000
       6       -18.8177      0.0625000
       7       -18.7859      0.0625000
       8       -18.7859      0.0625000
       9       -18.7613      0.0625000
      10       -18.7613      0.0625000
      11       -18.6762      0.0625000
      12       -18.6762      0.0625000
      13       -18.5997      0.0625000
      14       -18.5997      0.0625000
      15       -18.5971      0.0625000
      16       -18.5971      0.0625000
      17       -5.92192      0.0625000
      18       -5.92190      0.0625000
      19       -5.38754      0.0625000
      20       -5.38752      0.0625000
      21       -5.12008      0.0625000
      22       -5.12006      0.0625000
      23       -4.91940      0.0625000
      24       -4.91938      0.0625000
      25        6.65065      0.0625000
      26        6.65068      0.0625000
      27        6.73959      0.0625000
      28        6.73960      0.0625000
      29        6.81640      0.0625000
      30        6.81641      0.0625000
      31        7.51011      0.0625000
      32        7.51013      0.0625000
      33        7.78234      0.0625000
      34        7.78236      0.0625000
      35        8.15156      0.0625000
      36        8.15159      0.0625000
      37        8.49240      0.0625000
      38        8.49242      0.0625000
      39        9.33646      0.0625000
      40        9.33648      0.0625000
      41        9.40877      0.0625000
      42        9.40879      0.0625000
      43        10.2710      0.0625000
      44        10.2710      0.0625000
      45        10.5895      0.0625000
      46        10.5895      0.0625000
      47        10.7776      0.0625000
      48        10.7777      0.0625000
      49        16.0194        0.00000
      50        16.0194        0.00000
      51        16.0723        0.00000
      52        16.0723        0.00000
      53        16.6412        0.00000
      54        16.6412        0.00000
      55        17.0267        0.00000
      56        17.0267        0.00000
      57        17.0602        0.00000
      58        17.0602        0.00000

 28/32 kpoint (Cartesian) = 0.096962 0.096946 0.14544 (484 pws)
       1       -49.1713      0.0625000
       2       -49.1713      0.0625000
       3       -49.1713      0.0625000
       4       -49.1713      0.0625000
       5       -18.8737      0.0625000
       6       -18.8737      0.0625000
       7       -18.8737      0.0625000
       8       -18.8737      0.0625000
       9       -18.6613      0.0625000
      10       -18.6613      0.0625000
      11       -18.6613      0.0625000
      12       -18.6613      0.0625000
      13       -18.5823      0.0625000
      14       -18.5823      0.0625000
      15       -18.5823      0.0625000
      16       -18.5823      0.0625000
      17       -5.78126      0.0625000
      18       -5.78124      0.0625000
      19       -5.78122      0.0625000
      20       -5.78120      0.0625000
      21       -4.89531      0.0625000
      22       -4.89529      0.0625000
      23       -4.89527      0.0625000
      24       -4.89525      0.0625000
      25        6.76736      0.0625000
      26        6.76736      0.0625000
      27        6.76738      0.0625000
      28        6.76738      0.0625000
      29        7.12917      0.0625000
      30        7.12918      0.0625000
      31        7.12920      0.0625000
      32        7.12921      0.0625000
      33        8.35427      0.0625000
      34        8.35427      0.0625000
      35        8.35429      0.0625000
      36        8.35429      0.0625000
      37        9.00954      0.0625000
      38        9.00955      0.0625000
      39        9.00956      0.0625000
      40        9.00957      0.0625000
      41        9.64059      0.0625000
      42        9.64060      0.0625000
      43        9.64060      0.0625000
      44        9.64062      0.0625000
      45        10.2483      0.0625000
      46        10.2483      0.0625000
      47        10.2483      0.0625000
      48        10.2483      0.0625000
      49        15.6584        0.00000
      50        15.6585        0.00000
      51        15.6585        0.00000
      52        15.6585        0.00000
      53        16.5286        0.00000
      54        16.5287        0.00000
      55        16.5287        0.00000
      56        16.5287        0.00000
      57        17.6334        0.00000
      58        17.6334        0.00000

 29/32 kpoint (Cartesian) = -6.3332e-08 3.6886e-08 0.16968 (492 pws)
       1       -49.1821      0.0625000
       2       -49.1682      0.0625000
       3       -49.1676      0.0625000
       4       -49.1676      0.0625000
       5       -18.9064      0.0625000
       6       -18.9061      0.0625000
       7       -18.9031      0.0625000
       8       -18.7711      0.0625000
       9       -18.6881      0.0625000
      10       -18.6812      0.0625000
      11       -18.6774      0.0625000
      12       -18.6282      0.0625000
      13       -18.6178      0.0625000
      14       -18.5626      0.0625000
      15       -18.5549      0.0625000
      16       -18.5526      0.0625000
      17       -6.81526      0.0625000
      18       -5.52965      0.0625000
      19       -5.51544      0.0625000
      20       -5.49831      0.0625000
      21       -4.97640      0.0625000
      22       -4.92503      0.0625000
      23       -4.92363      0.0625000
      24       -4.25626      0.0625000
      25        5.57927      0.0625000
      26        5.59995      0.0625000
      27        5.67217      0.0625000
      28        6.36154      0.0625000
      29        6.36673      0.0625000
      30        6.46075      0.0625000
      31        7.87261      0.0625000
      32        7.94948      0.0625000
      33        8.12735      0.0625000
      34        8.18386      0.0625000
      35        8.30166      0.0625000
      36        8.43346      0.0625000
      37        8.55884      0.0625000
      38        8.69032      0.0625000
      39        9.64908      0.0625000
      40        9.67903      0.0625000
      41        9.78762      0.0625000
      42        10.4128      0.0625000
      43        10.5378      0.0625000
      44        10.6374      0.0625000
      45        10.9828      0.0625000
      46        11.0105      0.0625000
      47        11.0729      0.0625000
      48        11.2886      0.0625000
      49        15.8789        0.00000
      50        15.9379        0.00000
      51        15.9932        0.00000
      52        16.0289        0.00000
      53        16.0346        0.00000
      54        16.0357        0.00000
      55        16.8140        0.00000
      56        16.8299        0.00000
      57        16.8676        0.00000
      58        16.9959        0.00000

 30/32 kpoint (Cartesian) = 0.096962 3.7853e-08 0.16968 (494 pws)
       1       -49.1749      0.0625000
       2       -49.1749      0.0625000
       3       -49.1679      0.0625000
       4       -49.1679      0.0625000
       5       -18.8016      0.0625000
       6       -18.8016      0.0625000
       7       -18.8009      0.0625000
       8       -18.8009      0.0625000
       9       -18.7548      0.0625000
      10       -18.7548      0.0625000
      11       -18.6741      0.0625000
      12       -18.6741      0.0625000
      13       -18.6223      0.0625000
      14       -18.6223      0.0625000
      15       -18.5834      0.0625000
      16       -18.5834      0.0625000
      17       -6.00354      0.0625000
      18       -6.00354      0.0625000
      19       -5.29289      0.0625000
      20       -5.29287      0.0625000
      21       -5.15925      0.0625000
      22       -5.15924      0.0625000
      23       -4.87584      0.0625000
      24       -4.87584      0.0625000
      25        6.43604      0.0625000
      26        6.43604      0.0625000
      27        6.75463      0.0625000
      28        6.75464      0.0625000
      29        6.95405      0.0625000
      30        6.95405      0.0625000
      31        7.17047      0.0625000
      32        7.17047      0.0625000
      33        7.70248      0.0625000
      34        7.70249      0.0625000
      35        8.22270      0.0625000
      36        8.22271      0.0625000
      37        8.45049      0.0625000
      38        8.45049      0.0625000
      39        9.23493      0.0625000
      40        9.23493      0.0625000
      41        9.72490      0.0625000
      42        9.72490      0.0625000
      43        10.5110      0.0625000
      44        10.5110      0.0625000
      45        10.6941      0.0625000
      46        10.6941      0.0625000
      47        10.8714      0.0625000
      48        10.8714      0.0625000
      49        16.1646        0.00000
      50        16.1646        0.00000
      51        16.2790        0.00000
      52        16.2790        0.00000
      53        16.5877        0.00000
      54        16.5877        0.00000
      55        16.8004        0.00000
      56        16.8004        0.00000
      57        17.0110        0.00000
      58        17.0110        0.00000

 31/32 kpoint (Cartesian) = -6.2268e-08 0.096946 0.16968 (480 pws)
       1       -49.1749      0.0625000
       2       -49.1749      0.0625000
       3       -49.1679      0.0625000
       4       -49.1679      0.0625000
       5       -18.8099      0.0625000
       6       -18.8099      0.0625000
       7       -18.7895      0.0625000
       8       -18.7895      0.0625000
       9       -18.7565      0.0625000
      10       -18.7565      0.0625000
      11       -18.6820      0.0625000
      12       -18.6820      0.0625000
      13       -18.6056      0.0625000
      14       -18.6056      0.0625000
      15       -18.5935      0.0625000
      16       -18.5935      0.0625000
      17       -6.00292      0.0625000
      18       -6.00290      0.0625000
      19       -5.30583      0.0625000
      20       -5.30580      0.0625000
      21       -5.14359      0.0625000
      22       -5.14357      0.0625000
      23       -4.87911      0.0625000
      24       -4.87909      0.0625000
      25        6.45972      0.0625000
      26        6.45975      0.0625000
      27        6.71349      0.0625000
      28        6.71350      0.0625000
      29        6.85516      0.0625000
      30        6.85517      0.0625000
      31        7.31146      0.0625000
      32        7.31148      0.0625000
      33        7.74668      0.0625000
      34        7.74670      0.0625000
      35        8.23932      0.0625000
      36        8.23934      0.0625000
      37        8.34247      0.0625000
      38        8.34248      0.0625000
      39        9.33567      0.0625000
      40        9.33568      0.0625000
      41        9.60384      0.0625000
      42        9.60385      0.0625000
      43        10.5571      0.0625000
      44        10.5571      0.0625000
      45        10.6345      0.0625000
      46        10.6345      0.0625000
      47        10.9300      0.0625000
      48        10.9300      0.0625000
      49        16.1631        0.00000
      50        16.1631        0.00000
      51        16.2679        0.00000
      52        16.2679        0.00000
      53        16.5429        0.00000
      54        16.5429        0.00000
      55        16.9435        0.00000
      56        16.9435        0.00000
      57        16.9834        0.00000
      58        16.9834        0.00000

 32/32 kpoint (Cartesian) = 0.096962 0.096946 0.16968 (486 pws)
       1       -49.1713      0.0625000
       2       -49.1713      0.0625000
       3       -49.1713      0.0625000
       4       -49.1713      0.0625000
       5       -18.8373      0.0625000
       6       -18.8373      0.0625000
       7       -18.8373      0.0625000
       8       -18.8373      0.0625000
       9       -18.6906      0.0625000
      10       -18.6906      0.0625000
      11       -18.6906      0.0625000
      12       -18.6906      0.0625000
      13       -18.5910      0.0625000
      14       -18.5910      0.0625000
      15       -18.5910      0.0625000
      16       -18.5909      0.0625000
      17       -5.69662      0.0625000
      18       -5.69660      0.0625000
      19       -5.69658      0.0625000
      20       -5.69656      0.0625000
      21       -4.98698      0.0625000
      22       -4.98697      0.0625000
      23       -4.98694      0.0625000
      24       -4.98693      0.0625000
      25        6.78791      0.0625000
      26        6.78791      0.0625000
      27        6.78793      0.0625000
      28        6.78793      0.0625000
      29        7.19659      0.0625000
      30        7.19660      0.0625000
      31        7.19662      0.0625000
      32        7.19663      0.0625000
      33        8.18448      0.0625000
      34        8.18449      0.0625000
      35        8.18450      0.0625000
      36        8.18451      0.0625000
      37        8.85758      0.0625000
      38        8.85758      0.0625000
      39        8.85759      0.0625000
      40        8.85760      0.0625000
      41        9.69125      0.0625000
      42        9.69126      0.0625000
      43        9.69126      0.0625000
      44        9.69127      0.0625000
      45        10.4089      0.0625000
      46        10.4089      0.0625000
      47        10.4089      0.0625000
      48        10.4089      0.0625000
      49        15.8409        0.00000
      50        15.8409        0.00000
      51        15.8409        0.00000
      52        15.8409        0.00000
      53        16.6810        0.00000
      54        16.6810        0.00000
      55        16.6810        0.00000
      56        16.6810        0.00000
      57        17.4640        0.00000
      58        17.4640        0.00000


 Warning_Memory_Consuming allocated:  ORB::Jl(x) 921.868 MB




 >>>>>>>>>>>>>>>>>>>>>>>>>>>>>>>>>>>>>>>>>>>>>>>>>>>>>>>>>>>>>>>>>>>>>>
 |                                                                    |
 | POLARIZATION CALCULATION:                                          |
 |                  Modern Theory of Polarization                     |
 | calculate the Macroscopic polarization of a crystalline insulator  |
 | by using Berry Phase method.                                       |
 |                                                                    |
 <<<<<<<<<<<<<<<<<<<<<<<<<<<<<<<<<<<<<<<<<<<<<<<<<<<<<<<<<<<<<<<<<<<<<<




 VALUES OF POLARIZATION

  The Ionic Phase:   -0.00000
 Electronic Phase:    0.00000

The calculated polarization direction is in R3 direction

 P =    0.0000000  (mod   19.4893349)  (   0.0000000,  -0.0000000,   0.0000000) (e/Omega).bohr

 P =    0.0000000  (mod    0.0210584)  (   0.0000000,  -0.0000000,   0.0000000) e/bohr^2

 P =    0.0000000  (mod    1.2039431)  (   0.0000000,  -0.0000000,   0.0000000) C/m^2



 --------------------------------------------
 !FINAL_ETOT_IS -9781.7147298569052509 eV
 --------------------------------------------






 >>>>>>>>>>>>>>>>>>>>>>>>>>>>>>>>>>>>>>>>>>>>>>>>>>>>>>>>>>>>>>>>>>>>>>
 |                                                                    |
 | Post-processing of data:                                           |
 | DOS (density of states) and bands will be output here.             |
 | If atomic orbitals are used, Mulliken charge analysis can be done. |
 | Also the .bxsf file containing fermi surface information can be    |
 | done here.                                                         |
 |                                                                    |
 <<<<<<<<<<<<<<<<<<<<<<<<<<<<<<<<<<<<<<<<<<<<<<<<<<<<<<<<<<<<<<<<<<<<<<





 Output bands in file: OUT.ABACUS/BANDS_1.dat
TIME STATISTICS
----------------------------------------------------------------------------------
   CLASS_NAME                   NAME                TIME/s  CALLS   AVG/s  PER/%  
----------------------------------------------------------------------------------
                 total                              41.04  11       3.73   100.00 
 Driver          reading                            0.41   1        0.41   1.00   
 Input_Conv      Convert                            0.00   1        0.00   0.00   
 Driver          driver_line                        40.63  1        40.63  99.00  
 UnitCell        check_tau                          0.00   1        0.00   0.00   
 ESolver_KS_LCAO before_all_runners                 1.01   1        1.01   2.46   
 PW_Basis_Sup    setuptransform                     0.01   1        0.01   0.03   
 PW_Basis_Sup    distributeg                        0.01   1        0.01   0.01   
 mymath          heapsort                           0.00   3        0.00   0.00   
 Charge_Mixing   init_mixing                        0.00   1        0.00   0.00   
 PW_Basis_K      setuptransform                     0.01   1        0.01   0.02   
 PW_Basis_K      distributeg                        0.01   1        0.01   0.02   
 PW_Basis        setup_struc_factor                 0.00   1        0.00   0.01   
 NOrbital_Lm     extra_uniform                      0.28   323      0.00   0.69   
 Mathzone_Add1   SplineD2                           0.01   323      0.00   0.01   
 Mathzone_Add1   Cubic_Spline_Interpolation         0.13   323      0.00   0.32   
 ppcell_vl       init_vloc                          0.12   1        0.12   0.30   
 Ions            opt_ions                           39.49  1        39.49  96.24  
 ESolver_KS_LCAO runner                             39.48  1        39.48  96.20  
 ESolver_KS_LCAO before_scf                         0.68   1        0.68   1.66   
 atom_arrange    search                             0.00   1        0.00   0.00   
 atom_arrange    grid_d.init                        0.00   1        0.00   0.00   
 Grid            Construct_Adjacent_expand          0.00   1        0.00   0.00   
 Grid            Construct_Adjacent_expand_periodic 0.00   12       0.00   0.00   
 Grid_Technique  init                               0.28   1        0.28   0.69   
 Grid_BigCell    grid_expansion_index               0.05   2        0.03   0.13   
 Grid_Driver     Find_atom                          0.00   96       0.00   0.00   
 Record_adj      for_2d                             0.05   1        0.05   0.11   
 LCAO_domain     grid_prepare                       0.00   1        0.00   0.00   
 Veff            initialize_HR                      0.00   1        0.00   0.00   
 OverlapNew      initialize_SR                      0.00   1        0.00   0.01   
 EkineticNew     initialize_HR                      0.01   1        0.01   0.01   
 NonlocalNew     initialize_HR                      0.03   1        0.03   0.07   
 Charge          set_rho_core                       0.16   1        0.16   0.39   
 PW_Basis_Sup    recip2real                         0.05   13       0.00   0.13   
 PW_Basis_Sup    gathers_scatterp                   0.05   13       0.00   0.12   
 ModuleIO        read_rhog                          0.00   1        0.00   0.00   
 Potential       init_pot                           0.04   1        0.04   0.11   
 Potential       update_from_charge                 0.05   2        0.02   0.12   
 Potential       cal_fixed_v                        0.00   1        0.00   0.00   
 PotLocal        cal_fixed_v                        0.00   1        0.00   0.00   
 Potential       cal_v_eff                          0.05   2        0.02   0.12   
 H_Hartree_pw    v_hartree                          0.01   2        0.01   0.03   
 PW_Basis_Sup    real2recip                         0.02   13       0.00   0.05   
 PW_Basis_Sup    gatherp_scatters                   0.02   13       0.00   0.04   
 PotXC           cal_v_eff                          0.04   2        0.02   0.09   
 XC_Functional   v_xc                               0.03   2        0.02   0.08   
 Potential       interpolate_vrs                    0.00   2        0.00   0.00   
 H_Ewald_pw      compute_ewald                      0.01   1        0.01   0.02   
 HSolverLCAO     solve                              8.15   1        8.15   19.87  
 HamiltLCAO      updateHk                           3.92   32       0.12   9.56   
 OperatorLCAO    init                               3.81   96       0.04   9.28   
 Veff            contributeHR                       3.36   1        3.36   8.19   
 Gint_interface  cal_gint                           2.50   1        2.50   6.08   
 Gint_interface  cal_gint_vlocal                    2.50   1        2.50   6.08   
 Gint_Tools      cal_psir_ylm                       0.06   1024     0.00   0.16   
 Gint_k          transfer_pvpR                      0.86   1        0.86   2.11   
 OverlapNew      calculate_SR                       0.11   1        0.11   0.26   
 OverlapNew      contributeHk                       0.01   32       0.00   0.02   
 EkineticNew     contributeHR                       0.11   1        0.11   0.27   
 EkineticNew     calculate_HR                       0.11   1        0.11   0.27   
 NonlocalNew     contributeHR                       0.32   1        0.32   0.79   
 NonlocalNew     calculate_HR                       0.32   1        0.32   0.78   
 OperatorLCAO    contributeHk                       0.01   32       0.00   0.03   
 HSolverLCAO     hamiltSolvePsiK                    4.17   32       0.13   10.16  
 DiagoElpa       elpa_solve                         3.25   32       0.10   7.92   
 elecstate       cal_dm                             0.05   1        0.05   0.11   
 psiMulPsiMpi    pdgemm                             0.05   32       0.00   0.11   
 DensityMatrix   cal_DMR                            0.01   1        0.01   0.02   
 Charge_Mixing   get_drho                           0.00   1        0.00   0.00   
 ModuleIO        write_rhog                         0.04   1        0.04   0.10   
 ESolver_KS_LCAO after_scf                          30.55  1        30.55  74.45  
 Charge          atomic_rho                         0.14   1        0.14   0.34   
 ORB_gaunt_table init_Gaunt_CH                      0.00   1        0.00   0.01   
 ORB_gaunt_table Calc_Gaunt_CH                      0.00   1631     0.00   0.00   
 ORB_gaunt_table init_Gaunt                         0.01   1        0.01   0.04   
 ORB_gaunt_table Get_Gaunt_SH                       0.01   25313    0.00   0.02   
 Center2_Orb     cal_ST_Phi12_R                     13.02  769      0.02   31.72  
 ESolver_KS_LCAO after_all_runners                  0.01   1        0.01   0.01   
 ModuleIO        nscf_band                          0.00   1        0.00   0.01   
----------------------------------------------------------------------------------


 NAME-------------------------|MEMORY(MB)--------
                         total     31521.1484
                    ORB::Jl(x)     29499.7681
                  Gint::hRGint       403.2644
                 Gint::DMRGint       402.9519
       TwoCenterTable: Kinetic       137.3855
       TwoCenterTable: Overlap       137.3855
      TwoCenterTable: Nonlocal       136.0217
                  meshball_pos       124.3059
               GT::ind_bigcell       118.4447
         GT::in_this_processor       118.4447
              GT::index2normal       118.4447
               GT::index2ucell       118.4447
      GT::bigcell_on_processor        29.6112
                HamiltLCAO::hR        26.4720
            DensityMatrix::DMR        26.1595
            DensityMatrix::DMK        21.9453
                    index_ball        20.7177
                HamiltLCAO::sR        17.4489
                  PW_B_K::gcar        11.6484
                GT::which_atom         7.0235
             GT::which_bigcell         7.0235
            GT::which_unitcell         7.0235
                   PW_B_K::gk2         3.8828
                  SF::strucFac         3.8093
                RealGauntTable         3.7773
                  SF::eigts123         2.2515
                 ORB::Gaunt_CH         2.0508
                      Chg::rho         2.0000
                 Chg::rho_save         2.0000
                 Chg::rho_core         2.0000
                 Pot::veff_fix         2.0000
                     Pot::veff         2.0000
              Pot::veff_smooth         2.0000
 -------------   < 1.0 MB has been ignored ----------------
 ----------------------------------------------------------

 Start  Time  : Fri Oct  9 19:34:58 2026
 Finish Time  : Fri Oct  9 19:35:39 2026
 Total  Time  : 0 h 0 mins 41 secs 
