                                                                                     
                              ABACUS v3.10.0

               Atomic-orbital Based Ab-initio Computation at UStc                    

                     Website: http://abacus.ustc.edu.cn/                             
               Documentation: https://abacus.deepmodeling.com/                       
                  Repository: https://github.com/abacusmodeling/abacus-develop       
                              https://github.com/deepmodeling/abacus-develop         
                      Commit: f7cb1d3 (Mon May 12 16:53:30 2025 +0800)

    Start Time is Fri Oct  9 19:13:18 2026
                                                                                     
 ------------------------------------------------------------------------------------

 READING GENERAL INFORMATION
                           global_out_dir = OUT.ABACUS/
                           global_in_card = INPUT
                               pseudo_dir = 
                              orbital_dir = 
                                    DRANK = 1
                                    DSIZE = 32
                                   DCOLOR = 1
                                    GRANK = 1
                                    GSIZE = 1




 >>>>>>>>>>>>>>>>>>>>>>>>>>>>>>>>>>>>>>>>>>>>>>>>>>>>>>>>>>>>>>>>>>>>>>
 |                                                                    |
 | Reading atom information in unitcell:                              |
 | From the input file and the structure file we know the number of   |
 | different elments in this unitcell, then we list the detail        |
 | information for each element, especially the zeta and polar atomic |
 | orbital number for each element. The total atom number is counted. |
 | We calculate the nearest atom distance for each atom and show the  |
 | Cartesian and Direct coordinates for each atom. We list the file   |
 | address for atomic orbitals. The volume and the lattice vectors    |
 | in real and reciprocal space is also shown.                        |
 |                                                                    |
 <<<<<<<<<<<<<<<<<<<<<<<<<<<<<<<<<<<<<<<<<<<<<<<<<<<<<<<<<<<<<<<<<<<<<<




 READING UNITCELL INFORMATION
                                    ntype = 2
                  lattice constant (Bohr) = 1.88973
              lattice constant (Angstrom) = 1

 READING ATOM TYPE 1
                               atom label = Hf
                      L=0, number of zeta = 4
                      L=1, number of zeta = 2
                      L=2, number of zeta = 2
                      L=3, number of zeta = 1
             number of atom for this type = 4

 READING ATOM TYPE 2
                               atom label = O
                      L=0, number of zeta = 2
                      L=1, number of zeta = 2
                      L=2, number of zeta = 1
             number of atom for this type = 8

                        TOTAL ATOM NUMBER = 12
DIRECT COORDINATES
    atom                   x                   y                   z     mag                  vx                  vy                  vz
taud_Hf1            0.0426177679        0.0029014726        0.9947815321  0.0000        0.0000000000        0.0000000000        0.0000000000
taud_Hf2            0.9437951227        0.4904269851        0.4947745348  0.0000        0.0000000000        0.0000000000        0.0000000000
taud_Hf3            0.4437876649        0.0029093264        0.4947758768  0.0000        0.0000000000        0.0000000000        0.0000000000
taud_Hf4            0.5426107333        0.4904352061        0.9947800769  0.0000        0.0000000000        0.0000000000        0.0000000000
taud_O1            0.3142851066        0.2475541793        0.2018324272  0.0000        0.0000000000        0.0000000000        0.0000000000
taud_O2            0.1720993641        0.2475446985        0.7018300029  0.0000        0.0000000000        0.0000000000        0.0000000000
taud_O3            0.1376678119        0.7874314844        0.3253988355  0.0000        0.0000000000        0.0000000000        0.0000000000
taud_O4            0.3487369380        0.7874337010        0.8253976154  0.0000        0.0000000000        0.0000000000        0.0000000000
taud_O5            0.8142861669        0.2458068332        0.2018118588  0.0000        0.0000000000        0.0000000000        0.0000000000
taud_O6            0.6720983611        0.2458157776        0.7018093335  0.0000        0.0000000000        0.0000000000        0.0000000000
taud_O7            0.6376732813        0.7059244069        0.3253974306  0.0000        0.0000000000        0.0000000000        0.0000000000
taud_O8            0.8487316999        0.7059222739        0.8253961585  0.0000        0.0000000000        0.0000000000        0.0000000000



                          Volume (Bohr^3) = 965.163
                             Volume (A^3) = 143.022

 Lattice vectors: (Cartesian coordinate: in unit of a_0)
             +5.53607        +9.61692e-07        +4.23575e-05
         +9.57138e-07             +5.0201         -8.2296e-05
         +4.27766e-05        -8.26441e-05            +5.14624
 Reciprocal vectors: (Cartesian coordinate: in unit of 2 pi/a_0)
            +0.180633        -3.44644e-08        -1.50146e-06
         -3.46281e-08           +0.199199        +3.19896e-06
         -1.48675e-06        +3.18549e-06           +0.194317
 The esolver type has been set to : ksdft_lcao

 RUNNING WITH DEVICE  : CPU / AMD EPYC 7702 64-Core Processor




 >>>>>>>>>>>>>>>>>>>>>>>>>>>>>>>>>>>>>>>>>>>>>>>>>>>>>>>>>>>>>>>>>>>>>>
 |                                                                    |
 | Reading pseudopotentials files:                                    |
 | The pseudopotential file is in UPF format. The 'NC' indicates that |
 | the type of pseudopotential is 'norm conserving'. Functional of    |
 | exchange and correlation is decided by 4 given parameters in UPF   |
 | file.  We also read in the 'core correction' if there exists.      |
 | Also we can read the valence electrons number and the maximal      |
 | angular momentum used in this pseudopotential. We also read in the |
 | trail wave function, trail atomic density and local-pseudopotential|
 | on logrithmic grid. The non-local pseudopotential projector is also|
 | read in if there is any.                                           |
 |                                                                    |
 <<<<<<<<<<<<<<<<<<<<<<<<<<<<<<<<<<<<<<<<<<<<<<<<<<<<<<<<<<<<<<<<<<<<<<




                PAO radial cut off (Bohr) = 15

 Read in pseudopotential file is Hf.upf
                     pseudopotential type = NC
          exchange-correlation functional = PBE
                 nonlocal core correction = 1
                        valence electrons = 12
                                     lmax = 3
                           number of zeta = 4
                     number of projectors = 8
                           L of projector = 0
                           L of projector = 0
                           L of projector = 1
                           L of projector = 1
                           L of projector = 2
                           L of projector = 2
                           L of projector = 3
                           L of projector = 3
                PAO radial cut off (Bohr) = 15

 Read in pseudopotential file is O.upf
                     pseudopotential type = NC
          exchange-correlation functional = PBE
                 nonlocal core correction = 1
                        valence electrons = 6
                                     lmax = 2
                           number of zeta = 2
                     number of projectors = 5
                           L of projector = 0
                           L of projector = 0
                           L of projector = 1
                           L of projector = 1
                           L of projector = 2
     initial pseudo atomic orbital number = 72

 SETUP THE ELECTRONS NUMBER
            electron number of element Hf = 12
      total electron number of element Hf = 48
             electron number of element O = 6
       total electron number of element O = 48
            AUTOSET number of electrons:  = 96
                           occupied bands = 48
                                   NLOCAL = 212
                                   NBANDS = 58
                                   NBANDS = 58
                                   NLOCAL = 212

%%%%%%%%%%%%%%%%%%%%%%%%%%%%%%%%%%%%%%%%%%%%%%%%%%%%%%%%%%%%%%%%%%%%%%%%%%%%%%%%%%%%%%%%%%%%%%%%%%%%%%%%%%
 Warning: the number of valence electrons in pseudopotential > 4 for Hf: [Xe] 4f14 5d2 6s2
 Pseudopotentials with additional electrons can yield (more) accurate outcomes, but may be less efficient.
 If you're confident that your chosen pseudopotential is appropriate, you can safely ignore this warning.
%%%%%%%%%%%%%%%%%%%%%%%%%%%%%%%%%%%%%%%%%%%%%%%%%%%%%%%%%%%%%%%%%%%%%%%%%%%%%%%%%%%%%%%%%%%%%%%%%%%%%%%%%%
                  




 >>>>>>>>>>>>>>>>>>>>>>>>>>>>>>>>>>>>>>>>>>>>>>>>>>>>>>>>>>>>>>>>>>>>>>
 |                                                                    |
 | Setup plane waves of charge/potential:                             |
 | Use the energy cutoff and the lattice vectors to generate the      |
 | dimensions of FFT grid. The number of FFT grid on each processor   |
 | is 'nrxx'. The number of plane wave basis in reciprocal space is   |
 | different for charege/potential and wave functions. We also set    |
 | the 'sticks' for the parallel of FFT. The number of plane waves    |
 | is 'npw' in each processor.                                        |
 <<<<<<<<<<<<<<<<<<<<<<<<<<<<<<<<<<<<<<<<<<<<<<<<<<<<<<<<<<<<<<<<<<<<<<





 SETUP THE PLANE WAVE BASIS
 energy cutoff for charge/potential (unit:Ry) = 400
            fft grid for charge/potential = [ 72, 64, 64 ]
                        fft grid division = [ 4, 2, 2 ]
        big fft grid for charge/potential = [ 18, 32, 32 ]
                                     nbxx = 576
                                     nrxx = 9216

 SETUP PLANE WAVES FOR CHARGE/POTENTIAL
                    number of plane waves = 130405
                         number of sticks = 3159

 PARALLEL PW FOR CHARGE/POTENTIAL
     PROC   COLUMNS(POT)             PW
        1             98           4074
        2             98           4074
        3             98           4074
        4             98           4074
        5             98           4074
        6             98           4074
        7             98           4074
        8             98           4074
        9             98           4074
       10             99           4074
       11             99           4074
       12             99           4074
       13             99           4074
       14             99           4077
       15             99           4077
       16             99           4077
       17             99           4077
       18             99           4077
       19             99           4077
       20             99           4077
       21             99           4077
       22             99           4077
       23             99           4074
       24             99           4074
       25             98           4074
       26             99           4077
       27             99           4077
       28             99           4075
       29             99           4075
       30             99           4075
       31             99           4075
       32            100           4074
 --------------- sum -------------------
       32           3159         130405
                            number of |g| = 4074
                                  max |g| = 36.1763
                                  min |g| = 0.0396803
 DONE : SETUP UNITCELL Time : 0.805166 (SEC)


----------- Double Check Mixing Parameters Begin ------------
mixing_type: broyden
mixing_beta: 0.3
mixing_gg0: 1
mixing_gg0_min: 0.1
mixing_ndim: 8
----------- Double Check Mixing Parameters End ------------




 >>>>>>>>>>>>>>>>>>>>>>>>>>>>>>>>>>>>>>>>>>>>>>>>>>>>>>>>>>>>>>>>>>>>>>
 |                                                                    |
 | Setup K-points                                                     |
 | We setup the k-points according to input parameters.               |
 | The reduced k-points are set according to symmetry operations.     |
 | We treat the spin as another set of k-points.                      |
 |                                                                    |
 <<<<<<<<<<<<<<<<<<<<<<<<<<<<<<<<<<<<<<<<<<<<<<<<<<<<<<<<<<<<<<<<<<<<<<





 SETUP K-POINTS
                                    nspin = 1
                   Input type of k points = Monkhorst-Pack(Gamma)
                                   nkstot = 16
K-POINTS DIRECT COORDINATES
 KPOINTS    DIRECT_X    DIRECT_Y    DIRECT_Z  WEIGHT
       1  0.00000000  0.00000000  0.00000000  0.0625
       2  0.50000000  0.00000000  0.00000000  0.0625
       3  0.00000000  0.50000000  0.00000000  0.0625
       4  0.50000000  0.50000000  0.00000000  0.0625
       5  0.00000000  0.00000000  0.25000000  0.0625
       6  0.50000000  0.00000000  0.25000000  0.0625
       7  0.00000000  0.50000000  0.25000000  0.0625
       8  0.50000000  0.50000000  0.25000000  0.0625
       9  0.00000000  0.00000000  0.50000000  0.0625
      10  0.50000000  0.00000000  0.50000000  0.0625
      11  0.00000000  0.50000000  0.50000000  0.0625
      12  0.50000000  0.50000000  0.50000000  0.0625
      13  0.00000000  0.00000000  0.75000000  0.0625
      14  0.50000000  0.00000000  0.75000000  0.0625
      15  0.00000000  0.50000000  0.75000000  0.0625
      16  0.50000000  0.50000000  0.75000000  0.0625


           k-point number in this process = 16
       minimum distributed K point number = 16

K-POINTS CARTESIAN COORDINATES
 KPOINTS CARTESIAN_X CARTESIAN_Y CARTESIAN_Z  WEIGHT
       1  0.00000000  0.00000000  0.00000000  0.1250
       2  0.09031671 -0.00000002 -0.00000075  0.1250
       3 -0.00000002  0.09959953  0.00000160  0.1250
       4  0.09031669  0.09959951  0.00000085  0.1250
       5 -0.00000037  0.00000080  0.04857920  0.1250
       6  0.09031634  0.00000078  0.04857845  0.1250
       7 -0.00000039  0.09960033  0.04858080  0.1250
       8  0.09031632  0.09960031  0.04858005  0.1250
       9 -0.00000074  0.00000159  0.09715841  0.1250
      10  0.09031597  0.00000158  0.09715766  0.1250
      11 -0.00000076  0.09960112  0.09716001  0.1250
      12  0.09031595  0.09960110  0.09715926  0.1250
      13 -0.00000112  0.00000239  0.14573761  0.1250
      14  0.09031560  0.00000237  0.14573686  0.1250
      15 -0.00000113  0.09960192  0.14573921  0.1250
      16  0.09031558  0.09960190  0.14573846  0.1250


K-POINTS DIRECT COORDINATES
 KPOINTS    DIRECT_X    DIRECT_Y    DIRECT_Z  WEIGHT
       1  0.00000000  0.00000000  0.00000000  0.1250
       2  0.50000000  0.00000000  0.00000000  0.1250
       3  0.00000000  0.50000000  0.00000000  0.1250
       4  0.50000000  0.50000000  0.00000000  0.1250
       5  0.00000000  0.00000000  0.25000000  0.1250
       6  0.50000000  0.00000000  0.25000000  0.1250
       7  0.00000000  0.50000000  0.25000000  0.1250
       8  0.50000000  0.50000000  0.25000000  0.1250
       9  0.00000000  0.00000000  0.50000000  0.1250
      10  0.50000000  0.00000000  0.50000000  0.1250
      11  0.00000000  0.50000000  0.50000000  0.1250
      12  0.50000000  0.50000000  0.50000000  0.1250
      13  0.00000000  0.00000000  0.75000000  0.1250
      14  0.50000000  0.00000000  0.75000000  0.1250
      15  0.00000000  0.50000000  0.75000000  0.1250
      16  0.50000000  0.50000000  0.75000000  0.1250

 DONE : INIT K-POINTS Time : 0.90514 (SEC)





 >>>>>>>>>>>>>>>>>>>>>>>>>>>>>>>>>>>>>>>>>>>>>>>>>>>>>>>>>>>>>>>>>>>>>>
 |                                                                    |
 | Setup plane waves of wave functions:                               |
 | Use the energy cutoff and the lattice vectors to generate the      |
 | dimensions of FFT grid. The number of FFT grid on each processor   |
 | is 'nrxx'. The number of plane wave basis in reciprocal space is   |
 | different for charege/potential and wave functions. We also set    |
 | the 'sticks' for the parallel of FFT. The number of plane wave of  |
 | each k-point is 'npwk[ik]' in each processor                       |
 <<<<<<<<<<<<<<<<<<<<<<<<<<<<<<<<<<<<<<<<<<<<<<<<<<<<<<<<<<<<<<<<<<<<<<





 SETUP PLANE WAVES FOR WAVE FUNCTIONS
     energy cutoff for wavefunc (unit:Ry) = 100
              fft grid for wave functions = [ 72, 64, 64 ]
                    number of plane waves = 19675
                         number of sticks = 887

 PARALLEL PW FOR WAVE FUNCTIONS
     PROC   COLUMNS(POT)             PW
        1             27            613
        2             27            613
        3             27            613
        4             27            613
        5             27            613
        6             28            618
        7             28            618
        8             28            618
        9             28            618
       10             28            616
       11             28            616
       12             28            616
       13             28            616
       14             28            616
       15             28            616
       16             28            616
       17             28            616
       18             28            616
       19             28            616
       20             28            618
       21             28            616
       22             28            616
       23             28            614
       24             28            614
       25             28            614
       26             28            614
       27             28            614
       28             28            614
       29             27            611
       30             27            611
       31             27            611
       32             27            611
 --------------- sum -------------------
       32            887          19675
 DONE : INIT PLANEWAVE Time : 0.926112 (SEC)

 SET NONLOCAL PSEUDOPOTENTIAL PROJECTORS
 SET NONLOCAL PSEUDOPOTENTIAL PROJECTORS
 max number of nonlocal projetors among all species is 8
 DONE : LOCAL POTENTIAL Time : 1.55936 (SEC)


 -------------------------------------------
 NONSELF-CONSISTENT
 -------------------------------------------




 >>>>>>>>>>>>>>>>>>>>>>>>>>>>>>>>>>>>>>>>>>>>>>>>>>>>>>>>>>>>>>>>>>>>>>
 |                                                                    |
 | Search adjacent atoms:                                             |
 | Set the adjacent atoms for each atom and set the periodic boundary |
 | condition for the atoms on real space FFT grid. For k-dependent    |
 | algorithm, we also need to set the sparse H and S matrix element   |
 | for each atom.                                                     |
 |                                                                    |
 <<<<<<<<<<<<<<<<<<<<<<<<<<<<<<<<<<<<<<<<<<<<<<<<<<<<<<<<<<<<<<<<<<<<<<





 SETUP SEARCHING RADIUS FOR PROGRAM TO SEARCH ADJACENT ATOMS
                  longest orb rcut (Bohr) = 10
   longest nonlocal projector rcut (Bohr) = 2.46
                     search radius (Bohr) = 24.9
              searching radius is (Bohr)) = 24.9
         searching radius unit is (Bohr)) = 1.89
                         PeriodicBoundary = 1
                        Radius(unit:lat0) = 13.2
                                   glayer = [ 4, 4, 4 ]
                             glayer_minus = [ 3, 3, 3 ]

Find the coordinate range of the input atom(unit:lat0).
                                  min_tau = [ -16.4, -15, -14.4 ]
                                  max_tau = [ 21.8, 19, 20.6 ]
                                BoxNumber = [ 7, 7, 7 ]

 SETUP EXTENDED REAL SPACE GRID FOR GRID INTEGRATION
                          real space grid = [ 72, 64, 64 ]
                 big cell numbers in grid = [ 18, 32, 32 ]
             meshcell numbers in big cell = [ 4, 2, 2 ]
                        extended fft grid = [ 18, 34, 33 ]
                dimension of extened grid = [ 55, 101, 99 ]
                            UnitCellTotal = 100
              Atom number in sub-FFT-grid = 12
    Local orbitals number in sub-FFT-grid = 212
                                ParaV.nnr = 76134

 Warning_Memory_Consuming allocated:  Gint::hRGint 12.1 MB

 Warning_Memory_Consuming allocated:  Gint::DMRGint 12.1 MB
                                 init_chg = file
 try to read charge from file
 Find the file OUT.ABACUS//SPIN1_CHG.cube , try to read it.
 Read in the charge density: OUT.ABACUS//SPIN1_CHG.cube
 DONE : INIT SCF Time : 2.17042 (SEC)


 LCAO ALGORITHM --------------- ION=   1  ELEC=   1--------------------------------
 Energy (eV) & Occupations  for spin=1 K-point=1
      1       -49.7568       0.125000
      2       -49.7427       0.125000
      3       -49.7407       0.125000
      4       -49.7377       0.125000
      5       -19.5831       0.125000
      6       -19.5268       0.125000
      7       -19.5187       0.125000
      8       -19.3540       0.125000
      9       -19.3300       0.125000
     10       -19.3188       0.125000
     11       -19.3018       0.125000
     12       -19.2739       0.125000
     13       -19.2373       0.125000
     14       -19.2056       0.125000
     15       -19.1755       0.125000
     16       -19.1660       0.125000
     17       -7.54083       0.125000
     18       -6.40030       0.125000
     19       -6.16433       0.125000
     20       -6.10907       0.125000
     21       -5.99820       0.125000
     22       -5.75709       0.125000
     23       -5.67424       0.125000
     24       -5.61616       0.125000
     25        4.94894       0.125000
     26        5.07134       0.125000
     27        5.65951       0.125000
     28        5.73637       0.125000
     29        5.77520       0.125000
     30        6.00646       0.125000
     31        6.80766       0.125000
     32        7.04207       0.125000
     33        7.35041       0.125000
     34        7.55892       0.125000
     35        7.61382       0.125000
     36        7.71419       0.125000
     37        8.07452       0.125000
     38        8.10983       0.125000
     39        8.18911       0.125000
     40        8.41608       0.125000
     41        8.43020       0.125000
     42        8.88062       0.125000
     43        9.20014       0.125000
     44        9.46788       0.125000
     45        9.51209       0.125000
     46        9.81808       0.125000
     47        9.86582       0.125000
     48        9.94850       0.125000
     49        15.3277        0.00000
     50        15.3280        0.00000
     51        15.5944        0.00000
     52        15.6091        0.00000
     53        15.7251        0.00000
     54        15.8184        0.00000
     55        15.9915        0.00000
     56        16.1990        0.00000
     57        16.2212        0.00000
     58        16.6902        0.00000
 Energy (eV) & Occupations  for spin=1 K-point=2
      1       -49.7510       0.125000
      2       -49.7509       0.125000
      3       -49.7380       0.125000
      4       -49.7379       0.125000
      5       -19.4893       0.125000
      6       -19.4893       0.125000
      7       -19.4235       0.125000
      8       -19.4234       0.125000
      9       -19.4025       0.125000
     10       -19.4024       0.125000
     11       -19.2767       0.125000
     12       -19.2766       0.125000
     13       -19.2072       0.125000
     14       -19.2071       0.125000
     15       -19.2037       0.125000
     16       -19.2036       0.125000
     17       -6.88272       0.125000
     18       -6.88264       0.125000
     19       -6.05313       0.125000
     20       -6.05306       0.125000
     21       -5.88572       0.125000
     22       -5.88567       0.125000
     23       -5.86244       0.125000
     24       -5.86239       0.125000
     25        5.82335       0.125000
     26        5.82342       0.125000
     27        5.85451       0.125000
     28        5.85455       0.125000
     29        6.20914       0.125000
     30        6.20918       0.125000
     31        6.60013       0.125000
     32        6.60033       0.125000
     33        7.01590       0.125000
     34        7.01593       0.125000
     35        7.49916       0.125000
     36        7.49918       0.125000
     37        8.02751       0.125000
     38        8.02758       0.125000
     39        8.24201       0.125000
     40        8.24216       0.125000
     41        8.57543       0.125000
     42        8.57560       0.125000
     43        9.07910       0.125000
     44        9.07920       0.125000
     45        9.18445       0.125000
     46        9.18447       0.125000
     47        9.78350       0.125000
     48        9.78350       0.125000
     49        15.3856        0.00000
     50        15.3856        0.00000
     51        15.7444        0.00000
     52        15.7444        0.00000
     53        16.0473        0.00000
     54        16.0475        0.00000
     55        16.3486        0.00000
     56        16.3487        0.00000
     57        16.8073        0.00000
     58        16.8074        0.00000
 Energy (eV) & Occupations  for spin=1 K-point=3
      1       -49.7509       0.125000
      2       -49.7487       0.125000
      3       -49.7395       0.125000
      4       -49.7389       0.125000
      5       -19.4760       0.125000
      6       -19.4406       0.125000
      7       -19.4393       0.125000
      8       -19.4161       0.125000
      9       -19.3604       0.125000
     10       -19.3480       0.125000
     11       -19.2993       0.125000
     12       -19.2962       0.125000
     13       -19.2448       0.125000
     14       -19.2384       0.125000
     15       -19.2332       0.125000
     16       -19.2275       0.125000
     17       -6.81557       0.125000
     18       -6.60702       0.125000
     19       -6.11872       0.125000
     20       -6.07446       0.125000
     21       -6.05089       0.125000
     22       -5.93361       0.125000
     23       -5.90915       0.125000
     24       -5.84302       0.125000
     25        5.48402       0.125000
     26        5.48408       0.125000
     27        5.99032       0.125000
     28        6.12007       0.125000
     29        6.13989       0.125000
     30        6.25071       0.125000
     31        6.30637       0.125000
     32        6.49112       0.125000
     33        6.68004       0.125000
     34        6.85642       0.125000
     35        7.69399       0.125000
     36        7.85710       0.125000
     37        7.94375       0.125000
     38        8.13399       0.125000
     39        8.43690       0.125000
     40        8.44528       0.125000
     41        8.51747       0.125000
     42        8.72448       0.125000
     43        9.00377       0.125000
     44        9.00566       0.125000
     45        9.77369       0.125000
     46        9.79069       0.125000
     47        9.81018       0.125000
     48        9.81034       0.125000
     49        15.2974        0.00000
     50        15.6778        0.00000
     51        15.8399        0.00000
     52        15.8561        0.00000
     53        16.0181        0.00000
     54        16.1071        0.00000
     55        16.3709        0.00000
     56        16.3885        0.00000
     57        16.5463        0.00000
     58        16.7515        0.00000
 Energy (eV) & Occupations  for spin=1 K-point=4
      1       -49.7495       0.125000
      2       -49.7494       0.125000
      3       -49.7395       0.125000
      4       -49.7394       0.125000
      5       -19.4887       0.125000
      6       -19.4887       0.125000
      7       -19.4272       0.125000
      8       -19.4271       0.125000
      9       -19.3857       0.125000
     10       -19.3857       0.125000
     11       -19.2564       0.125000
     12       -19.2564       0.125000
     13       -19.2495       0.125000
     14       -19.2494       0.125000
     15       -19.2004       0.125000
     16       -19.2004       0.125000
     17       -6.74785       0.125000
     18       -6.74782       0.125000
     19       -6.31468       0.125000
     20       -6.31460       0.125000
     21       -5.88505       0.125000
     22       -5.88498       0.125000
     23       -5.72379       0.125000
     24       -5.72374       0.125000
     25        5.54220       0.125000
     26        5.54230       0.125000
     27        5.84854       0.125000
     28        5.84862       0.125000
     29        6.30586       0.125000
     30        6.30595       0.125000
     31        7.10235       0.125000
     32        7.10243       0.125000
     33        7.23881       0.125000
     34        7.23896       0.125000
     35        7.46165       0.125000
     36        7.46181       0.125000
     37        7.78965       0.125000
     38        7.78976       0.125000
     39        7.85190       0.125000
     40        7.85193       0.125000
     41        8.92950       0.125000
     42        8.92952       0.125000
     43        9.03027       0.125000
     44        9.03031       0.125000
     45        9.24321       0.125000
     46        9.24323       0.125000
     47        9.59879       0.125000
     48        9.59883       0.125000
     49        15.5601        0.00000
     50        15.5603        0.00000
     51        15.7224        0.00000
     52        15.7225        0.00000
     53        16.0861        0.00000
     54        16.0862        0.00000
     55        16.1456        0.00000
     56        16.1456        0.00000
     57        16.7676        0.00000
     58        16.7677        0.00000
 Energy (eV) & Occupations  for spin=1 K-point=5
      1       -49.7540       0.125000
      2       -49.7424       0.125000
      3       -49.7410       0.125000
      4       -49.7405       0.125000
      5       -19.5342       0.125000
      6       -19.5324       0.125000
      7       -19.4802       0.125000
      8       -19.4362       0.125000
      9       -19.3097       0.125000
     10       -19.2938       0.125000
     11       -19.2808       0.125000
     12       -19.2767       0.125000
     13       -19.2461       0.125000
     14       -19.2124       0.125000
     15       -19.2081       0.125000
     16       -19.1917       0.125000
     17       -7.30842       0.125000
     18       -6.37074       0.125000
     19       -6.31916       0.125000
     20       -6.25181       0.125000
     21       -5.88962       0.125000
     22       -5.78386       0.125000
     23       -5.71069       0.125000
     24       -5.64107       0.125000
     25        5.17487       0.125000
     26        5.20732       0.125000
     27        5.55808       0.125000
     28        5.85878       0.125000
     29        5.90477       0.125000
     30        6.55403       0.125000
     31        6.58590       0.125000
     32        6.74786       0.125000
     33        6.91129       0.125000
     34        7.48746       0.125000
     35        7.51917       0.125000
     36        7.59225       0.125000
     37        7.73021       0.125000
     38        8.21685       0.125000
     39        8.57619       0.125000
     40        8.57900       0.125000
     41        8.61101       0.125000
     42        8.77530       0.125000
     43        9.01975       0.125000
     44        9.29306       0.125000
     45        9.41376       0.125000
     46        9.76907       0.125000
     47        9.76930       0.125000
     48        9.99463       0.125000
     49        15.1870        0.00000
     50        15.2803        0.00000
     51        15.4202        0.00000
     52        15.5535        0.00000
     53        15.9248        0.00000
     54        16.0969        0.00000
     55        16.1663        0.00000
     56        16.2149        0.00000
     57        16.5531        0.00000
     58        16.6450        0.00000
 Energy (eV) & Occupations  for spin=1 K-point=6
      1       -49.7491       0.125000
      2       -49.7490       0.125000
      3       -49.7399       0.125000
      4       -49.7398       0.125000
      5       -19.4888       0.125000
      6       -19.4888       0.125000
      7       -19.4226       0.125000
      8       -19.4226       0.125000
      9       -19.3835       0.125000
     10       -19.3835       0.125000
     11       -19.2714       0.125000
     12       -19.2714       0.125000
     13       -19.2358       0.125000
     14       -19.2357       0.125000
     15       -19.2041       0.125000
     16       -19.2041       0.125000
     17       -6.74686       0.125000
     18       -6.74679       0.125000
     19       -6.08953       0.125000
     20       -6.08950       0.125000
     21       -5.97283       0.125000
     22       -5.97273       0.125000
     23       -5.88308       0.125000
     24       -5.88302       0.125000
     25        5.81974       0.125000
     26        5.81980       0.125000
     27        5.99745       0.125000
     28        5.99747       0.125000
     29        6.33298       0.125000
     30        6.33304       0.125000
     31        6.61927       0.125000
     32        6.61943       0.125000
     33        7.12099       0.125000
     34        7.12111       0.125000
     35        7.47581       0.125000
     36        7.47597       0.125000
     37        7.72014       0.125000
     38        7.72017       0.125000
     39        8.29671       0.125000
     40        8.29686       0.125000
     41        8.61653       0.125000
     42        8.61660       0.125000
     43        8.81271       0.125000
     44        8.81273       0.125000
     45        9.26069       0.125000
     46        9.26076       0.125000
     47        9.67718       0.125000
     48        9.67723       0.125000
     49        15.3270        0.00000
     50        15.3271        0.00000
     51        15.6049        0.00000
     52        15.6051        0.00000
     53        16.2711        0.00000
     54        16.2712        0.00000
     55        16.3772        0.00000
     56        16.3774        0.00000
     57        16.8943        0.00000
     58        16.8945        0.00000
 Energy (eV) & Occupations  for spin=1 K-point=7
      1       -49.7491       0.125000
      2       -49.7474       0.125000
      3       -49.7408       0.125000
      4       -49.7407       0.125000
      5       -19.4981       0.125000
      6       -19.4741       0.125000
      7       -19.4502       0.125000
      8       -19.4412       0.125000
      9       -19.3710       0.125000
     10       -19.3663       0.125000
     11       -19.2764       0.125000
     12       -19.2666       0.125000
     13       -19.2402       0.125000
     14       -19.2343       0.125000
     15       -19.2035       0.125000
     16       -19.1965       0.125000
     17       -6.72470       0.125000
     18       -6.54688       0.125000
     19       -6.24211       0.125000
     20       -6.17276       0.125000
     21       -6.03408       0.125000
     22       -5.91648       0.125000
     23       -5.89844       0.125000
     24       -5.84228       0.125000
     25        5.60011       0.125000
     26        5.71141       0.125000
     27        6.00811       0.125000
     28        6.05308       0.125000
     29        6.12949       0.125000
     30        6.32382       0.125000
     31        6.44281       0.125000
     32        6.53583       0.125000
     33        6.68951       0.125000
     34        6.98817       0.125000
     35        7.63697       0.125000
     36        7.72573       0.125000
     37        8.06589       0.125000
     38        8.08800       0.125000
     39        8.21429       0.125000
     40        8.31528       0.125000
     41        8.46095       0.125000
     42        8.70686       0.125000
     43        9.05069       0.125000
     44        9.16354       0.125000
     45        9.59434       0.125000
     46        9.69399       0.125000
     47        9.71541       0.125000
     48        9.75646       0.125000
     49        15.3823        0.00000
     50        15.4039        0.00000
     51        15.4951        0.00000
     52        15.5767        0.00000
     53        15.9687        0.00000
     54        16.2078        0.00000
     55        16.2089        0.00000
     56        16.3159        0.00000
     57        16.6691        0.00000
     58        16.8391        0.00000
 Energy (eV) & Occupations  for spin=1 K-point=8
      1       -49.7480       0.125000
      2       -49.7479       0.125000
      3       -49.7410       0.125000
      4       -49.7409       0.125000
      5       -19.5420       0.125000
      6       -19.5420       0.125000
      7       -19.4699       0.125000
      8       -19.4699       0.125000
      9       -19.3193       0.125000
     10       -19.3193       0.125000
     11       -19.2574       0.125000
     12       -19.2574       0.125000
     13       -19.2135       0.125000
     14       -19.2135       0.125000
     15       -19.2034       0.125000
     16       -19.2034       0.125000
     17       -6.74303       0.125000
     18       -6.74299       0.125000
     19       -6.35984       0.125000
     20       -6.35971       0.125000
     21       -5.92902       0.125000
     22       -5.92897       0.125000
     23       -5.63930       0.125000
     24       -5.63922       0.125000
     25        5.64189       0.125000
     26        5.64194       0.125000
     27        6.02367       0.125000
     28        6.02373       0.125000
     29        6.18511       0.125000
     30        6.18521       0.125000
     31        6.77268       0.125000
     32        6.77273       0.125000
     33        7.15823       0.125000
     34        7.15832       0.125000
     35        7.54469       0.125000
     36        7.54475       0.125000
     37        8.05211       0.125000
     38        8.05215       0.125000
     39        8.38259       0.125000
     40        8.38264       0.125000
     41        8.74947       0.125000
     42        8.74951       0.125000
     43        8.87896       0.125000
     44        8.87901       0.125000
     45        9.14084       0.125000
     46        9.14089       0.125000
     47        9.46616       0.125000
     48        9.46620       0.125000
     49        15.3578        0.00000
     50        15.3579        0.00000
     51        15.4797        0.00000
     52        15.4798        0.00000
     53        16.0873        0.00000
     54        16.0875        0.00000
     55        16.2499        0.00000
     56        16.2501        0.00000
     57        16.6192        0.00000
     58        16.6193        0.00000
 Energy (eV) & Occupations  for spin=1 K-point=9
      1       -49.7474       0.125000
      2       -49.7472       0.125000
      3       -49.7418       0.125000
      4       -49.7416       0.125000
      5       -19.5121       0.125000
      6       -19.5120       0.125000
      7       -19.4166       0.125000
      8       -19.4165       0.125000
      9       -19.3717       0.125000
     10       -19.3716       0.125000
     11       -19.2491       0.125000
     12       -19.2491       0.125000
     13       -19.2290       0.125000
     14       -19.2290       0.125000
     15       -19.2281       0.125000
     16       -19.2280       0.125000
     17       -6.74462       0.125000
     18       -6.74451       0.125000
     19       -6.37399       0.125000
     20       -6.37393       0.125000
     21       -5.91801       0.125000
     22       -5.91798       0.125000
     23       -5.60724       0.125000
     24       -5.60718       0.125000
     25        5.25211       0.125000
     26        5.25219       0.125000
     27        6.15203       0.125000
     28        6.15207       0.125000
     29        6.20503       0.125000
     30        6.20513       0.125000
     31        6.53207       0.125000
     32        6.53222       0.125000
     33        6.83853       0.125000
     34        6.83862       0.125000
     35        7.56286       0.125000
     36        7.56296       0.125000
     37        8.00741       0.125000
     38        8.00746       0.125000
     39        8.43114       0.125000
     40        8.43122       0.125000
     41        8.51021       0.125000
     42        8.51027       0.125000
     43        9.39359       0.125000
     44        9.39373       0.125000
     45        9.54976       0.125000
     46        9.54978       0.125000
     47        9.84135       0.125000
     48        9.84139       0.125000
     49        15.1420        0.00000
     50        15.1423        0.00000
     51        15.4730        0.00000
     52        15.4733        0.00000
     53        15.9158        0.00000
     54        15.9159        0.00000
     55        16.3753        0.00000
     56        16.3755        0.00000
     57        16.8990        0.00000
     58        16.8993        0.00000
 Energy (eV) & Occupations  for spin=1 K-point=10
      1       -49.7446       0.125000
      2       -49.7445       0.125000
      3       -49.7444       0.125000
      4       -49.7444       0.125000
      5       -19.4629       0.125000
      6       -19.4629       0.125000
      7       -19.4629       0.125000
      8       -19.4629       0.125000
      9       -19.3135       0.125000
     10       -19.3133       0.125000
     11       -19.3133       0.125000
     12       -19.3133       0.125000
     13       -19.2287       0.125000
     14       -19.2286       0.125000
     15       -19.2286       0.125000
     16       -19.2286       0.125000
     17       -6.41257       0.125000
     18       -6.41250       0.125000
     19       -6.41245       0.125000
     20       -6.41244       0.125000
     21       -5.93753       0.125000
     22       -5.93747       0.125000
     23       -5.93742       0.125000
     24       -5.93739       0.125000
     25        6.01844       0.125000
     26        6.01847       0.125000
     27        6.01853       0.125000
     28        6.01858       0.125000
     29        6.44613       0.125000
     30        6.44618       0.125000
     31        6.44620       0.125000
     32        6.44622       0.125000
     33        7.34032       0.125000
     34        7.34046       0.125000
     35        7.34049       0.125000
     36        7.34062       0.125000
     37        7.99610       0.125000
     38        7.99620       0.125000
     39        7.99626       0.125000
     40        7.99634       0.125000
     41        8.57360       0.125000
     42        8.57361       0.125000
     43        8.57377       0.125000
     44        8.57379       0.125000
     45        9.42028       0.125000
     46        9.42036       0.125000
     47        9.42038       0.125000
     48        9.42044       0.125000
     49        15.4248        0.00000
     50        15.4249        0.00000
     51        15.4250        0.00000
     52        15.4251        0.00000
     53        16.4100        0.00000
     54        16.4102        0.00000
     55        16.4104        0.00000
     56        16.4105        0.00000
     57        17.1600        0.00000
     58        17.1601        0.00000
 Energy (eV) & Occupations  for spin=1 K-point=11
      1       -49.7450       0.125000
      2       -49.7448       0.125000
      3       -49.7441       0.125000
      4       -49.7440       0.125000
      5       -19.4955       0.125000
      6       -19.4954       0.125000
      7       -19.4869       0.125000
      8       -19.4869       0.125000
      9       -19.3280       0.125000
     10       -19.3279       0.125000
     11       -19.3162       0.125000
     12       -19.3161       0.125000
     13       -19.1925       0.125000
     14       -19.1925       0.125000
     15       -19.1895       0.125000
     16       -19.1894       0.125000
     17       -6.49530       0.125000
     18       -6.49520       0.125000
     19       -6.38103       0.125000
     20       -6.38100       0.125000
     21       -5.95033       0.125000
     22       -5.95020       0.125000
     23       -5.87445       0.125000
     24       -5.87442       0.125000
     25        5.91318       0.125000
     26        5.91322       0.125000
     27        6.06081       0.125000
     28        6.06085       0.125000
     29        6.27239       0.125000
     30        6.27248       0.125000
     31        6.30775       0.125000
     32        6.30787       0.125000
     33        7.06809       0.125000
     34        7.06813       0.125000
     35        7.41007       0.125000
     36        7.41012       0.125000
     37        8.33821       0.125000
     38        8.33828       0.125000
     39        8.34454       0.125000
     40        8.34462       0.125000
     41        8.54670       0.125000
     42        8.54683       0.125000
     43        8.67923       0.125000
     44        8.67934       0.125000
     45        9.65376       0.125000
     46        9.65394       0.125000
     47        9.70539       0.125000
     48        9.70543       0.125000
     49        15.1886        0.00000
     50        15.1887        0.00000
     51        15.5436        0.00000
     52        15.5438        0.00000
     53        15.9548        0.00000
     54        15.9550        0.00000
     55        16.2277        0.00000
     56        16.2278        0.00000
     57        16.6181        0.00000
     58        16.6183        0.00000
 Energy (eV) & Occupations  for spin=1 K-point=12
      1       -49.7446       0.125000
      2       -49.7444       0.125000
      3       -49.7444       0.125000
      4       -49.7444       0.125000
      5       -19.5427       0.125000
      6       -19.5427       0.125000
      7       -19.5427       0.125000
      8       -19.5426       0.125000
      9       -19.2496       0.125000
     10       -19.2495       0.125000
     11       -19.2495       0.125000
     12       -19.2495       0.125000
     13       -19.2095       0.125000
     14       -19.2094       0.125000
     15       -19.2094       0.125000
     16       -19.2094       0.125000
     17       -6.60686       0.125000
     18       -6.60683       0.125000
     19       -6.60678       0.125000
     20       -6.60675       0.125000
     21       -5.72921       0.125000
     22       -5.72917       0.125000
     23       -5.72914       0.125000
     24       -5.72908       0.125000
     25        5.91783       0.125000
     26        5.91787       0.125000
     27        5.91791       0.125000
     28        5.91795       0.125000
     29        6.31684       0.125000
     30        6.31691       0.125000
     31        6.31692       0.125000
     32        6.31699       0.125000
     33        7.59476       0.125000
     34        7.59484       0.125000
     35        7.59493       0.125000
     36        7.59499       0.125000
     37        8.13354       0.125000
     38        8.13367       0.125000
     39        8.13368       0.125000
     40        8.13381       0.125000
     41        8.85511       0.125000
     42        8.85517       0.125000
     43        8.85520       0.125000
     44        8.85528       0.125000
     45        9.21753       0.125000
     46        9.21755       0.125000
     47        9.21759       0.125000
     48        9.21762       0.125000
     49        15.2283        0.00000
     50        15.2284        0.00000
     51        15.2287        0.00000
     52        15.2287        0.00000
     53        16.1917        0.00000
     54        16.1919        0.00000
     55        16.1921        0.00000
     56        16.1923        0.00000
     57        16.5503        0.00000
     58        16.5504        0.00000
 Energy (eV) & Occupations  for spin=1 K-point=13
      1       -49.7540       0.125000
      2       -49.7424       0.125000
      3       -49.7410       0.125000
      4       -49.7405       0.125000
      5       -19.5342       0.125000
      6       -19.5324       0.125000
      7       -19.4802       0.125000
      8       -19.4362       0.125000
      9       -19.3097       0.125000
     10       -19.2938       0.125000
     11       -19.2808       0.125000
     12       -19.2767       0.125000
     13       -19.2461       0.125000
     14       -19.2124       0.125000
     15       -19.2081       0.125000
     16       -19.1917       0.125000
     17       -7.30842       0.125000
     18       -6.37074       0.125000
     19       -6.31916       0.125000
     20       -6.25181       0.125000
     21       -5.88962       0.125000
     22       -5.78386       0.125000
     23       -5.71069       0.125000
     24       -5.64107       0.125000
     25        5.17487       0.125000
     26        5.20732       0.125000
     27        5.55808       0.125000
     28        5.85878       0.125000
     29        5.90477       0.125000
     30        6.55403       0.125000
     31        6.58590       0.125000
     32        6.74786       0.125000
     33        6.91129       0.125000
     34        7.48746       0.125000
     35        7.51917       0.125000
     36        7.59225       0.125000
     37        7.73021       0.125000
     38        8.21685       0.125000
     39        8.57619       0.125000
     40        8.57900       0.125000
     41        8.61101       0.125000
     42        8.77530       0.125000
     43        9.01975       0.125000
     44        9.29306       0.125000
     45        9.41376       0.125000
     46        9.76907       0.125000
     47        9.76930       0.125000
     48        9.99463       0.125000
     49        15.1870        0.00000
     50        15.2803        0.00000
     51        15.4202        0.00000
     52        15.5535        0.00000
     53        15.9248        0.00000
     54        16.0969        0.00000
     55        16.1663        0.00000
     56        16.2149        0.00000
     57        16.5531        0.00000
     58        16.6450        0.00000
 Energy (eV) & Occupations  for spin=1 K-point=14
      1       -49.7491       0.125000
      2       -49.7490       0.125000
      3       -49.7399       0.125000
      4       -49.7398       0.125000
      5       -19.4888       0.125000
      6       -19.4888       0.125000
      7       -19.4226       0.125000
      8       -19.4226       0.125000
      9       -19.3835       0.125000
     10       -19.3835       0.125000
     11       -19.2714       0.125000
     12       -19.2714       0.125000
     13       -19.2358       0.125000
     14       -19.2357       0.125000
     15       -19.2041       0.125000
     16       -19.2041       0.125000
     17       -6.74686       0.125000
     18       -6.74679       0.125000
     19       -6.08953       0.125000
     20       -6.08950       0.125000
     21       -5.97283       0.125000
     22       -5.97273       0.125000
     23       -5.88308       0.125000
     24       -5.88302       0.125000
     25        5.81974       0.125000
     26        5.81980       0.125000
     27        5.99745       0.125000
     28        5.99747       0.125000
     29        6.33298       0.125000
     30        6.33304       0.125000
     31        6.61927       0.125000
     32        6.61943       0.125000
     33        7.12099       0.125000
     34        7.12111       0.125000
     35        7.47581       0.125000
     36        7.47597       0.125000
     37        7.72014       0.125000
     38        7.72017       0.125000
     39        8.29671       0.125000
     40        8.29686       0.125000
     41        8.61653       0.125000
     42        8.61660       0.125000
     43        8.81271       0.125000
     44        8.81273       0.125000
     45        9.26069       0.125000
     46        9.26076       0.125000
     47        9.67718       0.125000
     48        9.67723       0.125000
     49        15.3270        0.00000
     50        15.3271        0.00000
     51        15.6049        0.00000
     52        15.6051        0.00000
     53        16.2711        0.00000
     54        16.2712        0.00000
     55        16.3772        0.00000
     56        16.3774        0.00000
     57        16.8943        0.00000
     58        16.8945        0.00000
 Energy (eV) & Occupations  for spin=1 K-point=15
      1       -49.7491       0.125000
      2       -49.7474       0.125000
      3       -49.7408       0.125000
      4       -49.7407       0.125000
      5       -19.4981       0.125000
      6       -19.4741       0.125000
      7       -19.4502       0.125000
      8       -19.4412       0.125000
      9       -19.3710       0.125000
     10       -19.3663       0.125000
     11       -19.2764       0.125000
     12       -19.2666       0.125000
     13       -19.2402       0.125000
     14       -19.2343       0.125000
     15       -19.2035       0.125000
     16       -19.1965       0.125000
     17       -6.72470       0.125000
     18       -6.54688       0.125000
     19       -6.24211       0.125000
     20       -6.17276       0.125000
     21       -6.03408       0.125000
     22       -5.91648       0.125000
     23       -5.89844       0.125000
     24       -5.84228       0.125000
     25        5.60011       0.125000
     26        5.71141       0.125000
     27        6.00811       0.125000
     28        6.05308       0.125000
     29        6.12949       0.125000
     30        6.32382       0.125000
     31        6.44281       0.125000
     32        6.53583       0.125000
     33        6.68951       0.125000
     34        6.98817       0.125000
     35        7.63697       0.125000
     36        7.72573       0.125000
     37        8.06589       0.125000
     38        8.08800       0.125000
     39        8.21429       0.125000
     40        8.31528       0.125000
     41        8.46095       0.125000
     42        8.70686       0.125000
     43        9.05069       0.125000
     44        9.16354       0.125000
     45        9.59434       0.125000
     46        9.69399       0.125000
     47        9.71541       0.125000
     48        9.75646       0.125000
     49        15.3823        0.00000
     50        15.4039        0.00000
     51        15.4951        0.00000
     52        15.5767        0.00000
     53        15.9687        0.00000
     54        16.2078        0.00000
     55        16.2089        0.00000
     56        16.3159        0.00000
     57        16.6691        0.00000
     58        16.8391        0.00000
 Energy (eV) & Occupations  for spin=1 K-point=16
      1       -49.7480       0.125000
      2       -49.7479       0.125000
      3       -49.7410       0.125000
      4       -49.7409       0.125000
      5       -19.5420       0.125000
      6       -19.5420       0.125000
      7       -19.4699       0.125000
      8       -19.4699       0.125000
      9       -19.3193       0.125000
     10       -19.3193       0.125000
     11       -19.2574       0.125000
     12       -19.2574       0.125000
     13       -19.2135       0.125000
     14       -19.2135       0.125000
     15       -19.2034       0.125000
     16       -19.2034       0.125000
     17       -6.74303       0.125000
     18       -6.74299       0.125000
     19       -6.35984       0.125000
     20       -6.35971       0.125000
     21       -5.92902       0.125000
     22       -5.92897       0.125000
     23       -5.63930       0.125000
     24       -5.63922       0.125000
     25        5.64189       0.125000
     26        5.64194       0.125000
     27        6.02367       0.125000
     28        6.02373       0.125000
     29        6.18511       0.125000
     30        6.18521       0.125000
     31        6.77268       0.125000
     32        6.77273       0.125000
     33        7.15823       0.125000
     34        7.15832       0.125000
     35        7.54469       0.125000
     36        7.54475       0.125000
     37        8.05211       0.125000
     38        8.05215       0.125000
     39        8.38259       0.125000
     40        8.38264       0.125000
     41        8.74947       0.125000
     42        8.74951       0.125000
     43        8.87896       0.125000
     44        8.87901       0.125000
     45        9.14084       0.125000
     46        9.14089       0.125000
     47        9.46616       0.125000
     48        9.46620       0.125000
     49        15.3578        0.00000
     50        15.3579        0.00000
     51        15.4797        0.00000
     52        15.4798        0.00000
     53        16.0873        0.00000
     54        16.0875        0.00000
     55        16.2499        0.00000
     56        16.2501        0.00000
     57        16.6192        0.00000
     58        16.6193        0.00000

 Density error is 0.00000000000
----------------------------------------------------------
     Energy           Rydberg                 eV          
----------------------------------------------------------
 E_KohnSham     -719.0463906261      -9783.1280388481     
 E_KS(sigma->0) -719.0463906261      -9783.1280388481     
 E_Harris       -719.0463906261      -9783.1280388481     
 E_band         -43.5222296839       -592.1503133664      
 E_one_elec     -146.6879679400      -1995.7921920259     
 E_Hartree      126.1208887051       1715.9627232138      
 E_xc           -182.3147181205      -2480.5189957029     
 E_Ewald        -516.1645932706      -7022.7795743330     
 E_entropy(-TS) -0.0000000000        -0.0000000000        
 E_descf        0.0000000000         0.0000000000         
 E_exx          0.0000000000         0.0000000000         
 E_Fermi        0.9800965091         13.3348971143        
----------------------------------------------------------


 charge density convergence is achieved
 final etot is -9783.1280388 eV
 EFERMI = 13.334897114 eV

 STATE ENERGY(eV) AND OCCUPATIONS    NSPIN == 1
 1/16 kpoint (Cartesian) = 0.0000 0.0000 0.0000 (506 pws)
       1       -49.7568       0.125000
       2       -49.7427       0.125000
       3       -49.7407       0.125000
       4       -49.7377       0.125000
       5       -19.5831       0.125000
       6       -19.5268       0.125000
       7       -19.5187       0.125000
       8       -19.3540       0.125000
       9       -19.3300       0.125000
      10       -19.3188       0.125000
      11       -19.3018       0.125000
      12       -19.2739       0.125000
      13       -19.2373       0.125000
      14       -19.2056       0.125000
      15       -19.1755       0.125000
      16       -19.1660       0.125000
      17       -7.54083       0.125000
      18       -6.40030       0.125000
      19       -6.16433       0.125000
      20       -6.10907       0.125000
      21       -5.99820       0.125000
      22       -5.75709       0.125000
      23       -5.67424       0.125000
      24       -5.61616       0.125000
      25        4.94894       0.125000
      26        5.07134       0.125000
      27        5.65951       0.125000
      28        5.73637       0.125000
      29        5.77520       0.125000
      30        6.00646       0.125000
      31        6.80766       0.125000
      32        7.04207       0.125000
      33        7.35041       0.125000
      34        7.55892       0.125000
      35        7.61382       0.125000
      36        7.71419       0.125000
      37        8.07452       0.125000
      38        8.10983       0.125000
      39        8.18911       0.125000
      40        8.41608       0.125000
      41        8.43020       0.125000
      42        8.88062       0.125000
      43        9.20014       0.125000
      44        9.46788       0.125000
      45        9.51209       0.125000
      46        9.81808       0.125000
      47        9.86582       0.125000
      48        9.94850       0.125000
      49        15.3277        0.00000
      50        15.3280        0.00000
      51        15.5944        0.00000
      52        15.6091        0.00000
      53        15.7251        0.00000
      54        15.8184        0.00000
      55        15.9915        0.00000
      56        16.1990        0.00000
      57        16.2212        0.00000
      58        16.6902        0.00000

 2/16 kpoint (Cartesian) = 0.090317 -1.7232e-08 -7.5073e-07 (508 pws)
       1       -49.7510       0.125000
       2       -49.7509       0.125000
       3       -49.7380       0.125000
       4       -49.7379       0.125000
       5       -19.4893       0.125000
       6       -19.4893       0.125000
       7       -19.4235       0.125000
       8       -19.4234       0.125000
       9       -19.4025       0.125000
      10       -19.4024       0.125000
      11       -19.2767       0.125000
      12       -19.2766       0.125000
      13       -19.2072       0.125000
      14       -19.2071       0.125000
      15       -19.2037       0.125000
      16       -19.2036       0.125000
      17       -6.88272       0.125000
      18       -6.88264       0.125000
      19       -6.05313       0.125000
      20       -6.05306       0.125000
      21       -5.88572       0.125000
      22       -5.88567       0.125000
      23       -5.86244       0.125000
      24       -5.86239       0.125000
      25        5.82335       0.125000
      26        5.82342       0.125000
      27        5.85451       0.125000
      28        5.85455       0.125000
      29        6.20914       0.125000
      30        6.20918       0.125000
      31        6.60013       0.125000
      32        6.60033       0.125000
      33        7.01590       0.125000
      34        7.01593       0.125000
      35        7.49916       0.125000
      36        7.49918       0.125000
      37        8.02751       0.125000
      38        8.02758       0.125000
      39        8.24201       0.125000
      40        8.24216       0.125000
      41        8.57543       0.125000
      42        8.57560       0.125000
      43        9.07910       0.125000
      44        9.07920       0.125000
      45        9.18445       0.125000
      46        9.18447       0.125000
      47        9.78350       0.125000
      48        9.78350       0.125000
      49        15.3856        0.00000
      50        15.3856        0.00000
      51        15.7444        0.00000
      52        15.7444        0.00000
      53        16.0473        0.00000
      54        16.0475        0.00000
      55        16.3486        0.00000
      56        16.3487        0.00000
      57        16.8073        0.00000
      58        16.8074        0.00000

 3/16 kpoint (Cartesian) = -1.7314e-08 0.099600 1.5995e-06 (508 pws)
       1       -49.7509       0.125000
       2       -49.7487       0.125000
       3       -49.7395       0.125000
       4       -49.7389       0.125000
       5       -19.4760       0.125000
       6       -19.4406       0.125000
       7       -19.4393       0.125000
       8       -19.4161       0.125000
       9       -19.3604       0.125000
      10       -19.3480       0.125000
      11       -19.2993       0.125000
      12       -19.2962       0.125000
      13       -19.2448       0.125000
      14       -19.2384       0.125000
      15       -19.2332       0.125000
      16       -19.2275       0.125000
      17       -6.81557       0.125000
      18       -6.60702       0.125000
      19       -6.11872       0.125000
      20       -6.07446       0.125000
      21       -6.05089       0.125000
      22       -5.93361       0.125000
      23       -5.90915       0.125000
      24       -5.84302       0.125000
      25        5.48402       0.125000
      26        5.48408       0.125000
      27        5.99032       0.125000
      28        6.12007       0.125000
      29        6.13989       0.125000
      30        6.25071       0.125000
      31        6.30637       0.125000
      32        6.49112       0.125000
      33        6.68004       0.125000
      34        6.85642       0.125000
      35        7.69399       0.125000
      36        7.85710       0.125000
      37        7.94375       0.125000
      38        8.13399       0.125000
      39        8.43690       0.125000
      40        8.44528       0.125000
      41        8.51747       0.125000
      42        8.72448       0.125000
      43        9.00377       0.125000
      44        9.00566       0.125000
      45        9.77369       0.125000
      46        9.79069       0.125000
      47        9.81018       0.125000
      48        9.81034       0.125000
      49        15.2974        0.00000
      50        15.6778        0.00000
      51        15.8399        0.00000
      52        15.8561        0.00000
      53        16.0181        0.00000
      54        16.1071        0.00000
      55        16.3709        0.00000
      56        16.3885        0.00000
      57        16.5463        0.00000
      58        16.7515        0.00000

 4/16 kpoint (Cartesian) = 0.090317 0.099600 8.4875e-07 (510 pws)
       1       -49.7495       0.125000
       2       -49.7494       0.125000
       3       -49.7395       0.125000
       4       -49.7394       0.125000
       5       -19.4887       0.125000
       6       -19.4887       0.125000
       7       -19.4272       0.125000
       8       -19.4271       0.125000
       9       -19.3857       0.125000
      10       -19.3857       0.125000
      11       -19.2564       0.125000
      12       -19.2564       0.125000
      13       -19.2495       0.125000
      14       -19.2494       0.125000
      15       -19.2004       0.125000
      16       -19.2004       0.125000
      17       -6.74785       0.125000
      18       -6.74782       0.125000
      19       -6.31468       0.125000
      20       -6.31460       0.125000
      21       -5.88505       0.125000
      22       -5.88498       0.125000
      23       -5.72379       0.125000
      24       -5.72374       0.125000
      25        5.54220       0.125000
      26        5.54230       0.125000
      27        5.84854       0.125000
      28        5.84862       0.125000
      29        6.30586       0.125000
      30        6.30595       0.125000
      31        7.10235       0.125000
      32        7.10243       0.125000
      33        7.23881       0.125000
      34        7.23896       0.125000
      35        7.46165       0.125000
      36        7.46181       0.125000
      37        7.78965       0.125000
      38        7.78976       0.125000
      39        7.85190       0.125000
      40        7.85193       0.125000
      41        8.92950       0.125000
      42        8.92952       0.125000
      43        9.03027       0.125000
      44        9.03031       0.125000
      45        9.24321       0.125000
      46        9.24323       0.125000
      47        9.59879       0.125000
      48        9.59883       0.125000
      49        15.5601        0.00000
      50        15.5603        0.00000
      51        15.7224        0.00000
      52        15.7225        0.00000
      53        16.0861        0.00000
      54        16.0862        0.00000
      55        16.1456        0.00000
      56        16.1456        0.00000
      57        16.7676        0.00000
      58        16.7677        0.00000

 5/16 kpoint (Cartesian) = -3.7169e-07 7.9637e-07 0.048579 (504 pws)
       1       -49.7540       0.125000
       2       -49.7424       0.125000
       3       -49.7410       0.125000
       4       -49.7405       0.125000
       5       -19.5342       0.125000
       6       -19.5324       0.125000
       7       -19.4802       0.125000
       8       -19.4362       0.125000
       9       -19.3097       0.125000
      10       -19.2938       0.125000
      11       -19.2808       0.125000
      12       -19.2767       0.125000
      13       -19.2461       0.125000
      14       -19.2124       0.125000
      15       -19.2081       0.125000
      16       -19.1917       0.125000
      17       -7.30842       0.125000
      18       -6.37074       0.125000
      19       -6.31916       0.125000
      20       -6.25181       0.125000
      21       -5.88962       0.125000
      22       -5.78386       0.125000
      23       -5.71069       0.125000
      24       -5.64107       0.125000
      25        5.17487       0.125000
      26        5.20732       0.125000
      27        5.55808       0.125000
      28        5.85878       0.125000
      29        5.90477       0.125000
      30        6.55403       0.125000
      31        6.58590       0.125000
      32        6.74786       0.125000
      33        6.91129       0.125000
      34        7.48746       0.125000
      35        7.51917       0.125000
      36        7.59225       0.125000
      37        7.73021       0.125000
      38        8.21685       0.125000
      39        8.57619       0.125000
      40        8.57900       0.125000
      41        8.61101       0.125000
      42        8.77530       0.125000
      43        9.01975       0.125000
      44        9.29306       0.125000
      45        9.41376       0.125000
      46        9.76907       0.125000
      47        9.76930       0.125000
      48        9.99463       0.125000
      49        15.1870        0.00000
      50        15.2803        0.00000
      51        15.4202        0.00000
      52        15.5535        0.00000
      53        15.9248        0.00000
      54        16.0969        0.00000
      55        16.1663        0.00000
      56        16.2149        0.00000
      57        16.5531        0.00000
      58        16.6450        0.00000

 6/16 kpoint (Cartesian) = 0.090316 7.7914e-07 0.048578 (503 pws)
       1       -49.7491       0.125000
       2       -49.7490       0.125000
       3       -49.7399       0.125000
       4       -49.7398       0.125000
       5       -19.4888       0.125000
       6       -19.4888       0.125000
       7       -19.4226       0.125000
       8       -19.4226       0.125000
       9       -19.3835       0.125000
      10       -19.3835       0.125000
      11       -19.2714       0.125000
      12       -19.2714       0.125000
      13       -19.2358       0.125000
      14       -19.2357       0.125000
      15       -19.2041       0.125000
      16       -19.2041       0.125000
      17       -6.74686       0.125000
      18       -6.74679       0.125000
      19       -6.08953       0.125000
      20       -6.08950       0.125000
      21       -5.97283       0.125000
      22       -5.97273       0.125000
      23       -5.88308       0.125000
      24       -5.88302       0.125000
      25        5.81974       0.125000
      26        5.81980       0.125000
      27        5.99745       0.125000
      28        5.99747       0.125000
      29        6.33298       0.125000
      30        6.33304       0.125000
      31        6.61927       0.125000
      32        6.61943       0.125000
      33        7.12099       0.125000
      34        7.12111       0.125000
      35        7.47581       0.125000
      36        7.47597       0.125000
      37        7.72014       0.125000
      38        7.72017       0.125000
      39        8.29671       0.125000
      40        8.29686       0.125000
      41        8.61653       0.125000
      42        8.61660       0.125000
      43        8.81271       0.125000
      44        8.81273       0.125000
      45        9.26069       0.125000
      46        9.26076       0.125000
      47        9.67718       0.125000
      48        9.67723       0.125000
      49        15.3270        0.00000
      50        15.3271        0.00000
      51        15.6049        0.00000
      52        15.6051        0.00000
      53        16.2711        0.00000
      54        16.2712        0.00000
      55        16.3772        0.00000
      56        16.3774        0.00000
      57        16.8943        0.00000
      58        16.8945        0.00000

 7/16 kpoint (Cartesian) = -3.8900e-07 0.099600 0.048581 (511 pws)
       1       -49.7491       0.125000
       2       -49.7474       0.125000
       3       -49.7408       0.125000
       4       -49.7407       0.125000
       5       -19.4981       0.125000
       6       -19.4741       0.125000
       7       -19.4502       0.125000
       8       -19.4412       0.125000
       9       -19.3710       0.125000
      10       -19.3663       0.125000
      11       -19.2764       0.125000
      12       -19.2666       0.125000
      13       -19.2402       0.125000
      14       -19.2343       0.125000
      15       -19.2035       0.125000
      16       -19.1965       0.125000
      17       -6.72470       0.125000
      18       -6.54688       0.125000
      19       -6.24211       0.125000
      20       -6.17276       0.125000
      21       -6.03408       0.125000
      22       -5.91648       0.125000
      23       -5.89844       0.125000
      24       -5.84228       0.125000
      25        5.60011       0.125000
      26        5.71141       0.125000
      27        6.00811       0.125000
      28        6.05308       0.125000
      29        6.12949       0.125000
      30        6.32382       0.125000
      31        6.44281       0.125000
      32        6.53583       0.125000
      33        6.68951       0.125000
      34        6.98817       0.125000
      35        7.63697       0.125000
      36        7.72573       0.125000
      37        8.06589       0.125000
      38        8.08800       0.125000
      39        8.21429       0.125000
      40        8.31528       0.125000
      41        8.46095       0.125000
      42        8.70686       0.125000
      43        9.05069       0.125000
      44        9.16354       0.125000
      45        9.59434       0.125000
      46        9.69399       0.125000
      47        9.71541       0.125000
      48        9.75646       0.125000
      49        15.3823        0.00000
      50        15.4039        0.00000
      51        15.4951        0.00000
      52        15.5767        0.00000
      53        15.9687        0.00000
      54        16.2078        0.00000
      55        16.2089        0.00000
      56        16.3159        0.00000
      57        16.6691        0.00000
      58        16.8391        0.00000

 8/16 kpoint (Cartesian) = 0.090316 0.099600 0.048580 (506 pws)
       1       -49.7480       0.125000
       2       -49.7479       0.125000
       3       -49.7410       0.125000
       4       -49.7409       0.125000
       5       -19.5420       0.125000
       6       -19.5420       0.125000
       7       -19.4699       0.125000
       8       -19.4699       0.125000
       9       -19.3193       0.125000
      10       -19.3193       0.125000
      11       -19.2574       0.125000
      12       -19.2574       0.125000
      13       -19.2135       0.125000
      14       -19.2135       0.125000
      15       -19.2034       0.125000
      16       -19.2034       0.125000
      17       -6.74303       0.125000
      18       -6.74299       0.125000
      19       -6.35984       0.125000
      20       -6.35971       0.125000
      21       -5.92902       0.125000
      22       -5.92897       0.125000
      23       -5.63930       0.125000
      24       -5.63922       0.125000
      25        5.64189       0.125000
      26        5.64194       0.125000
      27        6.02367       0.125000
      28        6.02373       0.125000
      29        6.18511       0.125000
      30        6.18521       0.125000
      31        6.77268       0.125000
      32        6.77273       0.125000
      33        7.15823       0.125000
      34        7.15832       0.125000
      35        7.54469       0.125000
      36        7.54475       0.125000
      37        8.05211       0.125000
      38        8.05215       0.125000
      39        8.38259       0.125000
      40        8.38264       0.125000
      41        8.74947       0.125000
      42        8.74951       0.125000
      43        8.87896       0.125000
      44        8.87901       0.125000
      45        9.14084       0.125000
      46        9.14089       0.125000
      47        9.46616       0.125000
      48        9.46620       0.125000
      49        15.3578        0.00000
      50        15.3579        0.00000
      51        15.4797        0.00000
      52        15.4798        0.00000
      53        16.0873        0.00000
      54        16.0875        0.00000
      55        16.2499        0.00000
      56        16.2501        0.00000
      57        16.6192        0.00000
      58        16.6193        0.00000

 9/16 kpoint (Cartesian) = -7.4338e-07 1.5927e-06 0.097158 (502 pws)
       1       -49.7474       0.125000
       2       -49.7472       0.125000
       3       -49.7418       0.125000
       4       -49.7416       0.125000
       5       -19.5121       0.125000
       6       -19.5120       0.125000
       7       -19.4166       0.125000
       8       -19.4165       0.125000
       9       -19.3717       0.125000
      10       -19.3716       0.125000
      11       -19.2491       0.125000
      12       -19.2491       0.125000
      13       -19.2290       0.125000
      14       -19.2290       0.125000
      15       -19.2281       0.125000
      16       -19.2280       0.125000
      17       -6.74462       0.125000
      18       -6.74451       0.125000
      19       -6.37399       0.125000
      20       -6.37393       0.125000
      21       -5.91801       0.125000
      22       -5.91798       0.125000
      23       -5.60724       0.125000
      24       -5.60718       0.125000
      25        5.25211       0.125000
      26        5.25219       0.125000
      27        6.15203       0.125000
      28        6.15207       0.125000
      29        6.20503       0.125000
      30        6.20513       0.125000
      31        6.53207       0.125000
      32        6.53222       0.125000
      33        6.83853       0.125000
      34        6.83862       0.125000
      35        7.56286       0.125000
      36        7.56296       0.125000
      37        8.00741       0.125000
      38        8.00746       0.125000
      39        8.43114       0.125000
      40        8.43122       0.125000
      41        8.51021       0.125000
      42        8.51027       0.125000
      43        9.39359       0.125000
      44        9.39373       0.125000
      45        9.54976       0.125000
      46        9.54978       0.125000
      47        9.84135       0.125000
      48        9.84139       0.125000
      49        15.1420        0.00000
      50        15.1423        0.00000
      51        15.4730        0.00000
      52        15.4733        0.00000
      53        15.9158        0.00000
      54        15.9159        0.00000
      55        16.3753        0.00000
      56        16.3755        0.00000
      57        16.8990        0.00000
      58        16.8993        0.00000

 10/16 kpoint (Cartesian) = 0.090316 1.5755e-06 0.097158 (496 pws)
       1       -49.7446       0.125000
       2       -49.7445       0.125000
       3       -49.7444       0.125000
       4       -49.7444       0.125000
       5       -19.4629       0.125000
       6       -19.4629       0.125000
       7       -19.4629       0.125000
       8       -19.4629       0.125000
       9       -19.3135       0.125000
      10       -19.3133       0.125000
      11       -19.3133       0.125000
      12       -19.3133       0.125000
      13       -19.2287       0.125000
      14       -19.2286       0.125000
      15       -19.2286       0.125000
      16       -19.2286       0.125000
      17       -6.41257       0.125000
      18       -6.41250       0.125000
      19       -6.41245       0.125000
      20       -6.41244       0.125000
      21       -5.93753       0.125000
      22       -5.93747       0.125000
      23       -5.93742       0.125000
      24       -5.93739       0.125000
      25        6.01844       0.125000
      26        6.01847       0.125000
      27        6.01853       0.125000
      28        6.01858       0.125000
      29        6.44613       0.125000
      30        6.44618       0.125000
      31        6.44620       0.125000
      32        6.44622       0.125000
      33        7.34032       0.125000
      34        7.34046       0.125000
      35        7.34049       0.125000
      36        7.34062       0.125000
      37        7.99610       0.125000
      38        7.99620       0.125000
      39        7.99626       0.125000
      40        7.99634       0.125000
      41        8.57360       0.125000
      42        8.57361       0.125000
      43        8.57377       0.125000
      44        8.57379       0.125000
      45        9.42028       0.125000
      46        9.42036       0.125000
      47        9.42038       0.125000
      48        9.42044       0.125000
      49        15.4248        0.00000
      50        15.4249        0.00000
      51        15.4250        0.00000
      52        15.4251        0.00000
      53        16.4100        0.00000
      54        16.4102        0.00000
      55        16.4104        0.00000
      56        16.4105        0.00000
      57        17.1600        0.00000
      58        17.1601        0.00000

 11/16 kpoint (Cartesian) = -7.6069e-07 0.099601 0.097160 (507 pws)
       1       -49.7450       0.125000
       2       -49.7448       0.125000
       3       -49.7441       0.125000
       4       -49.7440       0.125000
       5       -19.4955       0.125000
       6       -19.4954       0.125000
       7       -19.4869       0.125000
       8       -19.4869       0.125000
       9       -19.3280       0.125000
      10       -19.3279       0.125000
      11       -19.3162       0.125000
      12       -19.3161       0.125000
      13       -19.1925       0.125000
      14       -19.1925       0.125000
      15       -19.1895       0.125000
      16       -19.1894       0.125000
      17       -6.49530       0.125000
      18       -6.49520       0.125000
      19       -6.38103       0.125000
      20       -6.38100       0.125000
      21       -5.95033       0.125000
      22       -5.95020       0.125000
      23       -5.87445       0.125000
      24       -5.87442       0.125000
      25        5.91318       0.125000
      26        5.91322       0.125000
      27        6.06081       0.125000
      28        6.06085       0.125000
      29        6.27239       0.125000
      30        6.27248       0.125000
      31        6.30775       0.125000
      32        6.30787       0.125000
      33        7.06809       0.125000
      34        7.06813       0.125000
      35        7.41007       0.125000
      36        7.41012       0.125000
      37        8.33821       0.125000
      38        8.33828       0.125000
      39        8.34454       0.125000
      40        8.34462       0.125000
      41        8.54670       0.125000
      42        8.54683       0.125000
      43        8.67923       0.125000
      44        8.67934       0.125000
      45        9.65376       0.125000
      46        9.65394       0.125000
      47        9.70539       0.125000
      48        9.70543       0.125000
      49        15.1886        0.00000
      50        15.1887        0.00000
      51        15.5436        0.00000
      52        15.5438        0.00000
      53        15.9548        0.00000
      54        15.9550        0.00000
      55        16.2277        0.00000
      56        16.2278        0.00000
      57        16.6181        0.00000
      58        16.6183        0.00000

 12/16 kpoint (Cartesian) = 0.090316 0.099601 0.097159 (510 pws)
       1       -49.7446       0.125000
       2       -49.7444       0.125000
       3       -49.7444       0.125000
       4       -49.7444       0.125000
       5       -19.5427       0.125000
       6       -19.5427       0.125000
       7       -19.5427       0.125000
       8       -19.5426       0.125000
       9       -19.2496       0.125000
      10       -19.2495       0.125000
      11       -19.2495       0.125000
      12       -19.2495       0.125000
      13       -19.2095       0.125000
      14       -19.2094       0.125000
      15       -19.2094       0.125000
      16       -19.2094       0.125000
      17       -6.60686       0.125000
      18       -6.60683       0.125000
      19       -6.60678       0.125000
      20       -6.60675       0.125000
      21       -5.72921       0.125000
      22       -5.72917       0.125000
      23       -5.72914       0.125000
      24       -5.72908       0.125000
      25        5.91783       0.125000
      26        5.91787       0.125000
      27        5.91791       0.125000
      28        5.91795       0.125000
      29        6.31684       0.125000
      30        6.31691       0.125000
      31        6.31692       0.125000
      32        6.31699       0.125000
      33        7.59476       0.125000
      34        7.59484       0.125000
      35        7.59493       0.125000
      36        7.59499       0.125000
      37        8.13354       0.125000
      38        8.13367       0.125000
      39        8.13368       0.125000
      40        8.13381       0.125000
      41        8.85511       0.125000
      42        8.85517       0.125000
      43        8.85520       0.125000
      44        8.85528       0.125000
      45        9.21753       0.125000
      46        9.21755       0.125000
      47        9.21759       0.125000
      48        9.21762       0.125000
      49        15.2283        0.00000
      50        15.2284        0.00000
      51        15.2287        0.00000
      52        15.2287        0.00000
      53        16.1917        0.00000
      54        16.1919        0.00000
      55        16.1921        0.00000
      56        16.1923        0.00000
      57        16.5503        0.00000
      58        16.5504        0.00000

 13/16 kpoint (Cartesian) = -1.1151e-06 2.3891e-06 0.14574 (504 pws)
       1       -49.7540       0.125000
       2       -49.7424       0.125000
       3       -49.7410       0.125000
       4       -49.7405       0.125000
       5       -19.5342       0.125000
       6       -19.5324       0.125000
       7       -19.4802       0.125000
       8       -19.4362       0.125000
       9       -19.3097       0.125000
      10       -19.2938       0.125000
      11       -19.2808       0.125000
      12       -19.2767       0.125000
      13       -19.2461       0.125000
      14       -19.2124       0.125000
      15       -19.2081       0.125000
      16       -19.1917       0.125000
      17       -7.30842       0.125000
      18       -6.37074       0.125000
      19       -6.31916       0.125000
      20       -6.25181       0.125000
      21       -5.88962       0.125000
      22       -5.78386       0.125000
      23       -5.71069       0.125000
      24       -5.64107       0.125000
      25        5.17487       0.125000
      26        5.20732       0.125000
      27        5.55808       0.125000
      28        5.85878       0.125000
      29        5.90477       0.125000
      30        6.55403       0.125000
      31        6.58590       0.125000
      32        6.74786       0.125000
      33        6.91129       0.125000
      34        7.48746       0.125000
      35        7.51917       0.125000
      36        7.59225       0.125000
      37        7.73021       0.125000
      38        8.21685       0.125000
      39        8.57619       0.125000
      40        8.57900       0.125000
      41        8.61101       0.125000
      42        8.77530       0.125000
      43        9.01975       0.125000
      44        9.29306       0.125000
      45        9.41376       0.125000
      46        9.76907       0.125000
      47        9.76930       0.125000
      48        9.99463       0.125000
      49        15.1870        0.00000
      50        15.2803        0.00000
      51        15.4202        0.00000
      52        15.5535        0.00000
      53        15.9248        0.00000
      54        16.0969        0.00000
      55        16.1663        0.00000
      56        16.2149        0.00000
      57        16.5531        0.00000
      58        16.6450        0.00000

 14/16 kpoint (Cartesian) = 0.090316 2.3719e-06 0.14574 (503 pws)
       1       -49.7491       0.125000
       2       -49.7490       0.125000
       3       -49.7399       0.125000
       4       -49.7398       0.125000
       5       -19.4888       0.125000
       6       -19.4888       0.125000
       7       -19.4226       0.125000
       8       -19.4226       0.125000
       9       -19.3835       0.125000
      10       -19.3835       0.125000
      11       -19.2714       0.125000
      12       -19.2714       0.125000
      13       -19.2358       0.125000
      14       -19.2357       0.125000
      15       -19.2041       0.125000
      16       -19.2041       0.125000
      17       -6.74686       0.125000
      18       -6.74679       0.125000
      19       -6.08953       0.125000
      20       -6.08950       0.125000
      21       -5.97283       0.125000
      22       -5.97273       0.125000
      23       -5.88308       0.125000
      24       -5.88302       0.125000
      25        5.81974       0.125000
      26        5.81980       0.125000
      27        5.99745       0.125000
      28        5.99747       0.125000
      29        6.33298       0.125000
      30        6.33304       0.125000
      31        6.61927       0.125000
      32        6.61943       0.125000
      33        7.12099       0.125000
      34        7.12111       0.125000
      35        7.47581       0.125000
      36        7.47597       0.125000
      37        7.72014       0.125000
      38        7.72017       0.125000
      39        8.29671       0.125000
      40        8.29686       0.125000
      41        8.61653       0.125000
      42        8.61660       0.125000
      43        8.81271       0.125000
      44        8.81273       0.125000
      45        9.26069       0.125000
      46        9.26076       0.125000
      47        9.67718       0.125000
      48        9.67723       0.125000
      49        15.3270        0.00000
      50        15.3271        0.00000
      51        15.6049        0.00000
      52        15.6051        0.00000
      53        16.2711        0.00000
      54        16.2712        0.00000
      55        16.3772        0.00000
      56        16.3774        0.00000
      57        16.8943        0.00000
      58        16.8945        0.00000

 15/16 kpoint (Cartesian) = -1.1324e-06 0.099602 0.14574 (511 pws)
       1       -49.7491       0.125000
       2       -49.7474       0.125000
       3       -49.7408       0.125000
       4       -49.7407       0.125000
       5       -19.4981       0.125000
       6       -19.4741       0.125000
       7       -19.4502       0.125000
       8       -19.4412       0.125000
       9       -19.3710       0.125000
      10       -19.3663       0.125000
      11       -19.2764       0.125000
      12       -19.2666       0.125000
      13       -19.2402       0.125000
      14       -19.2343       0.125000
      15       -19.2035       0.125000
      16       -19.1965       0.125000
      17       -6.72470       0.125000
      18       -6.54688       0.125000
      19       -6.24211       0.125000
      20       -6.17276       0.125000
      21       -6.03408       0.125000
      22       -5.91648       0.125000
      23       -5.89844       0.125000
      24       -5.84228       0.125000
      25        5.60011       0.125000
      26        5.71141       0.125000
      27        6.00811       0.125000
      28        6.05308       0.125000
      29        6.12949       0.125000
      30        6.32382       0.125000
      31        6.44281       0.125000
      32        6.53583       0.125000
      33        6.68951       0.125000
      34        6.98817       0.125000
      35        7.63697       0.125000
      36        7.72573       0.125000
      37        8.06589       0.125000
      38        8.08800       0.125000
      39        8.21429       0.125000
      40        8.31528       0.125000
      41        8.46095       0.125000
      42        8.70686       0.125000
      43        9.05069       0.125000
      44        9.16354       0.125000
      45        9.59434       0.125000
      46        9.69399       0.125000
      47        9.71541       0.125000
      48        9.75646       0.125000
      49        15.3823        0.00000
      50        15.4039        0.00000
      51        15.4951        0.00000
      52        15.5767        0.00000
      53        15.9687        0.00000
      54        16.2078        0.00000
      55        16.2089        0.00000
      56        16.3159        0.00000
      57        16.6691        0.00000
      58        16.8391        0.00000

 16/16 kpoint (Cartesian) = 0.090316 0.099602 0.14574 (506 pws)
       1       -49.7480       0.125000
       2       -49.7479       0.125000
       3       -49.7410       0.125000
       4       -49.7409       0.125000
       5       -19.5420       0.125000
       6       -19.5420       0.125000
       7       -19.4699       0.125000
       8       -19.4699       0.125000
       9       -19.3193       0.125000
      10       -19.3193       0.125000
      11       -19.2574       0.125000
      12       -19.2574       0.125000
      13       -19.2135       0.125000
      14       -19.2135       0.125000
      15       -19.2034       0.125000
      16       -19.2034       0.125000
      17       -6.74303       0.125000
      18       -6.74299       0.125000
      19       -6.35984       0.125000
      20       -6.35971       0.125000
      21       -5.92902       0.125000
      22       -5.92897       0.125000
      23       -5.63930       0.125000
      24       -5.63922       0.125000
      25        5.64189       0.125000
      26        5.64194       0.125000
      27        6.02367       0.125000
      28        6.02373       0.125000
      29        6.18511       0.125000
      30        6.18521       0.125000
      31        6.77268       0.125000
      32        6.77273       0.125000
      33        7.15823       0.125000
      34        7.15832       0.125000
      35        7.54469       0.125000
      36        7.54475       0.125000
      37        8.05211       0.125000
      38        8.05215       0.125000
      39        8.38259       0.125000
      40        8.38264       0.125000
      41        8.74947       0.125000
      42        8.74951       0.125000
      43        8.87896       0.125000
      44        8.87901       0.125000
      45        9.14084       0.125000
      46        9.14089       0.125000
      47        9.46616       0.125000
      48        9.46620       0.125000
      49        15.3578        0.00000
      50        15.3579        0.00000
      51        15.4797        0.00000
      52        15.4798        0.00000
      53        16.0873        0.00000
      54        16.0875        0.00000
      55        16.2499        0.00000
      56        16.2501        0.00000
      57        16.6192        0.00000
      58        16.6193        0.00000


 Warning_Memory_Consuming allocated:  ORB::Jl(x) 921.868 MB




 >>>>>>>>>>>>>>>>>>>>>>>>>>>>>>>>>>>>>>>>>>>>>>>>>>>>>>>>>>>>>>>>>>>>>>
 |                                                                    |
 | POLARIZATION CALCULATION:                                          |
 |                  Modern Theory of Polarization                     |
 | calculate the Macroscopic polarization of a crystalline insulator  |
 | by using Berry Phase method.                                       |
 |                                                                    |
 <<<<<<<<<<<<<<<<<<<<<<<<<<<<<<<<<<<<<<<<<<<<<<<<<<<<<<<<<<<<<<<<<<<<<<




 VALUES OF POLARIZATION

  The Ionic Phase:    0.40259
 Electronic Phase:   -0.65668

The calculated polarization direction is in R3 direction

 P =   -2.4710954  (mod   19.4499497)  (  -0.0000205,   0.0000397,  -2.4710954) (e/Omega).bohr

 P =   -0.0025603  (mod    0.0201520)  (  -0.0000000,   0.0000000,  -0.0025603) e/bohr^2

 P =   -0.1463760  (mod    1.1521232)  (  -0.0000012,   0.0000024,  -0.1463760) C/m^2



 --------------------------------------------
 !FINAL_ETOT_IS -9783.1280388481245609 eV
 --------------------------------------------






 >>>>>>>>>>>>>>>>>>>>>>>>>>>>>>>>>>>>>>>>>>>>>>>>>>>>>>>>>>>>>>>>>>>>>>
 |                                                                    |
 | Post-processing of data:                                           |
 | DOS (density of states) and bands will be output here.             |
 | If atomic orbitals are used, Mulliken charge analysis can be done. |
 | Also the .bxsf file containing fermi surface information can be    |
 | done here.                                                         |
 |                                                                    |
 <<<<<<<<<<<<<<<<<<<<<<<<<<<<<<<<<<<<<<<<<<<<<<<<<<<<<<<<<<<<<<<<<<<<<<





 Output bands in file: OUT.ABACUS/BANDS_1.dat
TIME STATISTICS
----------------------------------------------------------------------------------
   CLASS_NAME                   NAME                TIME/s  CALLS   AVG/s  PER/%  
----------------------------------------------------------------------------------
                 total                              30.68  11       2.79   100.00 
 Driver          reading                            0.56   1        0.56   1.84   
 Input_Conv      Convert                            0.00   1        0.00   0.00   
 Driver          driver_line                        30.11  1        30.11  98.16  
 UnitCell        check_tau                          0.00   1        0.00   0.00   
 ESolver_KS_LCAO before_all_runners                 0.96   1        0.96   3.14   
 PW_Basis_Sup    setuptransform                     0.02   1        0.02   0.06   
 PW_Basis_Sup    distributeg                        0.01   1        0.01   0.02   
 mymath          heapsort                           0.00   3        0.00   0.00   
 Charge_Mixing   init_mixing                        0.00   1        0.00   0.00   
 PW_Basis_K      setuptransform                     0.00   1        0.00   0.01   
 PW_Basis_K      distributeg                        0.00   1        0.00   0.01   
 PW_Basis        setup_struc_factor                 0.00   1        0.00   0.01   
 NOrbital_Lm     extra_uniform                      0.30   323      0.00   0.99   
 Mathzone_Add1   SplineD2                           0.01   323      0.00   0.02   
 Mathzone_Add1   Cubic_Spline_Interpolation         0.14   323      0.00   0.46   
 ppcell_vl       init_vloc                          0.15   1        0.15   0.49   
 Ions            opt_ions                           28.82  1        28.82  93.94  
 ESolver_KS_LCAO runner                             28.82  1        28.82  93.94  
 ESolver_KS_LCAO before_scf                         0.61   1        0.61   1.99   
 atom_arrange    search                             0.01   1        0.01   0.04   
 atom_arrange    grid_d.init                        0.01   1        0.01   0.04   
 Grid            Construct_Adjacent_expand          0.00   1        0.00   0.00   
 Grid            Construct_Adjacent_expand_periodic 0.00   12       0.00   0.00   
 Grid_Technique  init                               0.13   1        0.13   0.43   
 Grid_BigCell    grid_expansion_index               0.03   2        0.02   0.10   
 Grid_Driver     Find_atom                          0.00   96       0.00   0.01   
 Record_adj      for_2d                             0.04   1        0.04   0.14   
 LCAO_domain     grid_prepare                       0.00   1        0.00   0.00   
 Veff            initialize_HR                      0.00   1        0.00   0.01   
 OverlapNew      initialize_SR                      0.00   1        0.00   0.01   
 EkineticNew     initialize_HR                      0.00   1        0.00   0.02   
 NonlocalNew     initialize_HR                      0.03   1        0.03   0.08   
 Charge          set_rho_core                       0.16   1        0.16   0.53   
 PW_Basis_Sup    recip2real                         0.03   13       0.00   0.09   
 PW_Basis_Sup    gathers_scatterp                   0.02   13       0.00   0.07   
 ModuleIO        read_rhog                          0.00   1        0.00   0.00   
 Potential       init_pot                           0.10   1        0.10   0.32   
 Potential       update_from_charge                 0.10   2        0.05   0.32   
 Potential       cal_fixed_v                        0.00   1        0.00   0.00   
 PotLocal        cal_fixed_v                        0.00   1        0.00   0.00   
 Potential       cal_v_eff                          0.10   2        0.05   0.32   
 H_Hartree_pw    v_hartree                          0.04   2        0.02   0.12   
 PW_Basis_Sup    real2recip                         0.03   13       0.00   0.10   
 PW_Basis_Sup    gatherp_scatters                   0.03   13       0.00   0.08   
 PotXC           cal_v_eff                          0.06   2        0.03   0.20   
 XC_Functional   v_xc                               0.06   2        0.03   0.19   
 Potential       interpolate_vrs                    0.00   2        0.00   0.00   
 H_Ewald_pw      compute_ewald                      0.00   1        0.00   0.01   
 HSolverLCAO     solve                              4.74   1        4.74   15.46  
 HamiltLCAO      updateHk                           2.87   16       0.18   9.36   
 OperatorLCAO    init                               2.74   48       0.06   8.94   
 Veff            contributeHR                       2.27   1        2.27   7.41   
 Gint_interface  cal_gint                           2.19   1        2.19   7.13   
 Gint_interface  cal_gint_vlocal                    2.19   1        2.19   7.13   
 Gint_Tools      cal_psir_ylm                       0.11   576      0.00   0.35   
 Gint_k          transfer_pvpR                      0.09   1        0.09   0.28   
 OverlapNew      calculate_SR                       0.12   1        0.12   0.40   
 OverlapNew      contributeHk                       0.01   16       0.00   0.02   
 EkineticNew     contributeHR                       0.13   1        0.13   0.41   
 EkineticNew     calculate_HR                       0.12   1        0.12   0.41   
 NonlocalNew     contributeHR                       0.34   1        0.34   1.10   
 NonlocalNew     calculate_HR                       0.34   1        0.34   1.09   
 OperatorLCAO    contributeHk                       0.01   16       0.00   0.02   
 HSolverLCAO     hamiltSolvePsiK                    1.81   16       0.11   5.91   
 DiagoElpa       elpa_solve                         1.64   16       0.10   5.35   
 elecstate       cal_dm                             0.04   1        0.04   0.13   
 psiMulPsiMpi    pdgemm                             0.04   16       0.00   0.13   
 DensityMatrix   cal_DMR                            0.01   1        0.01   0.03   
 Charge_Mixing   get_drho                           0.00   1        0.00   0.01   
 ModuleIO        write_rhog                         0.04   1        0.04   0.13   
 ESolver_KS_LCAO after_scf                          23.37  1        23.37  76.19  
 Charge          atomic_rho                         0.16   1        0.16   0.51   
 ORB_gaunt_table init_Gaunt_CH                      0.00   1        0.00   0.01   
 ORB_gaunt_table Calc_Gaunt_CH                      0.00   1631     0.00   0.00   
 ORB_gaunt_table init_Gaunt                         0.02   1        0.02   0.05   
 ORB_gaunt_table Get_Gaunt_SH                       0.01   25313    0.00   0.02   
 Center2_Orb     cal_ST_Phi12_R                     15.05  769      0.02   49.05  
 ESolver_KS_LCAO after_all_runners                  0.29   1        0.29   0.94   
 ModuleIO        nscf_band                          0.29   1        0.29   0.94   
----------------------------------------------------------------------------------


 NAME-------------------------|MEMORY(MB)--------
                         total     31176.5943
                    ORB::Jl(x)     29499.7681
                  Gint::hRGint       387.1550
                 Gint::DMRGint       386.8425
       TwoCenterTable: Kinetic       137.3855
       TwoCenterTable: Overlap       137.3855
      TwoCenterTable: Nonlocal       136.0217
                  meshball_pos        69.4548
               GT::ind_bigcell        67.1320
         GT::in_this_processor        67.1320
              GT::index2normal        67.1320
               GT::index2ucell        67.1320
                HamiltLCAO::hR        24.7887
            DensityMatrix::DMR        24.4762
      GT::bigcell_on_processor        16.7830
                HamiltLCAO::sR        16.7638
                    index_ball        11.5758
            DensityMatrix::DMK        10.9727
                  PW_B_K::gcar         6.0630
                  SF::strucFac         3.9796
                GT::which_atom         3.8666
             GT::which_bigcell         3.8666
            GT::which_unitcell         3.8666
                RealGauntTable         3.7773
                  SF::eigts123         2.3452
                      Chg::rho         2.2500
                 Chg::rho_save         2.2500
                 Chg::rho_core         2.2500
                 Pot::veff_fix         2.2500
                     Pot::veff         2.2500
              Pot::veff_smooth         2.2500
                 ORB::Gaunt_CH         2.0508
                   PW_B_K::gk2         2.0210
 -------------   < 1.0 MB has been ignored ----------------
 ----------------------------------------------------------

 Start  Time  : Fri Oct  9 19:13:17 2026
 Finish Time  : Fri Oct  9 19:13:48 2026
 Total  Time  : 0 h 0 mins 31 secs 
