                                                                                     
                              ABACUS v3.10.0

               Atomic-orbital Based Ab-initio Computation at UStc                    

                     Website: http://abacus.ustc.edu.cn/                             
               Documentation: https://abacus.deepmodeling.com/                       
                  Repository: https://github.com/abacusmodeling/abacus-develop       
                              https://github.com/deepmodeling/abacus-develop         
                      Commit: f7cb1d3 (Mon May 12 16:53:30 2025 +0800)

    Start Time is Fri Oct  9 19:25:12 2026
                                                                                     
 ------------------------------------------------------------------------------------

 READING GENERAL INFORMATION
                           global_out_dir = OUT.ABACUS/
                           global_in_card = INPUT
                               pseudo_dir = 
                              orbital_dir = 
                                    DRANK = 1
                                    DSIZE = 32
                                   DCOLOR = 1
                                    GRANK = 1
                                    GSIZE = 1




 >>>>>>>>>>>>>>>>>>>>>>>>>>>>>>>>>>>>>>>>>>>>>>>>>>>>>>>>>>>>>>>>>>>>>>
 |                                                                    |
 | Reading atom information in unitcell:                              |
 | From the input file and the structure file we know the number of   |
 | different elments in this unitcell, then we list the detail        |
 | information for each element, especially the zeta and polar atomic |
 | orbital number for each element. The total atom number is counted. |
 | We calculate the nearest atom distance for each atom and show the  |
 | Cartesian and Direct coordinates for each atom. We list the file   |
 | address for atomic orbitals. The volume and the lattice vectors    |
 | in real and reciprocal space is also shown.                        |
 |                                                                    |
 <<<<<<<<<<<<<<<<<<<<<<<<<<<<<<<<<<<<<<<<<<<<<<<<<<<<<<<<<<<<<<<<<<<<<<




 READING UNITCELL INFORMATION
                                    ntype = 2
                  lattice constant (Bohr) = 1.88973
              lattice constant (Angstrom) = 1

 READING ATOM TYPE 1
                               atom label = Hf
                      L=0, number of zeta = 4
                      L=1, number of zeta = 2
                      L=2, number of zeta = 2
                      L=3, number of zeta = 1
             number of atom for this type = 4

 READING ATOM TYPE 2
                               atom label = O
                      L=0, number of zeta = 2
                      L=1, number of zeta = 2
                      L=2, number of zeta = 1
             number of atom for this type = 8

                        TOTAL ATOM NUMBER = 12
DIRECT COORDINATES
    atom                   x                   y                   z     mag                  vx                  vy                  vz
taud_Hf1            0.0485645926        0.9933687268        0.0145686415  0.0000        0.0000000000        0.0000000000        0.0000000000
taud_Hf2            0.9846495505        0.5228719918        0.5145643171  0.0000        0.0000000000        0.0000000000        0.0000000000
taud_Hf3            0.4846496077        0.9933729539        0.5145656245  0.0000        0.0000000000        0.0000000000        0.0000000000
taud_Hf4            0.5485644204        0.5228756657        0.0145683061  0.0000        0.0000000000        0.0000000000        0.0000000000
taud_O1            0.3778874770        0.1949210666        0.1649433112  0.0000        0.0000000000        0.0000000000        0.0000000000
taud_O2            0.1553473913        0.1949246448        0.6649440723  0.0000        0.0000000000        0.0000000000        0.0000000000
taud_O3            0.2405855164        0.7251125426        0.2667482225  0.0000        0.0000000000        0.0000000000        0.0000000000
taud_O4            0.2926651803        0.7251183357        0.7667486875  0.0000        0.0000000000        0.0000000000        0.0000000000
taud_O5            0.8778882990        0.3213279892        0.1649417503  0.0000        0.0000000000        0.0000000000        0.0000000000
taud_O6            0.6553464041        0.3213247914        0.6649418384  0.0000        0.0000000000        0.0000000000        0.0000000000
taud_O7            0.7405852190        0.7911372355        0.2667435819  0.0000        0.0000000000        0.0000000000        0.0000000000
taud_O8            0.7926652015        0.7911315308        0.7667441807  0.0000        0.0000000000        0.0000000000        0.0000000000



                          Volume (Bohr^3) = 915.671
                             Volume (A^3) = 135.688

 Lattice vectors: (Cartesian coordinate: in unit of a_0)
             +5.28036        +4.38392e-06        +5.87225e-06
          +4.1612e-06            +5.05312         -6.4835e-06
         +6.41934e-06        -6.51491e-06            +5.08534
 Reciprocal vectors: (Cartesian coordinate: in unit of 2 pi/a_0)
            +0.189381        -1.55954e-07         -2.3906e-07
         -1.64301e-07           +0.197898         +2.5353e-07
         -2.18686e-07        +2.52308e-07           +0.196644
 The esolver type has been set to : ksdft_lcao

 RUNNING WITH DEVICE  : CPU / AMD EPYC 7702 64-Core Processor




 >>>>>>>>>>>>>>>>>>>>>>>>>>>>>>>>>>>>>>>>>>>>>>>>>>>>>>>>>>>>>>>>>>>>>>
 |                                                                    |
 | Reading pseudopotentials files:                                    |
 | The pseudopotential file is in UPF format. The 'NC' indicates that |
 | the type of pseudopotential is 'norm conserving'. Functional of    |
 | exchange and correlation is decided by 4 given parameters in UPF   |
 | file.  We also read in the 'core correction' if there exists.      |
 | Also we can read the valence electrons number and the maximal      |
 | angular momentum used in this pseudopotential. We also read in the |
 | trail wave function, trail atomic density and local-pseudopotential|
 | on logrithmic grid. The non-local pseudopotential projector is also|
 | read in if there is any.                                           |
 |                                                                    |
 <<<<<<<<<<<<<<<<<<<<<<<<<<<<<<<<<<<<<<<<<<<<<<<<<<<<<<<<<<<<<<<<<<<<<<




                PAO radial cut off (Bohr) = 15

 Read in pseudopotential file is Hf.upf
                     pseudopotential type = NC
          exchange-correlation functional = PBE
                 nonlocal core correction = 1
                        valence electrons = 12
                                     lmax = 3
                           number of zeta = 4
                     number of projectors = 8
                           L of projector = 0
                           L of projector = 0
                           L of projector = 1
                           L of projector = 1
                           L of projector = 2
                           L of projector = 2
                           L of projector = 3
                           L of projector = 3
                PAO radial cut off (Bohr) = 15

 Read in pseudopotential file is O.upf
                     pseudopotential type = NC
          exchange-correlation functional = PBE
                 nonlocal core correction = 1
                        valence electrons = 6
                                     lmax = 2
                           number of zeta = 2
                     number of projectors = 5
                           L of projector = 0
                           L of projector = 0
                           L of projector = 1
                           L of projector = 1
                           L of projector = 2
     initial pseudo atomic orbital number = 72

 SETUP THE ELECTRONS NUMBER
            electron number of element Hf = 12
      total electron number of element Hf = 48
             electron number of element O = 6
       total electron number of element O = 48
            AUTOSET number of electrons:  = 96
                           occupied bands = 48
                                   NLOCAL = 212
                                   NBANDS = 58
                                   NBANDS = 58
                                   NLOCAL = 212

%%%%%%%%%%%%%%%%%%%%%%%%%%%%%%%%%%%%%%%%%%%%%%%%%%%%%%%%%%%%%%%%%%%%%%%%%%%%%%%%%%%%%%%%%%%%%%%%%%%%%%%%%%
 Warning: the number of valence electrons in pseudopotential > 4 for Hf: [Xe] 4f14 5d2 6s2
 Pseudopotentials with additional electrons can yield (more) accurate outcomes, but may be less efficient.
 If you're confident that your chosen pseudopotential is appropriate, you can safely ignore this warning.
%%%%%%%%%%%%%%%%%%%%%%%%%%%%%%%%%%%%%%%%%%%%%%%%%%%%%%%%%%%%%%%%%%%%%%%%%%%%%%%%%%%%%%%%%%%%%%%%%%%%%%%%%%
                  




 >>>>>>>>>>>>>>>>>>>>>>>>>>>>>>>>>>>>>>>>>>>>>>>>>>>>>>>>>>>>>>>>>>>>>>
 |                                                                    |
 | Setup plane waves of charge/potential:                             |
 | Use the energy cutoff and the lattice vectors to generate the      |
 | dimensions of FFT grid. The number of FFT grid on each processor   |
 | is 'nrxx'. The number of plane wave basis in reciprocal space is   |
 | different for charege/potential and wave functions. We also set    |
 | the 'sticks' for the parallel of FFT. The number of plane waves    |
 | is 'npw' in each processor.                                        |
 <<<<<<<<<<<<<<<<<<<<<<<<<<<<<<<<<<<<<<<<<<<<<<<<<<<<<<<<<<<<<<<<<<<<<<





 SETUP THE PLANE WAVE BASIS
 energy cutoff for charge/potential (unit:Ry) = 400
            fft grid for charge/potential = [ 64, 64, 64 ]
                        fft grid division = [ 2, 2, 2 ]
        big fft grid for charge/potential = [ 32, 32, 32 ]
                                     nbxx = 1024
                                     nrxx = 8192

 SETUP PLANE WAVES FOR CHARGE/POTENTIAL
                    number of plane waves = 123675
                         number of sticks = 3031

 PARALLEL PW FOR CHARGE/POTENTIAL
     PROC   COLUMNS(POT)             PW
        1             94           3864
        2             94           3864
        3             94           3864
        4             94           3864
        5             94           3864
        6             95           3867
        7             95           3867
        8             95           3867
        9             95           3867
       10             95           3867
       11             95           3867
       12             95           3867
       13             95           3867
       14             95           3867
       15             95           3867
       16             95           3865
       17             95           3865
       18             95           3865
       19             95           3865
       20             95           3865
       21             95           3865
       22             95           3865
       23             95           3865
       24             95           3863
       25             95           3863
       26             95           3863
       27             95           3863
       28             94           3862
       29             94           3862
       30             95           3865
       31             94           3862
       32             94           3862
 --------------- sum -------------------
       32           3031         123675
                            number of |g| = 3739
                                  max |g| = 36.166
                                  min |g| = 0.300114
 DONE : SETUP UNITCELL Time : 5.02095 (SEC)


----------- Double Check Mixing Parameters Begin ------------
mixing_type: broyden
mixing_beta: 0.3
mixing_gg0: 1
mixing_gg0_min: 0.1
mixing_ndim: 8
----------- Double Check Mixing Parameters End ------------




 >>>>>>>>>>>>>>>>>>>>>>>>>>>>>>>>>>>>>>>>>>>>>>>>>>>>>>>>>>>>>>>>>>>>>>
 |                                                                    |
 | Setup K-points                                                     |
 | We setup the k-points according to input parameters.               |
 | The reduced k-points are set according to symmetry operations.     |
 | We treat the spin as another set of k-points.                      |
 |                                                                    |
 <<<<<<<<<<<<<<<<<<<<<<<<<<<<<<<<<<<<<<<<<<<<<<<<<<<<<<<<<<<<<<<<<<<<<<





 SETUP K-POINTS
                                    nspin = 1
                   Input type of k points = Monkhorst-Pack(Gamma)
                                   nkstot = 32
K-POINTS DIRECT COORDINATES
 KPOINTS    DIRECT_X    DIRECT_Y    DIRECT_Z  WEIGHT
       1  0.00000000  0.00000000  0.00000000  0.0312
       2  0.50000000  0.00000000  0.00000000  0.0312
       3  0.00000000  0.50000000  0.00000000  0.0312
       4  0.50000000  0.50000000  0.00000000  0.0312
       5  0.00000000  0.00000000  0.12500000  0.0312
       6  0.50000000  0.00000000  0.12500000  0.0312
       7  0.00000000  0.50000000  0.12500000  0.0312
       8  0.50000000  0.50000000  0.12500000  0.0312
       9  0.00000000  0.00000000  0.25000000  0.0312
      10  0.50000000  0.00000000  0.25000000  0.0312
      11  0.00000000  0.50000000  0.25000000  0.0312
      12  0.50000000  0.50000000  0.25000000  0.0312
      13  0.00000000  0.00000000  0.37500000  0.0312
      14  0.50000000  0.00000000  0.37500000  0.0312
      15  0.00000000  0.50000000  0.37500000  0.0312
      16  0.50000000  0.50000000  0.37500000  0.0312
      17  0.00000000  0.00000000  0.50000000  0.0312
      18  0.50000000  0.00000000  0.50000000  0.0312
      19  0.00000000  0.50000000  0.50000000  0.0312
      20  0.50000000  0.50000000  0.50000000  0.0312
      21  0.00000000  0.00000000  0.62500000  0.0312
      22  0.50000000  0.00000000  0.62500000  0.0312
      23  0.00000000  0.50000000  0.62500000  0.0312
      24  0.50000000  0.50000000  0.62500000  0.0312
      25  0.00000000  0.00000000  0.75000000  0.0312
      26  0.50000000  0.00000000  0.75000000  0.0312
      27  0.00000000  0.50000000  0.75000000  0.0312
      28  0.50000000  0.50000000  0.75000000  0.0312
      29  0.00000000  0.00000000  0.87500000  0.0312
      30  0.50000000  0.00000000  0.87500000  0.0312
      31  0.00000000  0.50000000  0.87500000  0.0312
      32  0.50000000  0.50000000  0.87500000  0.0312


           k-point number in this process = 32
       minimum distributed K point number = 32

K-POINTS CARTESIAN COORDINATES
 KPOINTS CARTESIAN_X CARTESIAN_Y CARTESIAN_Z  WEIGHT
       1  0.00000000  0.00000000  0.00000000  0.0625
       2  0.09469042 -0.00000008 -0.00000012  0.0625
       3 -0.00000008  0.09894882  0.00000013  0.0625
       4  0.09469034  0.09894874  0.00000001  0.0625
       5 -0.00000003  0.00000003  0.02458048  0.0625
       6  0.09469040 -0.00000005  0.02458036  0.0625
       7 -0.00000011  0.09894885  0.02458061  0.0625
       8  0.09469031  0.09894877  0.02458049  0.0625
       9 -0.00000005  0.00000006  0.04916096  0.0625
      10  0.09469037 -0.00000001  0.04916084  0.0625
      11 -0.00000014  0.09894888  0.04916109  0.0625
      12  0.09469029  0.09894880  0.04916097  0.0625
      13 -0.00000008  0.00000009  0.07374144  0.0625
      14  0.09469034  0.00000002  0.07374132  0.0625
      15 -0.00000016  0.09894891  0.07374157  0.0625
      16  0.09469026  0.09894884  0.07374145  0.0625
      17 -0.00000011  0.00000013  0.09832192  0.0625
      18  0.09469031  0.00000005  0.09832180  0.0625
      19 -0.00000019  0.09894895  0.09832204  0.0625
      20  0.09469023  0.09894887  0.09832193  0.0625
      21 -0.00000014  0.00000016  0.12290240  0.0625
      22  0.09469029  0.00000008  0.12290228  0.0625
      23 -0.00000022  0.09894898  0.12290252  0.0625
      24  0.09469021  0.09894890  0.12290240  0.0625
      25 -0.00000016  0.00000019  0.14748288  0.0625
      26  0.09469026  0.00000011  0.14748276  0.0625
      27 -0.00000025  0.09894901  0.14748300  0.0625
      28  0.09469018  0.09894893  0.14748288  0.0625
      29 -0.00000019  0.00000022  0.17206336  0.0625
      30  0.09469023  0.00000014  0.17206324  0.0625
      31 -0.00000027  0.09894904  0.17206348  0.0625
      32  0.09469015  0.09894896  0.17206336  0.0625


K-POINTS DIRECT COORDINATES
 KPOINTS    DIRECT_X    DIRECT_Y    DIRECT_Z  WEIGHT
       1  0.00000000  0.00000000  0.00000000  0.0625
       2  0.50000000  0.00000000  0.00000000  0.0625
       3  0.00000000  0.50000000  0.00000000  0.0625
       4  0.50000000  0.50000000  0.00000000  0.0625
       5  0.00000000  0.00000000  0.12500000  0.0625
       6  0.50000000  0.00000000  0.12500000  0.0625
       7  0.00000000  0.50000000  0.12500000  0.0625
       8  0.50000000  0.50000000  0.12500000  0.0625
       9  0.00000000  0.00000000  0.25000000  0.0625
      10  0.50000000  0.00000000  0.25000000  0.0625
      11  0.00000000  0.50000000  0.25000000  0.0625
      12  0.50000000  0.50000000  0.25000000  0.0625
      13  0.00000000  0.00000000  0.37500000  0.0625
      14  0.50000000  0.00000000  0.37500000  0.0625
      15  0.00000000  0.50000000  0.37500000  0.0625
      16  0.50000000  0.50000000  0.37500000  0.0625
      17  0.00000000  0.00000000  0.50000000  0.0625
      18  0.50000000  0.00000000  0.50000000  0.0625
      19  0.00000000  0.50000000  0.50000000  0.0625
      20  0.50000000  0.50000000  0.50000000  0.0625
      21  0.00000000  0.00000000  0.62500000  0.0625
      22  0.50000000  0.00000000  0.62500000  0.0625
      23  0.00000000  0.50000000  0.62500000  0.0625
      24  0.50000000  0.50000000  0.62500000  0.0625
      25  0.00000000  0.00000000  0.75000000  0.0625
      26  0.50000000  0.00000000  0.75000000  0.0625
      27  0.00000000  0.50000000  0.75000000  0.0625
      28  0.50000000  0.50000000  0.75000000  0.0625
      29  0.00000000  0.00000000  0.87500000  0.0625
      30  0.50000000  0.00000000  0.87500000  0.0625
      31  0.00000000  0.50000000  0.87500000  0.0625
      32  0.50000000  0.50000000  0.87500000  0.0625

 DONE : INIT K-POINTS Time : 5.2683 (SEC)





 >>>>>>>>>>>>>>>>>>>>>>>>>>>>>>>>>>>>>>>>>>>>>>>>>>>>>>>>>>>>>>>>>>>>>>
 |                                                                    |
 | Setup plane waves of wave functions:                               |
 | Use the energy cutoff and the lattice vectors to generate the      |
 | dimensions of FFT grid. The number of FFT grid on each processor   |
 | is 'nrxx'. The number of plane wave basis in reciprocal space is   |
 | different for charege/potential and wave functions. We also set    |
 | the 'sticks' for the parallel of FFT. The number of plane wave of  |
 | each k-point is 'npwk[ik]' in each processor                       |
 <<<<<<<<<<<<<<<<<<<<<<<<<<<<<<<<<<<<<<<<<<<<<<<<<<<<<<<<<<<<<<<<<<<<<<





 SETUP PLANE WAVES FOR WAVE FUNCTIONS
     energy cutoff for wavefunc (unit:Ry) = 100
              fft grid for wave functions = [ 64, 64, 64 ]
                    number of plane waves = 19119
                         number of sticks = 875

 PARALLEL PW FOR WAVE FUNCTIONS
     PROC   COLUMNS(POT)             PW
        1             28            600
        2             28            598
        3             28            598
        4             28            598
        5             28            598
        6             27            597
        7             27            597
        8             27            597
        9             27            597
       10             27            597
       11             27            597
       12             27            597
       13             27            597
       14             27            597
       15             27            597
       16             27            597
       17             27            597
       18             27            597
       19             27            597
       20             27            597
       21             27            597
       22             27            597
       23             27            597
       24             27            597
       25             27            597
       26             28            600
       27             28            598
       28             28            598
       29             28            598
       30             27            597
       31             28            598
       32             28            598
 --------------- sum -------------------
       32            875          19119
 DONE : INIT PLANEWAVE Time : 5.52452 (SEC)

 SET NONLOCAL PSEUDOPOTENTIAL PROJECTORS
 SET NONLOCAL PSEUDOPOTENTIAL PROJECTORS
 max number of nonlocal projetors among all species is 8
 DONE : LOCAL POTENTIAL Time : 7.46862 (SEC)


 -------------------------------------------
 NONSELF-CONSISTENT
 -------------------------------------------




 >>>>>>>>>>>>>>>>>>>>>>>>>>>>>>>>>>>>>>>>>>>>>>>>>>>>>>>>>>>>>>>>>>>>>>
 |                                                                    |
 | Search adjacent atoms:                                             |
 | Set the adjacent atoms for each atom and set the periodic boundary |
 | condition for the atoms on real space FFT grid. For k-dependent    |
 | algorithm, we also need to set the sparse H and S matrix element   |
 | for each atom.                                                     |
 |                                                                    |
 <<<<<<<<<<<<<<<<<<<<<<<<<<<<<<<<<<<<<<<<<<<<<<<<<<<<<<<<<<<<<<<<<<<<<<





 SETUP SEARCHING RADIUS FOR PROGRAM TO SEARCH ADJACENT ATOMS
                  longest orb rcut (Bohr) = 10
   longest nonlocal projector rcut (Bohr) = 2.46
                     search radius (Bohr) = 24.9
              searching radius is (Bohr)) = 24.9
         searching radius unit is (Bohr)) = 1.89
                         PeriodicBoundary = 1
                        Radius(unit:lat0) = 13.2
                                   glayer = [ 4, 4, 4 ]
                             glayer_minus = [ 3, 3, 3 ]

Find the coordinate range of the input atom(unit:lat0).
                                  min_tau = [ -15.6, -14.2, -15.2 ]
                                  max_tau = [ 21, 20.2, 19.2 ]
                                BoxNumber = [ 7, 7, 7 ]

 SETUP EXTENDED REAL SPACE GRID FOR GRID INTEGRATION
                          real space grid = [ 64, 64, 64 ]
                 big cell numbers in grid = [ 32, 32, 32 ]
             meshcell numbers in big cell = [ 2, 2, 2 ]
                        extended fft grid = [ 33, 34, 34 ]
                dimension of extened grid = [ 99, 101, 101 ]
                            UnitCellTotal = 125
              Atom number in sub-FFT-grid = 12
    Local orbitals number in sub-FFT-grid = 212
                                ParaV.nnr = 77558

 Warning_Memory_Consuming allocated:  Gint::hRGint 12.7 MB

 Warning_Memory_Consuming allocated:  Gint::DMRGint 12.7 MB
                                 init_chg = file
 try to read charge from file
 Find the file OUT.ABACUS//SPIN1_CHG.cube , try to read it.
 Read in the charge density: OUT.ABACUS//SPIN1_CHG.cube
 DONE : INIT SCF Time : 8.96022 (SEC)


 LCAO ALGORITHM --------------- ION=   1  ELEC=   1--------------------------------
 Energy (eV) & Occupations  for spin=1 K-point=1
      1       -48.8490      0.0625000
      2       -48.8308      0.0625000
      3       -48.8308      0.0625000
      4       -48.8287      0.0625000
      5       -18.6597      0.0625000
      6       -18.6358      0.0625000
      7       -18.6293      0.0625000
      8       -18.4171      0.0625000
      9       -18.3841      0.0625000
     10       -18.3608      0.0625000
     11       -18.3484      0.0625000
     12       -18.3458      0.0625000
     13       -18.3381      0.0625000
     14       -18.2453      0.0625000
     15       -18.2415      0.0625000
     16       -18.2377      0.0625000
     17       -6.91039      0.0625000
     18       -5.53619      0.0625000
     19       -5.39422      0.0625000
     20       -5.30481      0.0625000
     21       -4.91932      0.0625000
     22       -4.87733      0.0625000
     23       -4.74769      0.0625000
     24       -4.66324      0.0625000
     25        5.65405      0.0625000
     26        5.71056      0.0625000
     27        5.90187      0.0625000
     28        6.48778      0.0625000
     29        6.66163      0.0625000
     30        6.69789      0.0625000
     31        7.90410      0.0625000
     32        7.93933      0.0625000
     33        8.04232      0.0625000
     34        8.08900      0.0625000
     35        8.51764      0.0625000
     36        8.82659      0.0625000
     37        8.88635      0.0625000
     38        9.29419      0.0625000
     39        9.34202      0.0625000
     40        9.51902      0.0625000
     41        9.74647      0.0625000
     42        9.88192      0.0625000
     43        9.99694      0.0625000
     44        10.0845      0.0625000
     45        10.4216      0.0625000
     46        10.9180      0.0625000
     47        11.0361      0.0625000
     48        11.1812      0.0625000
     49        16.1467        0.00000
     50        16.3933        0.00000
     51        16.5987        0.00000
     52        16.9165        0.00000
     53        16.9565        0.00000
     54        17.0527        0.00000
     55        17.1731        0.00000
     56        17.1950        0.00000
     57        17.4583        0.00000
     58        18.0079        0.00000
 Energy (eV) & Occupations  for spin=1 K-point=2
      1       -48.8412      0.0625000
      2       -48.8412      0.0625000
      3       -48.8286      0.0625000
      4       -48.8286      0.0625000
      5       -18.5432      0.0625000
      6       -18.5432      0.0625000
      7       -18.5264      0.0625000
      8       -18.5263      0.0625000
      9       -18.4450      0.0625000
     10       -18.4449      0.0625000
     11       -18.3496      0.0625000
     12       -18.3496      0.0625000
     13       -18.2869      0.0625000
     14       -18.2869      0.0625000
     15       -18.2834      0.0625000
     16       -18.2834      0.0625000
     17       -6.12725      0.0625000
     18       -6.12723      0.0625000
     19       -5.23773      0.0625000
     20       -5.23773      0.0625000
     21       -5.00622      0.0625000
     22       -5.00616      0.0625000
     23       -4.85966      0.0625000
     24       -4.85959      0.0625000
     25        6.27284      0.0625000
     26        6.27286      0.0625000
     27        6.61831      0.0625000
     28        6.61834      0.0625000
     29        7.14277      0.0625000
     30        7.14286      0.0625000
     31        7.25454      0.0625000
     32        7.25458      0.0625000
     33        7.71073      0.0625000
     34        7.71076      0.0625000
     35        8.51613      0.0625000
     36        8.51619      0.0625000
     37        8.94818      0.0625000
     38        8.94821      0.0625000
     39        9.25147      0.0625000
     40        9.25152      0.0625000
     41        9.53201      0.0625000
     42        9.53206      0.0625000
     43        10.2683      0.0625000
     44        10.2683      0.0625000
     45        10.4676      0.0625000
     46        10.4676      0.0625000
     47        10.7774      0.0625000
     48        10.7774      0.0625000
     49        16.4135        0.00000
     50        16.4135        0.00000
     51        16.8598        0.00000
     52        16.8598        0.00000
     53        16.8961        0.00000
     54        16.8962        0.00000
     55        17.3162        0.00000
     56        17.3162        0.00000
     57        18.1021        0.00000
     58        18.1022        0.00000
 Energy (eV) & Occupations  for spin=1 K-point=3
      1       -48.8433      0.0625000
      2       -48.8366      0.0625000
      3       -48.8302      0.0625000
      4       -48.8293      0.0625000
      5       -18.5696      0.0625000
      6       -18.5429      0.0625000
      7       -18.4774      0.0625000
      8       -18.4766      0.0625000
      9       -18.4488      0.0625000
     10       -18.4232      0.0625000
     11       -18.3801      0.0625000
     12       -18.3582      0.0625000
     13       -18.3218      0.0625000
     14       -18.3134      0.0625000
     15       -18.2909      0.0625000
     16       -18.2749      0.0625000
     17       -6.30990      0.0625000
     18       -5.55363      0.0625000
     19       -5.46407      0.0625000
     20       -5.31372      0.0625000
     21       -5.18624      0.0625000
     22       -4.94905      0.0625000
     23       -4.86173      0.0625000
     24       -4.79015      0.0625000
     25        5.97515      0.0625000
     26        6.00550      0.0625000
     27        6.71718      0.0625000
     28        6.75911      0.0625000
     29        6.78265      0.0625000
     30        6.97516      0.0625000
     31        7.15561      0.0625000
     32        7.29193      0.0625000
     33        7.85136      0.0625000
     34        8.05731      0.0625000
     35        8.51375      0.0625000
     36        8.54833      0.0625000
     37        8.72187      0.0625000
     38        8.88340      0.0625000
     39        9.47237      0.0625000
     40        9.50581      0.0625000
     41        9.80772      0.0625000
     42        9.85198      0.0625000
     43        10.0850      0.0625000
     44        10.2835      0.0625000
     45        10.3676      0.0625000
     46        10.6857      0.0625000
     47        11.0025      0.0625000
     48        11.0273      0.0625000
     49        15.8293    1.15186e-15
     50        16.1691        0.00000
     51        16.2558        0.00000
     52        16.7480        0.00000
     53        16.8348        0.00000
     54        17.3785        0.00000
     55        17.5955        0.00000
     56        17.7811        0.00000
     57        18.0647        0.00000
     58        18.1704        0.00000
 Energy (eV) & Occupations  for spin=1 K-point=4
      1       -48.8391      0.0625000
      2       -48.8391      0.0625000
      3       -48.8306      0.0625000
      4       -48.8306      0.0625000
      5       -18.5705      0.0625000
      6       -18.5704      0.0625000
      7       -18.4896      0.0625000
      8       -18.4896      0.0625000
      9       -18.4629      0.0625000
     10       -18.4629      0.0625000
     11       -18.3429      0.0625000
     12       -18.3429      0.0625000
     13       -18.3112      0.0625000
     14       -18.3112      0.0625000
     15       -18.2620      0.0625000
     16       -18.2620      0.0625000
     17       -5.97916      0.0625000
     18       -5.97915      0.0625000
     19       -5.33911      0.0625000
     20       -5.33907      0.0625000
     21       -5.09646      0.0625000
     22       -5.09640      0.0625000
     23       -4.82782      0.0625000
     24       -4.82775      0.0625000
     25        6.35975      0.0625000
     26        6.35976      0.0625000
     27        6.68623      0.0625000
     28        6.68623      0.0625000
     29        7.02882      0.0625000
     30        7.02888      0.0625000
     31        7.90459      0.0625000
     32        7.90465      0.0625000
     33        8.06495      0.0625000
     34        8.06500      0.0625000
     35        8.46846      0.0625000
     36        8.46850      0.0625000
     37        8.52568      0.0625000
     38        8.52572      0.0625000
     39        8.85976      0.0625000
     40        8.85980      0.0625000
     41        9.60949      0.0625000
     42        9.60953      0.0625000
     43        10.0324      0.0625000
     44        10.0324      0.0625000
     45        10.4361      0.0625000
     46        10.4361      0.0625000
     47        10.6620      0.0625000
     48        10.6620      0.0625000
     49        15.9854        0.00000
     50        15.9855        0.00000
     51        16.3679        0.00000
     52        16.3680        0.00000
     53        16.8899        0.00000
     54        16.8899        0.00000
     55        17.4997        0.00000
     56        17.4997        0.00000
     57        18.0434        0.00000
     58        18.0434        0.00000
 Energy (eV) & Occupations  for spin=1 K-point=5
      1       -48.8482      0.0625000
      2       -48.8308      0.0625000
      3       -48.8308      0.0625000
      4       -48.8295      0.0625000
      5       -18.6465      0.0625000
      6       -18.6256      0.0625000
      7       -18.6239      0.0625000
      8       -18.4299      0.0625000
      9       -18.3804      0.0625000
     10       -18.3665      0.0625000
     11       -18.3560      0.0625000
     12       -18.3478      0.0625000
     13       -18.3255      0.0625000
     14       -18.2513      0.0625000
     15       -18.2494      0.0625000
     16       -18.2453      0.0625000
     17       -6.84792      0.0625000
     18       -5.52773      0.0625000
     19       -5.40979      0.0625000
     20       -5.31455      0.0625000
     21       -4.96330      0.0625000
     22       -4.86752      0.0625000
     23       -4.76474      0.0625000
     24       -4.66861      0.0625000
     25        5.72754      0.0625000
     26        5.84015      0.0625000
     27        5.84367      0.0625000
     28        6.51549      0.0625000
     29        6.72550      0.0625000
     30        6.84722      0.0625000
     31        7.81394      0.0625000
     32        7.84555      0.0625000
     33        7.94496      0.0625000
     34        8.12641      0.0625000
     35        8.40660      0.0625000
     36        8.74495      0.0625000
     37        8.92206      0.0625000
     38        9.20627      0.0625000
     39        9.35436      0.0625000
     40        9.60777      0.0625000
     41        9.77781      0.0625000
     42        9.99622      0.0625000
     43        10.0275      0.0625000
     44        10.0304      0.0625000
     45        10.2402      0.0625000
     46        10.8823      0.0625000
     47        11.0130      0.0625000
     48        11.1401      0.0625000
     49        16.1063        0.00000
     50        16.3821        0.00000
     51        16.5484        0.00000
     52        16.9020        0.00000
     53        16.9437        0.00000
     54        17.1510        0.00000
     55        17.1734        0.00000
     56        17.3453        0.00000
     57        17.3779        0.00000
     58        18.1000        0.00000
 Energy (eV) & Occupations  for spin=1 K-point=6
      1       -48.8408      0.0625000
      2       -48.8407      0.0625000
      3       -48.8291      0.0625000
      4       -48.8290      0.0625000
      5       -18.5452      0.0625000
      6       -18.5452      0.0625000
      7       -18.5219      0.0625000
      8       -18.5218      0.0625000
      9       -18.4471      0.0625000
     10       -18.4470      0.0625000
     11       -18.3463      0.0625000
     12       -18.3462      0.0625000
     13       -18.2996      0.0625000
     14       -18.2996      0.0625000
     15       -18.2753      0.0625000
     16       -18.2753      0.0625000
     17       -6.09507      0.0625000
     18       -6.09505      0.0625000
     19       -5.27404      0.0625000
     20       -5.27401      0.0625000
     21       -4.99877      0.0625000
     22       -4.99871      0.0625000
     23       -4.86772      0.0625000
     24       -4.86765      0.0625000
     25        6.34622      0.0625000
     26        6.34627      0.0625000
     27        6.64685      0.0625000
     28        6.64687      0.0625000
     29        7.16905      0.0625000
     30        7.16914      0.0625000
     31        7.26972      0.0625000
     32        7.26975      0.0625000
     33        7.70983      0.0625000
     34        7.70989      0.0625000
     35        8.49143      0.0625000
     36        8.49152      0.0625000
     37        8.92205      0.0625000
     38        8.92212      0.0625000
     39        9.19183      0.0625000
     40        9.19191      0.0625000
     41        9.57237      0.0625000
     42        9.57241      0.0625000
     43        10.1902      0.0625000
     44        10.1903      0.0625000
     45        10.4570      0.0625000
     46        10.4571      0.0625000
     47        10.7209      0.0625000
     48        10.7210      0.0625000
     49        16.3870        0.00000
     50        16.3871        0.00000
     51        16.8066        0.00000
     52        16.8067        0.00000
     53        16.9666        0.00000
     54        16.9668        0.00000
     55        17.2910        0.00000
     56        17.2911        0.00000
     57        18.1472        0.00000
     58        18.1473        0.00000
 Energy (eV) & Occupations  for spin=1 K-point=7
      1       -48.8427      0.0625000
      2       -48.8363      0.0625000
      3       -48.8304      0.0625000
      4       -48.8298      0.0625000
      5       -18.5750      0.0625000
      6       -18.5369      0.0625000
      7       -18.4904      0.0625000
      8       -18.4893      0.0625000
      9       -18.4426      0.0625000
     10       -18.4397      0.0625000
     11       -18.3686      0.0625000
     12       -18.3498      0.0625000
     13       -18.3142      0.0625000
     14       -18.3061      0.0625000
     15       -18.2848      0.0625000
     16       -18.2808      0.0625000
     17       -6.27621      0.0625000
     18       -5.54304      0.0625000
     19       -5.44334      0.0625000
     20       -5.36122      0.0625000
     21       -5.20260      0.0625000
     22       -4.96930      0.0625000
     23       -4.85829      0.0625000
     24       -4.78751      0.0625000
     25        6.01369      0.0625000
     26        6.07436      0.0625000
     27        6.74135      0.0625000
     28        6.76465      0.0625000
     29        6.78817      0.0625000
     30        7.02902      0.0625000
     31        7.23293      0.0625000
     32        7.25565      0.0625000
     33        7.89978      0.0625000
     34        8.04677      0.0625000
     35        8.54140      0.0625000
     36        8.55276      0.0625000
     37        8.65496      0.0625000
     38        8.91638      0.0625000
     39        9.44421      0.0625000
     40        9.48547      0.0625000
     41        9.79995      0.0625000
     42        9.83437      0.0625000
     43        10.0180      0.0625000
     44        10.2013      0.0625000
     45        10.3647      0.0625000
     46        10.5733      0.0625000
     47        10.9909      0.0625000
     48        10.9933      0.0625000
     49        15.9114    1.38778e-17
     50        16.1423        0.00000
     51        16.1471        0.00000
     52        16.7040        0.00000
     53        16.7056        0.00000
     54        17.4484        0.00000
     55        17.5871        0.00000
     56        17.7554        0.00000
     57        17.9481        0.00000
     58        18.2920        0.00000
 Energy (eV) & Occupations  for spin=1 K-point=8
      1       -48.8388      0.0625000
      2       -48.8387      0.0625000
      3       -48.8310      0.0625000
      4       -48.8309      0.0625000
      5       -18.5906      0.0625000
      6       -18.5906      0.0625000
      7       -18.5232      0.0625000
      8       -18.5232      0.0625000
      9       -18.4233      0.0625000
     10       -18.4233      0.0625000
     11       -18.3317      0.0625000
     12       -18.3317      0.0625000
     13       -18.3058      0.0625000
     14       -18.3057      0.0625000
     15       -18.2633      0.0625000
     16       -18.2633      0.0625000
     17       -5.97419      0.0625000
     18       -5.97418      0.0625000
     19       -5.42132      0.0625000
     20       -5.42126      0.0625000
     21       -5.03381      0.0625000
     22       -5.03376      0.0625000
     23       -4.81370      0.0625000
     24       -4.81362      0.0625000
     25        6.43688      0.0625000
     26        6.43690      0.0625000
     27        6.70143      0.0625000
     28        6.70143      0.0625000
     29        7.04765      0.0625000
     30        7.04771      0.0625000
     31        7.78858      0.0625000
     32        7.78870      0.0625000
     33        8.10239      0.0625000
     34        8.10246      0.0625000
     35        8.28859      0.0625000
     36        8.28880      0.0625000
     37        8.73986      0.0625000
     38        8.73988      0.0625000
     39        8.96680      0.0625000
     40        8.96698      0.0625000
     41        9.61909      0.0625000
     42        9.61916      0.0625000
     43        9.96303      0.0625000
     44        9.96309      0.0625000
     45        10.3311      0.0625000
     46        10.3312      0.0625000
     47        10.6295      0.0625000
     48        10.6295      0.0625000
     49        15.9301    3.46945e-18
     50        15.9302    3.46945e-18
     51        16.4226        0.00000
     52        16.4226        0.00000
     53        16.7928        0.00000
     54        16.7929        0.00000
     55        17.4989        0.00000
     56        17.4991        0.00000
     57        18.0217        0.00000
     58        18.0218        0.00000
 Energy (eV) & Occupations  for spin=1 K-point=9
      1       -48.8460      0.0625000
      2       -48.8317      0.0625000
      3       -48.8308      0.0625000
      4       -48.8307      0.0625000
      5       -18.6088      0.0625000
      6       -18.6079      0.0625000
      7       -18.5968      0.0625000
      8       -18.4640      0.0625000
      9       -18.3848      0.0625000
     10       -18.3708      0.0625000
     11       -18.3632      0.0625000
     12       -18.3532      0.0625000
     13       -18.3112      0.0625000
     14       -18.2817      0.0625000
     15       -18.2605      0.0625000
     16       -18.2555      0.0625000
     17       -6.66871      0.0625000
     18       -5.50674      0.0625000
     19       -5.50380      0.0625000
     20       -5.34185      0.0625000
     21       -5.03086      0.0625000
     22       -4.83968      0.0625000
     23       -4.81268      0.0625000
     24       -4.68563      0.0625000
     25        5.79659      0.0625000
     26        5.93407      0.0625000
     27        6.22389      0.0625000
     28        6.57322      0.0625000
     29        6.81337      0.0625000
     30        7.21604      0.0625000
     31        7.46998      0.0625000
     32        7.59898      0.0625000
     33        7.81808      0.0625000
     34        8.17172      0.0625000
     35        8.23800      0.0625000
     36        8.75670      0.0625000
     37        8.86990      0.0625000
     38        9.07463      0.0625000
     39        9.37966      0.0625000
     40        9.53692      0.0625000
     41        9.64355      0.0625000
     42        9.75200      0.0625000
     43        10.0988      0.0625000
     44        10.1001      0.0625000
     45        10.3189      0.0625000
     46        10.8377      0.0625000
     47        10.9591      0.0625000
     48        11.0499      0.0625000
     49        15.9916        0.00000
     50        16.3263        0.00000
     51        16.3876        0.00000
     52        16.7755        0.00000
     53        17.0567        0.00000
     54        17.1789        0.00000
     55        17.2085        0.00000
     56        17.3121        0.00000
     57        17.9928        0.00000
     58        18.3044        0.00000
 Energy (eV) & Occupations  for spin=1 K-point=10
      1       -48.8394      0.0625000
      2       -48.8393      0.0625000
      3       -48.8305      0.0625000
      4       -48.8304      0.0625000
      5       -18.5473      0.0625000
      6       -18.5473      0.0625000
      7       -18.5151      0.0625000
      8       -18.5151      0.0625000
      9       -18.4482      0.0625000
     10       -18.4482      0.0625000
     11       -18.3432      0.0625000
     12       -18.3432      0.0625000
     13       -18.3127      0.0625000
     14       -18.3126      0.0625000
     15       -18.2708      0.0625000
     16       -18.2708      0.0625000
     17       -6.00282      0.0625000
     18       -6.00280      0.0625000
     19       -5.37493      0.0625000
     20       -5.37490      0.0625000
     21       -4.98119      0.0625000
     22       -4.98113      0.0625000
     23       -4.88720      0.0625000
     24       -4.88713      0.0625000
     25        6.51429      0.0625000
     26        6.51436      0.0625000
     27        6.75566      0.0625000
     28        6.75568      0.0625000
     29        7.15687      0.0625000
     30        7.15691      0.0625000
     31        7.38362      0.0625000
     32        7.38369      0.0625000
     33        7.73198      0.0625000
     34        7.73210      0.0625000
     35        8.41340      0.0625000
     36        8.41349      0.0625000
     37        8.72505      0.0625000
     38        8.72519      0.0625000
     39        9.22171      0.0625000
     40        9.22177      0.0625000
     41        9.61223      0.0625000
     42        9.61228      0.0625000
     43        9.99086      0.0625000
     44        9.99097      0.0625000
     45        10.3314      0.0625000
     46        10.3315      0.0625000
     47        10.6777      0.0625000
     48        10.6778      0.0625000
     49        16.3293        0.00000
     50        16.3294        0.00000
     51        16.6972        0.00000
     52        16.6973        0.00000
     53        17.0918        0.00000
     54        17.0920        0.00000
     55        17.3186        0.00000
     56        17.3190        0.00000
     57        18.1886        0.00000
     58        18.1887        0.00000
 Energy (eV) & Occupations  for spin=1 K-point=11
      1       -48.8412      0.0625000
      2       -48.8356      0.0625000
      3       -48.8313      0.0625000
      4       -48.8311      0.0625000
      5       -18.5839      0.0625000
      6       -18.5240      0.0625000
      7       -18.5188      0.0625000
      8       -18.5135      0.0625000
      9       -18.4636      0.0625000
     10       -18.4248      0.0625000
     11       -18.3584      0.0625000
     12       -18.3444      0.0625000
     13       -18.2976      0.0625000
     14       -18.2955      0.0625000
     15       -18.2801      0.0625000
     16       -18.2745      0.0625000
     17       -6.17924      0.0625000
     18       -5.51026      0.0625000
     19       -5.48693      0.0625000
     20       -5.38613      0.0625000
     21       -5.24831      0.0625000
     22       -5.02581      0.0625000
     23       -4.84807      0.0625000
     24       -4.78694      0.0625000
     25        6.06866      0.0625000
     26        6.34162      0.0625000
     27        6.67129      0.0625000
     28        6.80832      0.0625000
     29        6.97935      0.0625000
     30        7.09985      0.0625000
     31        7.10821      0.0625000
     32        7.46491      0.0625000
     33        7.95782      0.0625000
     34        8.02428      0.0625000
     35        8.48036      0.0625000
     36        8.57183      0.0625000
     37        8.64753      0.0625000
     38        9.01325      0.0625000
     39        9.36093      0.0625000
     40        9.44965      0.0625000
     41        9.65106      0.0625000
     42        9.78673      0.0625000
     43        9.96125      0.0625000
     44        9.98450      0.0625000
     45        10.3299      0.0625000
     46        10.3383      0.0625000
     47        10.9151      0.0625000
     48        10.9479      0.0625000
     49        15.9307    3.46945e-18
     50        16.0352        0.00000
     51        16.1042        0.00000
     52        16.5514        0.00000
     53        16.5779        0.00000
     54        17.5297        0.00000
     55        17.5820        0.00000
     56        17.6989        0.00000
     57        17.7406        0.00000
     58        18.0728        0.00000
 Energy (eV) & Occupations  for spin=1 K-point=12
      1       -48.8378      0.0625000
      2       -48.8378      0.0625000
      3       -48.8319      0.0625000
      4       -48.8318      0.0625000
      5       -18.6218      0.0625000
      6       -18.6218      0.0625000
      7       -18.5701      0.0625000
      8       -18.5701      0.0625000
      9       -18.3689      0.0625000
     10       -18.3689      0.0625000
     11       -18.3162      0.0625000
     12       -18.3161      0.0625000
     13       -18.2928      0.0625000
     14       -18.2928      0.0625000
     15       -18.2655      0.0625000
     16       -18.2654      0.0625000
     17       -5.95433      0.0625000
     18       -5.95432      0.0625000
     19       -5.56766      0.0625000
     20       -5.56760      0.0625000
     21       -4.93614      0.0625000
     22       -4.93610      0.0625000
     23       -4.78626      0.0625000
     24       -4.78618      0.0625000
     25        6.61013      0.0625000
     26        6.61017      0.0625000
     27        6.78997      0.0625000
     28        6.78998      0.0625000
     29        7.09828      0.0625000
     30        7.09836      0.0625000
     31        7.53015      0.0625000
     32        7.53025      0.0625000
     33        8.12512      0.0625000
     34        8.12519      0.0625000
     35        8.28526      0.0625000
     36        8.28531      0.0625000
     37        8.90503      0.0625000
     38        8.90505      0.0625000
     39        9.10949      0.0625000
     40        9.10967      0.0625000
     41        9.65304      0.0625000
     42        9.65313      0.0625000
     43        9.82607      0.0625000
     44        9.82611      0.0625000
     45        10.0693      0.0625000
     46        10.0694      0.0625000
     47        10.5688      0.0625000
     48        10.5688      0.0625000
     49        15.8280    1.23165e-15
     50        15.8281    1.22818e-15
     51        16.4274        0.00000
     52        16.4274        0.00000
     53        16.7036        0.00000
     54        16.7038        0.00000
     55        17.4442        0.00000
     56        17.4444        0.00000
     57        17.9763        0.00000
     58        17.9764        0.00000
 Energy (eV) & Occupations  for spin=1 K-point=13
      1       -48.8428      0.0625000
      2       -48.8350      0.0625000
      3       -48.8308      0.0625000
      4       -48.8307      0.0625000
      5       -18.5817      0.0625000
      6       -18.5552      0.0625000
      7       -18.5547      0.0625000
      8       -18.5059      0.0625000
      9       -18.4250      0.0625000
     10       -18.3910      0.0625000
     11       -18.3593      0.0625000
     12       -18.3547      0.0625000
     13       -18.3020      0.0625000
     14       -18.2938      0.0625000
     15       -18.2762      0.0625000
     16       -18.2696      0.0625000
     17       -6.39682      0.0625000
     18       -5.74797      0.0625000
     19       -5.46816      0.0625000
     20       -5.38127      0.0625000
     21       -5.02348      0.0625000
     22       -4.88277      0.0625000
     23       -4.79917      0.0625000
     24       -4.71518      0.0625000
     25        5.88073      0.0625000
     26        6.17305      0.0625000
     27        6.59706      0.0625000
     28        6.76367      0.0625000
     29        7.00832      0.0625000
     30        7.26505      0.0625000
     31        7.27093      0.0625000
     32        7.34292      0.0625000
     33        7.59969      0.0625000
     34        8.17497      0.0625000
     35        8.36157      0.0625000
     36        8.41860      0.0625000
     37        8.92105      0.0625000
     38        9.01326      0.0625000
     39        9.20778      0.0625000
     40        9.31585      0.0625000
     41        9.38905      0.0625000
     42        9.61192      0.0625000
     43        10.1645      0.0625000
     44        10.1708      0.0625000
     45        10.5848      0.0625000
     46        10.8229      0.0625000
     47        10.9125      0.0625000
     48        10.9611      0.0625000
     49        15.8803    7.28584e-17
     50        16.0441        0.00000
     51        16.4311        0.00000
     52        16.6350        0.00000
     53        17.1971        0.00000
     54        17.2264        0.00000
     55        17.2323        0.00000
     56        17.3787        0.00000
     57        18.4965        0.00000
     58        18.5766        0.00000
 Energy (eV) & Occupations  for spin=1 K-point=14
      1       -48.8373      0.0625000
      2       -48.8372      0.0625000
      3       -48.8325      0.0625000
      4       -48.8324      0.0625000
      5       -18.5442      0.0625000
      6       -18.5441      0.0625000
      7       -18.5204      0.0625000
      8       -18.5204      0.0625000
      9       -18.4326      0.0625000
     10       -18.4326      0.0625000
     11       -18.3666      0.0625000
     12       -18.3665      0.0625000
     13       -18.3020      0.0625000
     14       -18.3019      0.0625000
     15       -18.2738      0.0625000
     16       -18.2738      0.0625000
     17       -5.86286      0.0625000
     18       -5.86285      0.0625000
     19       -5.52298      0.0625000
     20       -5.52295      0.0625000
     21       -4.95929      0.0625000
     22       -4.95923      0.0625000
     23       -4.91099      0.0625000
     24       -4.91093      0.0625000
     25        6.67384      0.0625000
     26        6.67388      0.0625000
     27        6.86680      0.0625000
     28        6.86683      0.0625000
     29        7.22265      0.0625000
     30        7.22266      0.0625000
     31        7.49171      0.0625000
     32        7.49176      0.0625000
     33        7.78544      0.0625000
     34        7.78562      0.0625000
     35        8.31106      0.0625000
     36        8.31124      0.0625000
     37        8.53451      0.0625000
     38        8.53472      0.0625000
     39        9.16360      0.0625000
     40        9.16373      0.0625000
     41        9.64152      0.0625000
     42        9.64165      0.0625000
     43        9.72612      0.0625000
     44        9.72635      0.0625000
     45        10.3310      0.0625000
     46        10.3310      0.0625000
     47        10.5981      0.0625000
     48        10.5982      0.0625000
     49        16.3101        0.00000
     50        16.3102        0.00000
     51        16.5336        0.00000
     52        16.5337        0.00000
     53        17.2523        0.00000
     54        17.2526        0.00000
     55        17.3942        0.00000
     56        17.3945        0.00000
     57        18.2273        0.00000
     58        18.2274        0.00000
 Energy (eV) & Occupations  for spin=1 K-point=15
      1       -48.8389      0.0625000
      2       -48.8345      0.0625000
      3       -48.8336      0.0625000
      4       -48.8321      0.0625000
      5       -18.5855      0.0625000
      6       -18.5504      0.0625000
      7       -18.5297      0.0625000
      8       -18.5246      0.0625000
      9       -18.4579      0.0625000
     10       -18.3980      0.0625000
     11       -18.3888      0.0625000
     12       -18.3400      0.0625000
     13       -18.2972      0.0625000
     14       -18.2737      0.0625000
     15       -18.2712      0.0625000
     16       -18.2628      0.0625000
     17       -6.03087      0.0625000
     18       -5.65957      0.0625000
     19       -5.45639      0.0625000
     20       -5.31410      0.0625000
     21       -5.30294      0.0625000
     22       -5.10895      0.0625000
     23       -4.83200      0.0625000
     24       -4.79595      0.0625000
     25        6.20173      0.0625000
     26        6.56337      0.0625000
     27        6.63502      0.0625000
     28        6.94970      0.0625000
     29        6.99945      0.0625000
     30        7.17053      0.0625000
     31        7.18367      0.0625000
     32        7.66071      0.0625000
     33        7.74600      0.0625000
     34        8.19356      0.0625000
     35        8.23185      0.0625000
     36        8.62038      0.0625000
     37        8.75032      0.0625000
     38        9.16707      0.0625000
     39        9.23295      0.0625000
     40        9.44121      0.0625000
     41        9.45580      0.0625000
     42        9.71216      0.0625000
     43        9.77028      0.0625000
     44        9.84494      0.0625000
     45        10.1950      0.0625000
     46        10.2738      0.0625000
     47        10.8435      0.0625000
     48        10.8787      0.0625000
     49        15.7919    8.18789e-15
     50        15.9317    3.46945e-18
     51        16.0921        0.00000
     52        16.3328        0.00000
     53        16.8114        0.00000
     54        17.4533        0.00000
     55        17.5856        0.00000
     56        17.6107        0.00000
     57        17.6729        0.00000
     58        17.8865        0.00000
 Energy (eV) & Occupations  for spin=1 K-point=16
      1       -48.8364      0.0625000
      2       -48.8364      0.0625000
      3       -48.8332      0.0625000
      4       -48.8332      0.0625000
      5       -18.6392      0.0625000
      6       -18.6392      0.0625000
      7       -18.6110      0.0625000
      8       -18.6109      0.0625000
      9       -18.3257      0.0625000
     10       -18.3257      0.0625000
     11       -18.3021      0.0625000
     12       -18.3021      0.0625000
     13       -18.2887      0.0625000
     14       -18.2887      0.0625000
     15       -18.2659      0.0625000
     16       -18.2659      0.0625000
     17       -5.90849      0.0625000
     18       -5.90847      0.0625000
     19       -5.71081      0.0625000
     20       -5.71076      0.0625000
     21       -4.85246      0.0625000
     22       -4.85241      0.0625000
     23       -4.77427      0.0625000
     24       -4.77420      0.0625000
     25        6.75093      0.0625000
     26        6.75095      0.0625000
     27        6.96969      0.0625000
     28        6.96978      0.0625000
     29        7.14778      0.0625000
     30        7.14796      0.0625000
     31        7.32406      0.0625000
     32        7.32416      0.0625000
     33        8.11700      0.0625000
     34        8.11702      0.0625000
     35        8.42622      0.0625000
     36        8.42627      0.0625000
     37        8.86485      0.0625000
     38        8.86492      0.0625000
     39        9.13926      0.0625000
     40        9.13939      0.0625000
     41        9.56191      0.0625000
     42        9.56195      0.0625000
     43        9.68980      0.0625000
     44        9.68989      0.0625000
     45        10.0904      0.0625000
     46        10.0905      0.0625000
     47        10.4597      0.0625000
     48        10.4597      0.0625000
     49        15.7939    7.38645e-15
     50        15.7940    7.36911e-15
     51        16.1593        0.00000
     52        16.1593        0.00000
     53        16.8929        0.00000
     54        16.8930        0.00000
     55        17.3085        0.00000
     56        17.3087        0.00000
     57        17.9850        0.00000
     58        17.9850        0.00000
 Energy (eV) & Occupations  for spin=1 K-point=17
      1       -48.8389      0.0625000
      2       -48.8389      0.0625000
      3       -48.8307      0.0625000
      4       -48.8307      0.0625000
      5       -18.5468      0.0625000
      6       -18.5468      0.0625000
      7       -18.5210      0.0625000
      8       -18.5210      0.0625000
      9       -18.4409      0.0625000
     10       -18.4409      0.0625000
     11       -18.3521      0.0625000
     12       -18.3520      0.0625000
     13       -18.2915      0.0625000
     14       -18.2915      0.0625000
     15       -18.2844      0.0625000
     16       -18.2843      0.0625000
     17       -6.07133      0.0625000
     18       -6.07130      0.0625000
     19       -5.42559      0.0625000
     20       -5.42553      0.0625000
     21       -4.96067      0.0625000
     22       -4.96064      0.0625000
     23       -4.75492      0.0625000
     24       -4.75484      0.0625000
     25        6.07992      0.0625000
     26        6.07998      0.0625000
     27        6.86559      0.0625000
     28        6.86563      0.0625000
     29        7.09227      0.0625000
     30        7.09229      0.0625000
     31        7.38689      0.0625000
     32        7.38705      0.0625000
     33        7.61206      0.0625000
     34        7.61211      0.0625000
     35        8.64898      0.0625000
     36        8.64911      0.0625000
     37        8.65374      0.0625000
     38        8.65395      0.0625000
     39        9.34618      0.0625000
     40        9.34623      0.0625000
     41        9.35861      0.0625000
     42        9.35875      0.0625000
     43        10.1981      0.0625000
     44        10.1982      0.0625000
     45        10.7577      0.0625000
     46        10.7578      0.0625000
     47        10.9097      0.0625000
     48        10.9098      0.0625000
     49        15.8800    7.28584e-17
     50        15.8802    7.28584e-17
     51        16.5150        0.00000
     52        16.5152        0.00000
     53        17.2221        0.00000
     54        17.2223        0.00000
     55        17.3595        0.00000
     56        17.3595        0.00000
     57        18.5946        0.00000
     58        18.5947        0.00000
 Energy (eV) & Occupations  for spin=1 K-point=18
      1       -48.8349      0.0625000
      2       -48.8349      0.0625000
      3       -48.8348      0.0625000
      4       -48.8348      0.0625000
      5       -18.5339      0.0625000
      6       -18.5339      0.0625000
      7       -18.5339      0.0625000
      8       -18.5339      0.0625000
      9       -18.4012      0.0625000
     10       -18.4012      0.0625000
     11       -18.4012      0.0625000
     12       -18.4011      0.0625000
     13       -18.2851      0.0625000
     14       -18.2851      0.0625000
     15       -18.2851      0.0625000
     16       -18.2851      0.0625000
     17       -5.69465      0.0625000
     18       -5.69462      0.0625000
     19       -5.69459      0.0625000
     20       -5.69454      0.0625000
     21       -4.93554      0.0625000
     22       -4.93547      0.0625000
     23       -4.93545      0.0625000
     24       -4.93543      0.0625000
     25        6.80463      0.0625000
     26        6.80464      0.0625000
     27        6.80465      0.0625000
     28        6.80467      0.0625000
     29        7.41823      0.0625000
     30        7.41825      0.0625000
     31        7.41831      0.0625000
     32        7.41834      0.0625000
     33        7.98789      0.0625000
     34        7.98793      0.0625000
     35        7.98814      0.0625000
     36        7.98819      0.0625000
     37        8.80849      0.0625000
     38        8.80851      0.0625000
     39        8.80867      0.0625000
     40        8.80868      0.0625000
     41        9.66446      0.0625000
     42        9.66450      0.0625000
     43        9.66468      0.0625000
     44        9.66469      0.0625000
     45        10.4550      0.0625000
     46        10.4551      0.0625000
     47        10.4552      0.0625000
     48        10.4552      0.0625000
     49        16.3831        0.00000
     50        16.3831        0.00000
     51        16.3833        0.00000
     52        16.3834        0.00000
     53        17.3808        0.00000
     54        17.3808        0.00000
     55        17.3811        0.00000
     56        17.3811        0.00000
     57        18.3141        0.00000
     58        18.3141        0.00000
 Energy (eV) & Occupations  for spin=1 K-point=19
      1       -48.8363      0.0625000
      2       -48.8362      0.0625000
      3       -48.8333      0.0625000
      4       -48.8333      0.0625000
      5       -18.5743      0.0625000
      6       -18.5743      0.0625000
      7       -18.5327      0.0625000
      8       -18.5327      0.0625000
      9       -18.4256      0.0625000
     10       -18.4256      0.0625000
     11       -18.3669      0.0625000
     12       -18.3669      0.0625000
     13       -18.2801      0.0625000
     14       -18.2801      0.0625000
     15       -18.2605      0.0625000
     16       -18.2604      0.0625000
     17       -5.84980      0.0625000
     18       -5.84977      0.0625000
     19       -5.38766      0.0625000
     20       -5.38755      0.0625000
     21       -5.20611      0.0625000
     22       -5.20594      0.0625000
     23       -4.81294      0.0625000
     24       -4.81286      0.0625000
     25        6.38983      0.0625000
     26        6.38986      0.0625000
     27        6.80465      0.0625000
     28        6.80475      0.0625000
     29        7.22538      0.0625000
     30        7.22558      0.0625000
     31        7.39276      0.0625000
     32        7.39285      0.0625000
     33        7.92806      0.0625000
     34        7.92819      0.0625000
     35        8.40435      0.0625000
     36        8.40446      0.0625000
     37        9.02893      0.0625000
     38        9.02907      0.0625000
     39        9.34468      0.0625000
     40        9.34479      0.0625000
     41        9.50755      0.0625000
     42        9.50767      0.0625000
     43        9.74854      0.0625000
     44        9.74876      0.0625000
     45        10.2087      0.0625000
     46        10.2090      0.0625000
     47        10.8285      0.0625000
     48        10.8286      0.0625000
     49        15.7994    5.55458e-15
     50        15.7997    5.47132e-15
     51        16.1617        0.00000
     52        16.1621        0.00000
     53        17.1789        0.00000
     54        17.1791        0.00000
     55        17.5727        0.00000
     56        17.5727        0.00000
     57        17.7477        0.00000
     58        17.7478        0.00000
 Energy (eV) & Occupations  for spin=1 K-point=20
      1       -48.8348      0.0625000
      2       -48.8348      0.0625000
      3       -48.8348      0.0625000
      4       -48.8347      0.0625000
      5       -18.6356      0.0625000
      6       -18.6356      0.0625000
      7       -18.6356      0.0625000
      8       -18.6356      0.0625000
      9       -18.3046      0.0625000
     10       -18.3046      0.0625000
     11       -18.3046      0.0625000
     12       -18.3045      0.0625000
     13       -18.2756      0.0625000
     14       -18.2756      0.0625000
     15       -18.2755      0.0625000
     16       -18.2755      0.0625000
     17       -5.82765      0.0625000
     18       -5.82762      0.0625000
     19       -5.82759      0.0625000
     20       -5.82752      0.0625000
     21       -4.79581      0.0625000
     22       -4.79576      0.0625000
     23       -4.79573      0.0625000
     24       -4.79570      0.0625000
     25        6.89948      0.0625000
     26        6.89950      0.0625000
     27        6.89956      0.0625000
     28        6.89956      0.0625000
     29        7.24442      0.0625000
     30        7.24445      0.0625000
     31        7.24465      0.0625000
     32        7.24467      0.0625000
     33        8.29620      0.0625000
     34        8.29622      0.0625000
     35        8.29650      0.0625000
     36        8.29653      0.0625000
     37        8.94371      0.0625000
     38        8.94376      0.0625000
     39        8.94385      0.0625000
     40        8.94386      0.0625000
     41        9.59271      0.0625000
     42        9.59275      0.0625000
     43        9.59282      0.0625000
     44        9.59284      0.0625000
     45        10.2902      0.0625000
     46        10.2902      0.0625000
     47        10.2902      0.0625000
     48        10.2903      0.0625000
     49        15.9079    1.38778e-17
     50        15.9080    1.38778e-17
     51        15.9082    1.38778e-17
     52        15.9082    1.38778e-17
     53        17.1162        0.00000
     54        17.1163        0.00000
     55        17.1165        0.00000
     56        17.1166        0.00000
     57        18.1162        0.00000
     58        18.1162        0.00000
 Energy (eV) & Occupations  for spin=1 K-point=21
      1       -48.8428      0.0625000
      2       -48.8350      0.0625000
      3       -48.8308      0.0625000
      4       -48.8307      0.0625000
      5       -18.5817      0.0625000
      6       -18.5552      0.0625000
      7       -18.5547      0.0625000
      8       -18.5059      0.0625000
      9       -18.4250      0.0625000
     10       -18.3910      0.0625000
     11       -18.3593      0.0625000
     12       -18.3547      0.0625000
     13       -18.3020      0.0625000
     14       -18.2938      0.0625000
     15       -18.2762      0.0625000
     16       -18.2696      0.0625000
     17       -6.39682      0.0625000
     18       -5.74797      0.0625000
     19       -5.46816      0.0625000
     20       -5.38127      0.0625000
     21       -5.02348      0.0625000
     22       -4.88277      0.0625000
     23       -4.79917      0.0625000
     24       -4.71518      0.0625000
     25        5.88073      0.0625000
     26        6.17305      0.0625000
     27        6.59706      0.0625000
     28        6.76367      0.0625000
     29        7.00832      0.0625000
     30        7.26505      0.0625000
     31        7.27093      0.0625000
     32        7.34292      0.0625000
     33        7.59969      0.0625000
     34        8.17497      0.0625000
     35        8.36157      0.0625000
     36        8.41860      0.0625000
     37        8.92105      0.0625000
     38        9.01326      0.0625000
     39        9.20778      0.0625000
     40        9.31585      0.0625000
     41        9.38905      0.0625000
     42        9.61192      0.0625000
     43        10.1645      0.0625000
     44        10.1708      0.0625000
     45        10.5848      0.0625000
     46        10.8229      0.0625000
     47        10.9125      0.0625000
     48        10.9611      0.0625000
     49        15.8803    7.28584e-17
     50        16.0441        0.00000
     51        16.4311        0.00000
     52        16.6350        0.00000
     53        17.1971        0.00000
     54        17.2264        0.00000
     55        17.2323        0.00000
     56        17.3787        0.00000
     57        18.4965        0.00000
     58        18.5766        0.00000
 Energy (eV) & Occupations  for spin=1 K-point=22
      1       -48.8373      0.0625000
      2       -48.8372      0.0625000
      3       -48.8325      0.0625000
      4       -48.8324      0.0625000
      5       -18.5442      0.0625000
      6       -18.5441      0.0625000
      7       -18.5204      0.0625000
      8       -18.5204      0.0625000
      9       -18.4326      0.0625000
     10       -18.4326      0.0625000
     11       -18.3666      0.0625000
     12       -18.3665      0.0625000
     13       -18.3020      0.0625000
     14       -18.3019      0.0625000
     15       -18.2738      0.0625000
     16       -18.2738      0.0625000
     17       -5.86286      0.0625000
     18       -5.86285      0.0625000
     19       -5.52298      0.0625000
     20       -5.52295      0.0625000
     21       -4.95929      0.0625000
     22       -4.95923      0.0625000
     23       -4.91099      0.0625000
     24       -4.91093      0.0625000
     25        6.67384      0.0625000
     26        6.67388      0.0625000
     27        6.86680      0.0625000
     28        6.86683      0.0625000
     29        7.22265      0.0625000
     30        7.22266      0.0625000
     31        7.49171      0.0625000
     32        7.49176      0.0625000
     33        7.78544      0.0625000
     34        7.78562      0.0625000
     35        8.31106      0.0625000
     36        8.31124      0.0625000
     37        8.53451      0.0625000
     38        8.53472      0.0625000
     39        9.16360      0.0625000
     40        9.16373      0.0625000
     41        9.64152      0.0625000
     42        9.64165      0.0625000
     43        9.72612      0.0625000
     44        9.72635      0.0625000
     45        10.3310      0.0625000
     46        10.3310      0.0625000
     47        10.5981      0.0625000
     48        10.5982      0.0625000
     49        16.3101        0.00000
     50        16.3102        0.00000
     51        16.5336        0.00000
     52        16.5337        0.00000
     53        17.2523        0.00000
     54        17.2526        0.00000
     55        17.3942        0.00000
     56        17.3945        0.00000
     57        18.2273        0.00000
     58        18.2274        0.00000
 Energy (eV) & Occupations  for spin=1 K-point=23
      1       -48.8389      0.0625000
      2       -48.8345      0.0625000
      3       -48.8336      0.0625000
      4       -48.8321      0.0625000
      5       -18.5855      0.0625000
      6       -18.5504      0.0625000
      7       -18.5297      0.0625000
      8       -18.5246      0.0625000
      9       -18.4579      0.0625000
     10       -18.3980      0.0625000
     11       -18.3888      0.0625000
     12       -18.3400      0.0625000
     13       -18.2972      0.0625000
     14       -18.2737      0.0625000
     15       -18.2712      0.0625000
     16       -18.2628      0.0625000
     17       -6.03087      0.0625000
     18       -5.65957      0.0625000
     19       -5.45639      0.0625000
     20       -5.31410      0.0625000
     21       -5.30294      0.0625000
     22       -5.10895      0.0625000
     23       -4.83200      0.0625000
     24       -4.79595      0.0625000
     25        6.20173      0.0625000
     26        6.56337      0.0625000
     27        6.63502      0.0625000
     28        6.94970      0.0625000
     29        6.99945      0.0625000
     30        7.17053      0.0625000
     31        7.18367      0.0625000
     32        7.66071      0.0625000
     33        7.74600      0.0625000
     34        8.19356      0.0625000
     35        8.23185      0.0625000
     36        8.62038      0.0625000
     37        8.75032      0.0625000
     38        9.16707      0.0625000
     39        9.23295      0.0625000
     40        9.44121      0.0625000
     41        9.45580      0.0625000
     42        9.71216      0.0625000
     43        9.77028      0.0625000
     44        9.84494      0.0625000
     45        10.1950      0.0625000
     46        10.2738      0.0625000
     47        10.8435      0.0625000
     48        10.8787      0.0625000
     49        15.7919    8.18789e-15
     50        15.9317    3.46945e-18
     51        16.0921        0.00000
     52        16.3328        0.00000
     53        16.8114        0.00000
     54        17.4533        0.00000
     55        17.5856        0.00000
     56        17.6107        0.00000
     57        17.6729        0.00000
     58        17.8865        0.00000
 Energy (eV) & Occupations  for spin=1 K-point=24
      1       -48.8364      0.0625000
      2       -48.8364      0.0625000
      3       -48.8332      0.0625000
      4       -48.8332      0.0625000
      5       -18.6392      0.0625000
      6       -18.6392      0.0625000
      7       -18.6110      0.0625000
      8       -18.6109      0.0625000
      9       -18.3257      0.0625000
     10       -18.3257      0.0625000
     11       -18.3021      0.0625000
     12       -18.3021      0.0625000
     13       -18.2887      0.0625000
     14       -18.2887      0.0625000
     15       -18.2659      0.0625000
     16       -18.2659      0.0625000
     17       -5.90849      0.0625000
     18       -5.90847      0.0625000
     19       -5.71081      0.0625000
     20       -5.71076      0.0625000
     21       -4.85246      0.0625000
     22       -4.85241      0.0625000
     23       -4.77427      0.0625000
     24       -4.77420      0.0625000
     25        6.75093      0.0625000
     26        6.75095      0.0625000
     27        6.96969      0.0625000
     28        6.96978      0.0625000
     29        7.14778      0.0625000
     30        7.14796      0.0625000
     31        7.32406      0.0625000
     32        7.32416      0.0625000
     33        8.11700      0.0625000
     34        8.11702      0.0625000
     35        8.42622      0.0625000
     36        8.42627      0.0625000
     37        8.86485      0.0625000
     38        8.86492      0.0625000
     39        9.13926      0.0625000
     40        9.13939      0.0625000
     41        9.56191      0.0625000
     42        9.56195      0.0625000
     43        9.68980      0.0625000
     44        9.68989      0.0625000
     45        10.0904      0.0625000
     46        10.0905      0.0625000
     47        10.4597      0.0625000
     48        10.4597      0.0625000
     49        15.7939    7.38645e-15
     50        15.7940    7.36911e-15
     51        16.1593        0.00000
     52        16.1593        0.00000
     53        16.8929        0.00000
     54        16.8930        0.00000
     55        17.3085        0.00000
     56        17.3087        0.00000
     57        17.9850        0.00000
     58        17.9850        0.00000
 Energy (eV) & Occupations  for spin=1 K-point=25
      1       -48.8460      0.0625000
      2       -48.8317      0.0625000
      3       -48.8308      0.0625000
      4       -48.8307      0.0625000
      5       -18.6088      0.0625000
      6       -18.6079      0.0625000
      7       -18.5968      0.0625000
      8       -18.4640      0.0625000
      9       -18.3848      0.0625000
     10       -18.3708      0.0625000
     11       -18.3632      0.0625000
     12       -18.3532      0.0625000
     13       -18.3112      0.0625000
     14       -18.2817      0.0625000
     15       -18.2605      0.0625000
     16       -18.2555      0.0625000
     17       -6.66871      0.0625000
     18       -5.50674      0.0625000
     19       -5.50380      0.0625000
     20       -5.34185      0.0625000
     21       -5.03086      0.0625000
     22       -4.83968      0.0625000
     23       -4.81268      0.0625000
     24       -4.68563      0.0625000
     25        5.79659      0.0625000
     26        5.93407      0.0625000
     27        6.22389      0.0625000
     28        6.57322      0.0625000
     29        6.81337      0.0625000
     30        7.21604      0.0625000
     31        7.46998      0.0625000
     32        7.59898      0.0625000
     33        7.81808      0.0625000
     34        8.17172      0.0625000
     35        8.23800      0.0625000
     36        8.75670      0.0625000
     37        8.86990      0.0625000
     38        9.07463      0.0625000
     39        9.37966      0.0625000
     40        9.53692      0.0625000
     41        9.64355      0.0625000
     42        9.75200      0.0625000
     43        10.0988      0.0625000
     44        10.1001      0.0625000
     45        10.3189      0.0625000
     46        10.8377      0.0625000
     47        10.9591      0.0625000
     48        11.0499      0.0625000
     49        15.9916        0.00000
     50        16.3263        0.00000
     51        16.3876        0.00000
     52        16.7755        0.00000
     53        17.0567        0.00000
     54        17.1789        0.00000
     55        17.2085        0.00000
     56        17.3121        0.00000
     57        17.9928        0.00000
     58        18.3044        0.00000
 Energy (eV) & Occupations  for spin=1 K-point=26
      1       -48.8394      0.0625000
      2       -48.8393      0.0625000
      3       -48.8305      0.0625000
      4       -48.8304      0.0625000
      5       -18.5473      0.0625000
      6       -18.5473      0.0625000
      7       -18.5151      0.0625000
      8       -18.5151      0.0625000
      9       -18.4482      0.0625000
     10       -18.4482      0.0625000
     11       -18.3432      0.0625000
     12       -18.3432      0.0625000
     13       -18.3127      0.0625000
     14       -18.3126      0.0625000
     15       -18.2708      0.0625000
     16       -18.2708      0.0625000
     17       -6.00282      0.0625000
     18       -6.00280      0.0625000
     19       -5.37493      0.0625000
     20       -5.37490      0.0625000
     21       -4.98119      0.0625000
     22       -4.98113      0.0625000
     23       -4.88720      0.0625000
     24       -4.88713      0.0625000
     25        6.51429      0.0625000
     26        6.51436      0.0625000
     27        6.75566      0.0625000
     28        6.75568      0.0625000
     29        7.15687      0.0625000
     30        7.15691      0.0625000
     31        7.38362      0.0625000
     32        7.38369      0.0625000
     33        7.73198      0.0625000
     34        7.73210      0.0625000
     35        8.41340      0.0625000
     36        8.41349      0.0625000
     37        8.72505      0.0625000
     38        8.72519      0.0625000
     39        9.22171      0.0625000
     40        9.22177      0.0625000
     41        9.61223      0.0625000
     42        9.61228      0.0625000
     43        9.99086      0.0625000
     44        9.99097      0.0625000
     45        10.3314      0.0625000
     46        10.3315      0.0625000
     47        10.6777      0.0625000
     48        10.6778      0.0625000
     49        16.3293        0.00000
     50        16.3294        0.00000
     51        16.6972        0.00000
     52        16.6973        0.00000
     53        17.0918        0.00000
     54        17.0920        0.00000
     55        17.3186        0.00000
     56        17.3190        0.00000
     57        18.1886        0.00000
     58        18.1887        0.00000
 Energy (eV) & Occupations  for spin=1 K-point=27
      1       -48.8412      0.0625000
      2       -48.8356      0.0625000
      3       -48.8313      0.0625000
      4       -48.8311      0.0625000
      5       -18.5839      0.0625000
      6       -18.5240      0.0625000
      7       -18.5188      0.0625000
      8       -18.5135      0.0625000
      9       -18.4636      0.0625000
     10       -18.4248      0.0625000
     11       -18.3584      0.0625000
     12       -18.3444      0.0625000
     13       -18.2976      0.0625000
     14       -18.2955      0.0625000
     15       -18.2801      0.0625000
     16       -18.2745      0.0625000
     17       -6.17924      0.0625000
     18       -5.51026      0.0625000
     19       -5.48693      0.0625000
     20       -5.38613      0.0625000
     21       -5.24831      0.0625000
     22       -5.02581      0.0625000
     23       -4.84807      0.0625000
     24       -4.78694      0.0625000
     25        6.06866      0.0625000
     26        6.34162      0.0625000
     27        6.67129      0.0625000
     28        6.80832      0.0625000
     29        6.97935      0.0625000
     30        7.09985      0.0625000
     31        7.10821      0.0625000
     32        7.46491      0.0625000
     33        7.95782      0.0625000
     34        8.02428      0.0625000
     35        8.48036      0.0625000
     36        8.57183      0.0625000
     37        8.64753      0.0625000
     38        9.01325      0.0625000
     39        9.36093      0.0625000
     40        9.44965      0.0625000
     41        9.65106      0.0625000
     42        9.78673      0.0625000
     43        9.96125      0.0625000
     44        9.98450      0.0625000
     45        10.3299      0.0625000
     46        10.3383      0.0625000
     47        10.9151      0.0625000
     48        10.9479      0.0625000
     49        15.9307    3.46945e-18
     50        16.0352        0.00000
     51        16.1042        0.00000
     52        16.5514        0.00000
     53        16.5779        0.00000
     54        17.5297        0.00000
     55        17.5820        0.00000
     56        17.6989        0.00000
     57        17.7406        0.00000
     58        18.0728        0.00000
 Energy (eV) & Occupations  for spin=1 K-point=28
      1       -48.8378      0.0625000
      2       -48.8378      0.0625000
      3       -48.8319      0.0625000
      4       -48.8318      0.0625000
      5       -18.6218      0.0625000
      6       -18.6218      0.0625000
      7       -18.5701      0.0625000
      8       -18.5701      0.0625000
      9       -18.3689      0.0625000
     10       -18.3689      0.0625000
     11       -18.3162      0.0625000
     12       -18.3161      0.0625000
     13       -18.2928      0.0625000
     14       -18.2928      0.0625000
     15       -18.2655      0.0625000
     16       -18.2654      0.0625000
     17       -5.95433      0.0625000
     18       -5.95432      0.0625000
     19       -5.56766      0.0625000
     20       -5.56760      0.0625000
     21       -4.93614      0.0625000
     22       -4.93610      0.0625000
     23       -4.78626      0.0625000
     24       -4.78618      0.0625000
     25        6.61013      0.0625000
     26        6.61017      0.0625000
     27        6.78997      0.0625000
     28        6.78998      0.0625000
     29        7.09828      0.0625000
     30        7.09836      0.0625000
     31        7.53015      0.0625000
     32        7.53025      0.0625000
     33        8.12512      0.0625000
     34        8.12519      0.0625000
     35        8.28526      0.0625000
     36        8.28531      0.0625000
     37        8.90503      0.0625000
     38        8.90505      0.0625000
     39        9.10949      0.0625000
     40        9.10967      0.0625000
     41        9.65304      0.0625000
     42        9.65313      0.0625000
     43        9.82607      0.0625000
     44        9.82611      0.0625000
     45        10.0693      0.0625000
     46        10.0694      0.0625000
     47        10.5688      0.0625000
     48        10.5688      0.0625000
     49        15.8280    1.23165e-15
     50        15.8281    1.22818e-15
     51        16.4274        0.00000
     52        16.4274        0.00000
     53        16.7036        0.00000
     54        16.7038        0.00000
     55        17.4442        0.00000
     56        17.4444        0.00000
     57        17.9763        0.00000
     58        17.9764        0.00000
 Energy (eV) & Occupations  for spin=1 K-point=29
      1       -48.8482      0.0625000
      2       -48.8308      0.0625000
      3       -48.8308      0.0625000
      4       -48.8295      0.0625000
      5       -18.6465      0.0625000
      6       -18.6256      0.0625000
      7       -18.6239      0.0625000
      8       -18.4299      0.0625000
      9       -18.3804      0.0625000
     10       -18.3665      0.0625000
     11       -18.3560      0.0625000
     12       -18.3478      0.0625000
     13       -18.3255      0.0625000
     14       -18.2513      0.0625000
     15       -18.2494      0.0625000
     16       -18.2453      0.0625000
     17       -6.84792      0.0625000
     18       -5.52773      0.0625000
     19       -5.40979      0.0625000
     20       -5.31455      0.0625000
     21       -4.96330      0.0625000
     22       -4.86752      0.0625000
     23       -4.76474      0.0625000
     24       -4.66861      0.0625000
     25        5.72754      0.0625000
     26        5.84015      0.0625000
     27        5.84367      0.0625000
     28        6.51549      0.0625000
     29        6.72550      0.0625000
     30        6.84722      0.0625000
     31        7.81394      0.0625000
     32        7.84555      0.0625000
     33        7.94496      0.0625000
     34        8.12641      0.0625000
     35        8.40660      0.0625000
     36        8.74495      0.0625000
     37        8.92206      0.0625000
     38        9.20627      0.0625000
     39        9.35436      0.0625000
     40        9.60777      0.0625000
     41        9.77781      0.0625000
     42        9.99622      0.0625000
     43        10.0275      0.0625000
     44        10.0304      0.0625000
     45        10.2402      0.0625000
     46        10.8823      0.0625000
     47        11.0130      0.0625000
     48        11.1401      0.0625000
     49        16.1063        0.00000
     50        16.3821        0.00000
     51        16.5484        0.00000
     52        16.9020        0.00000
     53        16.9437        0.00000
     54        17.1510        0.00000
     55        17.1734        0.00000
     56        17.3453        0.00000
     57        17.3779        0.00000
     58        18.1000        0.00000
 Energy (eV) & Occupations  for spin=1 K-point=30
      1       -48.8408      0.0625000
      2       -48.8407      0.0625000
      3       -48.8291      0.0625000
      4       -48.8290      0.0625000
      5       -18.5452      0.0625000
      6       -18.5452      0.0625000
      7       -18.5219      0.0625000
      8       -18.5218      0.0625000
      9       -18.4471      0.0625000
     10       -18.4470      0.0625000
     11       -18.3463      0.0625000
     12       -18.3462      0.0625000
     13       -18.2996      0.0625000
     14       -18.2996      0.0625000
     15       -18.2753      0.0625000
     16       -18.2753      0.0625000
     17       -6.09507      0.0625000
     18       -6.09505      0.0625000
     19       -5.27404      0.0625000
     20       -5.27401      0.0625000
     21       -4.99877      0.0625000
     22       -4.99871      0.0625000
     23       -4.86772      0.0625000
     24       -4.86765      0.0625000
     25        6.34622      0.0625000
     26        6.34627      0.0625000
     27        6.64685      0.0625000
     28        6.64687      0.0625000
     29        7.16905      0.0625000
     30        7.16914      0.0625000
     31        7.26972      0.0625000
     32        7.26975      0.0625000
     33        7.70983      0.0625000
     34        7.70989      0.0625000
     35        8.49143      0.0625000
     36        8.49152      0.0625000
     37        8.92205      0.0625000
     38        8.92212      0.0625000
     39        9.19183      0.0625000
     40        9.19191      0.0625000
     41        9.57237      0.0625000
     42        9.57241      0.0625000
     43        10.1902      0.0625000
     44        10.1903      0.0625000
     45        10.4570      0.0625000
     46        10.4571      0.0625000
     47        10.7209      0.0625000
     48        10.7210      0.0625000
     49        16.3870        0.00000
     50        16.3871        0.00000
     51        16.8066        0.00000
     52        16.8067        0.00000
     53        16.9666        0.00000
     54        16.9668        0.00000
     55        17.2910        0.00000
     56        17.2911        0.00000
     57        18.1472        0.00000
     58        18.1473        0.00000
 Energy (eV) & Occupations  for spin=1 K-point=31
      1       -48.8427      0.0625000
      2       -48.8363      0.0625000
      3       -48.8304      0.0625000
      4       -48.8298      0.0625000
      5       -18.5750      0.0625000
      6       -18.5369      0.0625000
      7       -18.4904      0.0625000
      8       -18.4893      0.0625000
      9       -18.4426      0.0625000
     10       -18.4397      0.0625000
     11       -18.3686      0.0625000
     12       -18.3498      0.0625000
     13       -18.3142      0.0625000
     14       -18.3061      0.0625000
     15       -18.2848      0.0625000
     16       -18.2808      0.0625000
     17       -6.27621      0.0625000
     18       -5.54304      0.0625000
     19       -5.44334      0.0625000
     20       -5.36122      0.0625000
     21       -5.20260      0.0625000
     22       -4.96930      0.0625000
     23       -4.85829      0.0625000
     24       -4.78751      0.0625000
     25        6.01369      0.0625000
     26        6.07436      0.0625000
     27        6.74135      0.0625000
     28        6.76465      0.0625000
     29        6.78817      0.0625000
     30        7.02902      0.0625000
     31        7.23293      0.0625000
     32        7.25565      0.0625000
     33        7.89978      0.0625000
     34        8.04677      0.0625000
     35        8.54140      0.0625000
     36        8.55276      0.0625000
     37        8.65496      0.0625000
     38        8.91638      0.0625000
     39        9.44421      0.0625000
     40        9.48547      0.0625000
     41        9.79995      0.0625000
     42        9.83437      0.0625000
     43        10.0180      0.0625000
     44        10.2013      0.0625000
     45        10.3647      0.0625000
     46        10.5733      0.0625000
     47        10.9909      0.0625000
     48        10.9933      0.0625000
     49        15.9114    1.38778e-17
     50        16.1423        0.00000
     51        16.1471        0.00000
     52        16.7040        0.00000
     53        16.7056        0.00000
     54        17.4484        0.00000
     55        17.5871        0.00000
     56        17.7554        0.00000
     57        17.9481        0.00000
     58        18.2920        0.00000
 Energy (eV) & Occupations  for spin=1 K-point=32
      1       -48.8388      0.0625000
      2       -48.8387      0.0625000
      3       -48.8310      0.0625000
      4       -48.8309      0.0625000
      5       -18.5906      0.0625000
      6       -18.5906      0.0625000
      7       -18.5232      0.0625000
      8       -18.5232      0.0625000
      9       -18.4233      0.0625000
     10       -18.4233      0.0625000
     11       -18.3317      0.0625000
     12       -18.3317      0.0625000
     13       -18.3058      0.0625000
     14       -18.3057      0.0625000
     15       -18.2633      0.0625000
     16       -18.2633      0.0625000
     17       -5.97419      0.0625000
     18       -5.97418      0.0625000
     19       -5.42132      0.0625000
     20       -5.42126      0.0625000
     21       -5.03381      0.0625000
     22       -5.03376      0.0625000
     23       -4.81370      0.0625000
     24       -4.81362      0.0625000
     25        6.43688      0.0625000
     26        6.43690      0.0625000
     27        6.70143      0.0625000
     28        6.70143      0.0625000
     29        7.04765      0.0625000
     30        7.04771      0.0625000
     31        7.78858      0.0625000
     32        7.78870      0.0625000
     33        8.10239      0.0625000
     34        8.10246      0.0625000
     35        8.28859      0.0625000
     36        8.28880      0.0625000
     37        8.73986      0.0625000
     38        8.73988      0.0625000
     39        8.96680      0.0625000
     40        8.96698      0.0625000
     41        9.61909      0.0625000
     42        9.61916      0.0625000
     43        9.96303      0.0625000
     44        9.96309      0.0625000
     45        10.3311      0.0625000
     46        10.3312      0.0625000
     47        10.6295      0.0625000
     48        10.6295      0.0625000
     49        15.9301    3.46945e-18
     50        15.9302    3.46945e-18
     51        16.4226        0.00000
     52        16.4226        0.00000
     53        16.7928        0.00000
     54        16.7929        0.00000
     55        17.4989        0.00000
     56        17.4991        0.00000
     57        18.0217        0.00000
     58        18.0218        0.00000

 Density error is 0.00000000000
----------------------------------------------------------
     Energy           Rydberg                 eV          
----------------------------------------------------------
 E_KohnSham     -719.0567082820      -9783.2684177592     
 E_KS(sigma->0) -719.0567082820      -9783.2684177592     
 E_Harris       -719.0567082820      -9783.2684177592     
 E_band         -37.1999627736       -506.1314591091      
 E_one_elec     -122.2732571175      -1663.6130098177     
 E_Hartree      117.1537105606       1593.9580054669      
 E_xc           -182.4217749032      -2481.9755779569     
 E_Ewald        -531.5153868219      -7231.6378354516     
 E_entropy(-TS) -0.0000000000        -0.0000000000        
 E_descf        0.0000000000         0.0000000000         
 E_exx          0.0000000000         0.0000000000         
 E_Fermi        1.0831226545         14.7366397344        
----------------------------------------------------------


 charge density convergence is achieved
 final etot is -9783.2684178 eV
 EFERMI = 14.736639734 eV

 STATE ENERGY(eV) AND OCCUPATIONS    NSPIN == 1
 1/32 kpoint (Cartesian) = 0.0000 0.0000 0.0000 (490 pws)
       1       -48.8490      0.0625000
       2       -48.8308      0.0625000
       3       -48.8308      0.0625000
       4       -48.8287      0.0625000
       5       -18.6597      0.0625000
       6       -18.6358      0.0625000
       7       -18.6293      0.0625000
       8       -18.4171      0.0625000
       9       -18.3841      0.0625000
      10       -18.3608      0.0625000
      11       -18.3484      0.0625000
      12       -18.3458      0.0625000
      13       -18.3381      0.0625000
      14       -18.2453      0.0625000
      15       -18.2415      0.0625000
      16       -18.2377      0.0625000
      17       -6.91039      0.0625000
      18       -5.53619      0.0625000
      19       -5.39422      0.0625000
      20       -5.30481      0.0625000
      21       -4.91932      0.0625000
      22       -4.87733      0.0625000
      23       -4.74769      0.0625000
      24       -4.66324      0.0625000
      25        5.65405      0.0625000
      26        5.71056      0.0625000
      27        5.90187      0.0625000
      28        6.48778      0.0625000
      29        6.66163      0.0625000
      30        6.69789      0.0625000
      31        7.90410      0.0625000
      32        7.93933      0.0625000
      33        8.04232      0.0625000
      34        8.08900      0.0625000
      35        8.51764      0.0625000
      36        8.82659      0.0625000
      37        8.88635      0.0625000
      38        9.29419      0.0625000
      39        9.34202      0.0625000
      40        9.51902      0.0625000
      41        9.74647      0.0625000
      42        9.88192      0.0625000
      43        9.99694      0.0625000
      44        10.0845      0.0625000
      45        10.4216      0.0625000
      46        10.9180      0.0625000
      47        11.0361      0.0625000
      48        11.1812      0.0625000
      49        16.1467        0.00000
      50        16.3933        0.00000
      51        16.5987        0.00000
      52        16.9165        0.00000
      53        16.9565        0.00000
      54        17.0527        0.00000
      55        17.1731        0.00000
      56        17.1950        0.00000
      57        17.4583        0.00000
      58        18.0079        0.00000

 2/32 kpoint (Cartesian) = 0.094690 -7.7977e-08 -1.1953e-07 (483 pws)
       1       -48.8412      0.0625000
       2       -48.8412      0.0625000
       3       -48.8286      0.0625000
       4       -48.8286      0.0625000
       5       -18.5432      0.0625000
       6       -18.5432      0.0625000
       7       -18.5264      0.0625000
       8       -18.5263      0.0625000
       9       -18.4450      0.0625000
      10       -18.4449      0.0625000
      11       -18.3496      0.0625000
      12       -18.3496      0.0625000
      13       -18.2869      0.0625000
      14       -18.2869      0.0625000
      15       -18.2834      0.0625000
      16       -18.2834      0.0625000
      17       -6.12725      0.0625000
      18       -6.12723      0.0625000
      19       -5.23773      0.0625000
      20       -5.23773      0.0625000
      21       -5.00622      0.0625000
      22       -5.00616      0.0625000
      23       -4.85966      0.0625000
      24       -4.85959      0.0625000
      25        6.27284      0.0625000
      26        6.27286      0.0625000
      27        6.61831      0.0625000
      28        6.61834      0.0625000
      29        7.14277      0.0625000
      30        7.14286      0.0625000
      31        7.25454      0.0625000
      32        7.25458      0.0625000
      33        7.71073      0.0625000
      34        7.71076      0.0625000
      35        8.51613      0.0625000
      36        8.51619      0.0625000
      37        8.94818      0.0625000
      38        8.94821      0.0625000
      39        9.25147      0.0625000
      40        9.25152      0.0625000
      41        9.53201      0.0625000
      42        9.53206      0.0625000
      43        10.2683      0.0625000
      44        10.2683      0.0625000
      45        10.4676      0.0625000
      46        10.4676      0.0625000
      47        10.7774      0.0625000
      48        10.7774      0.0625000
      49        16.4135        0.00000
      50        16.4135        0.00000
      51        16.8598        0.00000
      52        16.8598        0.00000
      53        16.8961        0.00000
      54        16.8962        0.00000
      55        17.3162        0.00000
      56        17.3162        0.00000
      57        18.1021        0.00000
      58        18.1022        0.00000

 3/32 kpoint (Cartesian) = -8.2150e-08 0.098949 1.2677e-07 (478 pws)
       1       -48.8433      0.0625000
       2       -48.8366      0.0625000
       3       -48.8302      0.0625000
       4       -48.8293      0.0625000
       5       -18.5696      0.0625000
       6       -18.5429      0.0625000
       7       -18.4774      0.0625000
       8       -18.4766      0.0625000
       9       -18.4488      0.0625000
      10       -18.4232      0.0625000
      11       -18.3801      0.0625000
      12       -18.3582      0.0625000
      13       -18.3218      0.0625000
      14       -18.3134      0.0625000
      15       -18.2909      0.0625000
      16       -18.2749      0.0625000
      17       -6.30990      0.0625000
      18       -5.55363      0.0625000
      19       -5.46407      0.0625000
      20       -5.31372      0.0625000
      21       -5.18624      0.0625000
      22       -4.94905      0.0625000
      23       -4.86173      0.0625000
      24       -4.79015      0.0625000
      25        5.97515      0.0625000
      26        6.00550      0.0625000
      27        6.71718      0.0625000
      28        6.75911      0.0625000
      29        6.78265      0.0625000
      30        6.97516      0.0625000
      31        7.15561      0.0625000
      32        7.29193      0.0625000
      33        7.85136      0.0625000
      34        8.05731      0.0625000
      35        8.51375      0.0625000
      36        8.54833      0.0625000
      37        8.72187      0.0625000
      38        8.88340      0.0625000
      39        9.47237      0.0625000
      40        9.50581      0.0625000
      41        9.80772      0.0625000
      42        9.85198      0.0625000
      43        10.0850      0.0625000
      44        10.2835      0.0625000
      45        10.3676      0.0625000
      46        10.6857      0.0625000
      47        11.0025      0.0625000
      48        11.0273      0.0625000
      49        15.8293    1.15186e-15
      50        16.1691        0.00000
      51        16.2558        0.00000
      52        16.7480        0.00000
      53        16.8348        0.00000
      54        17.3785        0.00000
      55        17.5955        0.00000
      56        17.7811        0.00000
      57        18.0647        0.00000
      58        18.1704        0.00000

 4/32 kpoint (Cartesian) = 0.094690 0.098949 7.2351e-09 (480 pws)
       1       -48.8391      0.0625000
       2       -48.8391      0.0625000
       3       -48.8306      0.0625000
       4       -48.8306      0.0625000
       5       -18.5705      0.0625000
       6       -18.5704      0.0625000
       7       -18.4896      0.0625000
       8       -18.4896      0.0625000
       9       -18.4629      0.0625000
      10       -18.4629      0.0625000
      11       -18.3429      0.0625000
      12       -18.3429      0.0625000
      13       -18.3112      0.0625000
      14       -18.3112      0.0625000
      15       -18.2620      0.0625000
      16       -18.2620      0.0625000
      17       -5.97916      0.0625000
      18       -5.97915      0.0625000
      19       -5.33911      0.0625000
      20       -5.33907      0.0625000
      21       -5.09646      0.0625000
      22       -5.09640      0.0625000
      23       -4.82782      0.0625000
      24       -4.82775      0.0625000
      25        6.35975      0.0625000
      26        6.35976      0.0625000
      27        6.68623      0.0625000
      28        6.68623      0.0625000
      29        7.02882      0.0625000
      30        7.02888      0.0625000
      31        7.90459      0.0625000
      32        7.90465      0.0625000
      33        8.06495      0.0625000
      34        8.06500      0.0625000
      35        8.46846      0.0625000
      36        8.46850      0.0625000
      37        8.52568      0.0625000
      38        8.52572      0.0625000
      39        8.85976      0.0625000
      40        8.85980      0.0625000
      41        9.60949      0.0625000
      42        9.60953      0.0625000
      43        10.0324      0.0625000
      44        10.0324      0.0625000
      45        10.4361      0.0625000
      46        10.4361      0.0625000
      47        10.6620      0.0625000
      48        10.6620      0.0625000
      49        15.9854        0.00000
      50        15.9855        0.00000
      51        16.3679        0.00000
      52        16.3680        0.00000
      53        16.8899        0.00000
      54        16.8899        0.00000
      55        17.4997        0.00000
      56        17.4997        0.00000
      57        18.0434        0.00000
      58        18.0434        0.00000

 5/32 kpoint (Cartesian) = -2.7336e-08 3.1538e-08 0.024580 (488 pws)
       1       -48.8482      0.0625000
       2       -48.8308      0.0625000
       3       -48.8308      0.0625000
       4       -48.8295      0.0625000
       5       -18.6465      0.0625000
       6       -18.6256      0.0625000
       7       -18.6239      0.0625000
       8       -18.4299      0.0625000
       9       -18.3804      0.0625000
      10       -18.3665      0.0625000
      11       -18.3560      0.0625000
      12       -18.3478      0.0625000
      13       -18.3255      0.0625000
      14       -18.2513      0.0625000
      15       -18.2494      0.0625000
      16       -18.2453      0.0625000
      17       -6.84792      0.0625000
      18       -5.52773      0.0625000
      19       -5.40979      0.0625000
      20       -5.31455      0.0625000
      21       -4.96330      0.0625000
      22       -4.86752      0.0625000
      23       -4.76474      0.0625000
      24       -4.66861      0.0625000
      25        5.72754      0.0625000
      26        5.84015      0.0625000
      27        5.84367      0.0625000
      28        6.51549      0.0625000
      29        6.72550      0.0625000
      30        6.84722      0.0625000
      31        7.81394      0.0625000
      32        7.84555      0.0625000
      33        7.94496      0.0625000
      34        8.12641      0.0625000
      35        8.40660      0.0625000
      36        8.74495      0.0625000
      37        8.92206      0.0625000
      38        9.20627      0.0625000
      39        9.35436      0.0625000
      40        9.60777      0.0625000
      41        9.77781      0.0625000
      42        9.99622      0.0625000
      43        10.0275      0.0625000
      44        10.0304      0.0625000
      45        10.2402      0.0625000
      46        10.8823      0.0625000
      47        11.0130      0.0625000
      48        11.1401      0.0625000
      49        16.1063        0.00000
      50        16.3821        0.00000
      51        16.5484        0.00000
      52        16.9020        0.00000
      53        16.9437        0.00000
      54        17.1510        0.00000
      55        17.1734        0.00000
      56        17.3453        0.00000
      57        17.3779        0.00000
      58        18.1000        0.00000

 6/32 kpoint (Cartesian) = 0.094690 -4.6438e-08 0.024580 (483 pws)
       1       -48.8408      0.0625000
       2       -48.8407      0.0625000
       3       -48.8291      0.0625000
       4       -48.8290      0.0625000
       5       -18.5452      0.0625000
       6       -18.5452      0.0625000
       7       -18.5219      0.0625000
       8       -18.5218      0.0625000
       9       -18.4471      0.0625000
      10       -18.4470      0.0625000
      11       -18.3463      0.0625000
      12       -18.3462      0.0625000
      13       -18.2996      0.0625000
      14       -18.2996      0.0625000
      15       -18.2753      0.0625000
      16       -18.2753      0.0625000
      17       -6.09507      0.0625000
      18       -6.09505      0.0625000
      19       -5.27404      0.0625000
      20       -5.27401      0.0625000
      21       -4.99877      0.0625000
      22       -4.99871      0.0625000
      23       -4.86772      0.0625000
      24       -4.86765      0.0625000
      25        6.34622      0.0625000
      26        6.34627      0.0625000
      27        6.64685      0.0625000
      28        6.64687      0.0625000
      29        7.16905      0.0625000
      30        7.16914      0.0625000
      31        7.26972      0.0625000
      32        7.26975      0.0625000
      33        7.70983      0.0625000
      34        7.70989      0.0625000
      35        8.49143      0.0625000
      36        8.49152      0.0625000
      37        8.92205      0.0625000
      38        8.92212      0.0625000
      39        9.19183      0.0625000
      40        9.19191      0.0625000
      41        9.57237      0.0625000
      42        9.57241      0.0625000
      43        10.1902      0.0625000
      44        10.1903      0.0625000
      45        10.4570      0.0625000
      46        10.4571      0.0625000
      47        10.7209      0.0625000
      48        10.7210      0.0625000
      49        16.3870        0.00000
      50        16.3871        0.00000
      51        16.8066        0.00000
      52        16.8067        0.00000
      53        16.9666        0.00000
      54        16.9668        0.00000
      55        17.2910        0.00000
      56        17.2911        0.00000
      57        18.1472        0.00000
      58        18.1473        0.00000

 7/32 kpoint (Cartesian) = -1.0949e-07 0.098949 0.024581 (479 pws)
       1       -48.8427      0.0625000
       2       -48.8363      0.0625000
       3       -48.8304      0.0625000
       4       -48.8298      0.0625000
       5       -18.5750      0.0625000
       6       -18.5369      0.0625000
       7       -18.4904      0.0625000
       8       -18.4893      0.0625000
       9       -18.4426      0.0625000
      10       -18.4397      0.0625000
      11       -18.3686      0.0625000
      12       -18.3498      0.0625000
      13       -18.3142      0.0625000
      14       -18.3061      0.0625000
      15       -18.2848      0.0625000
      16       -18.2808      0.0625000
      17       -6.27621      0.0625000
      18       -5.54304      0.0625000
      19       -5.44334      0.0625000
      20       -5.36122      0.0625000
      21       -5.20260      0.0625000
      22       -4.96930      0.0625000
      23       -4.85829      0.0625000
      24       -4.78751      0.0625000
      25        6.01369      0.0625000
      26        6.07436      0.0625000
      27        6.74135      0.0625000
      28        6.76465      0.0625000
      29        6.78817      0.0625000
      30        7.02902      0.0625000
      31        7.23293      0.0625000
      32        7.25565      0.0625000
      33        7.89978      0.0625000
      34        8.04677      0.0625000
      35        8.54140      0.0625000
      36        8.55276      0.0625000
      37        8.65496      0.0625000
      38        8.91638      0.0625000
      39        9.44421      0.0625000
      40        9.48547      0.0625000
      41        9.79995      0.0625000
      42        9.83437      0.0625000
      43        10.0180      0.0625000
      44        10.2013      0.0625000
      45        10.3647      0.0625000
      46        10.5733      0.0625000
      47        10.9909      0.0625000
      48        10.9933      0.0625000
      49        15.9114    1.38778e-17
      50        16.1423        0.00000
      51        16.1471        0.00000
      52        16.7040        0.00000
      53        16.7056        0.00000
      54        17.4484        0.00000
      55        17.5871        0.00000
      56        17.7554        0.00000
      57        17.9481        0.00000
      58        18.2920        0.00000

 8/32 kpoint (Cartesian) = 0.094690 0.098949 0.024580 (480 pws)
       1       -48.8388      0.0625000
       2       -48.8387      0.0625000
       3       -48.8310      0.0625000
       4       -48.8309      0.0625000
       5       -18.5906      0.0625000
       6       -18.5906      0.0625000
       7       -18.5232      0.0625000
       8       -18.5232      0.0625000
       9       -18.4233      0.0625000
      10       -18.4233      0.0625000
      11       -18.3317      0.0625000
      12       -18.3317      0.0625000
      13       -18.3058      0.0625000
      14       -18.3057      0.0625000
      15       -18.2633      0.0625000
      16       -18.2633      0.0625000
      17       -5.97419      0.0625000
      18       -5.97418      0.0625000
      19       -5.42132      0.0625000
      20       -5.42126      0.0625000
      21       -5.03381      0.0625000
      22       -5.03376      0.0625000
      23       -4.81370      0.0625000
      24       -4.81362      0.0625000
      25        6.43688      0.0625000
      26        6.43690      0.0625000
      27        6.70143      0.0625000
      28        6.70143      0.0625000
      29        7.04765      0.0625000
      30        7.04771      0.0625000
      31        7.78858      0.0625000
      32        7.78870      0.0625000
      33        8.10239      0.0625000
      34        8.10246      0.0625000
      35        8.28859      0.0625000
      36        8.28880      0.0625000
      37        8.73986      0.0625000
      38        8.73988      0.0625000
      39        8.96680      0.0625000
      40        8.96698      0.0625000
      41        9.61909      0.0625000
      42        9.61916      0.0625000
      43        9.96303      0.0625000
      44        9.96309      0.0625000
      45        10.3311      0.0625000
      46        10.3312      0.0625000
      47        10.6295      0.0625000
      48        10.6295      0.0625000
      49        15.9301    3.46945e-18
      50        15.9302    3.46945e-18
      51        16.4226        0.00000
      52        16.4226        0.00000
      53        16.7928        0.00000
      54        16.7929        0.00000
      55        17.4989        0.00000
      56        17.4991        0.00000
      57        18.0217        0.00000
      58        18.0218        0.00000

 9/32 kpoint (Cartesian) = -5.4672e-08 6.3077e-08 0.049161 (489 pws)
       1       -48.8460      0.0625000
       2       -48.8317      0.0625000
       3       -48.8308      0.0625000
       4       -48.8307      0.0625000
       5       -18.6088      0.0625000
       6       -18.6079      0.0625000
       7       -18.5968      0.0625000
       8       -18.4640      0.0625000
       9       -18.3848      0.0625000
      10       -18.3708      0.0625000
      11       -18.3632      0.0625000
      12       -18.3532      0.0625000
      13       -18.3112      0.0625000
      14       -18.2817      0.0625000
      15       -18.2605      0.0625000
      16       -18.2555      0.0625000
      17       -6.66871      0.0625000
      18       -5.50674      0.0625000
      19       -5.50380      0.0625000
      20       -5.34185      0.0625000
      21       -5.03086      0.0625000
      22       -4.83968      0.0625000
      23       -4.81268      0.0625000
      24       -4.68563      0.0625000
      25        5.79659      0.0625000
      26        5.93407      0.0625000
      27        6.22389      0.0625000
      28        6.57322      0.0625000
      29        6.81337      0.0625000
      30        7.21604      0.0625000
      31        7.46998      0.0625000
      32        7.59898      0.0625000
      33        7.81808      0.0625000
      34        8.17172      0.0625000
      35        8.23800      0.0625000
      36        8.75670      0.0625000
      37        8.86990      0.0625000
      38        9.07463      0.0625000
      39        9.37966      0.0625000
      40        9.53692      0.0625000
      41        9.64355      0.0625000
      42        9.75200      0.0625000
      43        10.0988      0.0625000
      44        10.1001      0.0625000
      45        10.3189      0.0625000
      46        10.8377      0.0625000
      47        10.9591      0.0625000
      48        11.0499      0.0625000
      49        15.9916        0.00000
      50        16.3263        0.00000
      51        16.3876        0.00000
      52        16.7755        0.00000
      53        17.0567        0.00000
      54        17.1789        0.00000
      55        17.2085        0.00000
      56        17.3121        0.00000
      57        17.9928        0.00000
      58        18.3044        0.00000

 10/32 kpoint (Cartesian) = 0.094690 -1.4900e-08 0.049161 (485 pws)
       1       -48.8394      0.0625000
       2       -48.8393      0.0625000
       3       -48.8305      0.0625000
       4       -48.8304      0.0625000
       5       -18.5473      0.0625000
       6       -18.5473      0.0625000
       7       -18.5151      0.0625000
       8       -18.5151      0.0625000
       9       -18.4482      0.0625000
      10       -18.4482      0.0625000
      11       -18.3432      0.0625000
      12       -18.3432      0.0625000
      13       -18.3127      0.0625000
      14       -18.3126      0.0625000
      15       -18.2708      0.0625000
      16       -18.2708      0.0625000
      17       -6.00282      0.0625000
      18       -6.00280      0.0625000
      19       -5.37493      0.0625000
      20       -5.37490      0.0625000
      21       -4.98119      0.0625000
      22       -4.98113      0.0625000
      23       -4.88720      0.0625000
      24       -4.88713      0.0625000
      25        6.51429      0.0625000
      26        6.51436      0.0625000
      27        6.75566      0.0625000
      28        6.75568      0.0625000
      29        7.15687      0.0625000
      30        7.15691      0.0625000
      31        7.38362      0.0625000
      32        7.38369      0.0625000
      33        7.73198      0.0625000
      34        7.73210      0.0625000
      35        8.41340      0.0625000
      36        8.41349      0.0625000
      37        8.72505      0.0625000
      38        8.72519      0.0625000
      39        9.22171      0.0625000
      40        9.22177      0.0625000
      41        9.61223      0.0625000
      42        9.61228      0.0625000
      43        9.99086      0.0625000
      44        9.99097      0.0625000
      45        10.3314      0.0625000
      46        10.3315      0.0625000
      47        10.6777      0.0625000
      48        10.6778      0.0625000
      49        16.3293        0.00000
      50        16.3294        0.00000
      51        16.6972        0.00000
      52        16.6973        0.00000
      53        17.0918        0.00000
      54        17.0920        0.00000
      55        17.3186        0.00000
      56        17.3190        0.00000
      57        18.1886        0.00000
      58        18.1887        0.00000

 11/32 kpoint (Cartesian) = -1.3682e-07 0.098949 0.049161 (481 pws)
       1       -48.8412      0.0625000
       2       -48.8356      0.0625000
       3       -48.8313      0.0625000
       4       -48.8311      0.0625000
       5       -18.5839      0.0625000
       6       -18.5240      0.0625000
       7       -18.5188      0.0625000
       8       -18.5135      0.0625000
       9       -18.4636      0.0625000
      10       -18.4248      0.0625000
      11       -18.3584      0.0625000
      12       -18.3444      0.0625000
      13       -18.2976      0.0625000
      14       -18.2955      0.0625000
      15       -18.2801      0.0625000
      16       -18.2745      0.0625000
      17       -6.17924      0.0625000
      18       -5.51026      0.0625000
      19       -5.48693      0.0625000
      20       -5.38613      0.0625000
      21       -5.24831      0.0625000
      22       -5.02581      0.0625000
      23       -4.84807      0.0625000
      24       -4.78694      0.0625000
      25        6.06866      0.0625000
      26        6.34162      0.0625000
      27        6.67129      0.0625000
      28        6.80832      0.0625000
      29        6.97935      0.0625000
      30        7.09985      0.0625000
      31        7.10821      0.0625000
      32        7.46491      0.0625000
      33        7.95782      0.0625000
      34        8.02428      0.0625000
      35        8.48036      0.0625000
      36        8.57183      0.0625000
      37        8.64753      0.0625000
      38        9.01325      0.0625000
      39        9.36093      0.0625000
      40        9.44965      0.0625000
      41        9.65106      0.0625000
      42        9.78673      0.0625000
      43        9.96125      0.0625000
      44        9.98450      0.0625000
      45        10.3299      0.0625000
      46        10.3383      0.0625000
      47        10.9151      0.0625000
      48        10.9479      0.0625000
      49        15.9307    3.46945e-18
      50        16.0352        0.00000
      51        16.1042        0.00000
      52        16.5514        0.00000
      53        16.5779        0.00000
      54        17.5297        0.00000
      55        17.5820        0.00000
      56        17.6989        0.00000
      57        17.7406        0.00000
      58        18.0728        0.00000

 12/32 kpoint (Cartesian) = 0.094690 0.098949 0.049161 (484 pws)
       1       -48.8378      0.0625000
       2       -48.8378      0.0625000
       3       -48.8319      0.0625000
       4       -48.8318      0.0625000
       5       -18.6218      0.0625000
       6       -18.6218      0.0625000
       7       -18.5701      0.0625000
       8       -18.5701      0.0625000
       9       -18.3689      0.0625000
      10       -18.3689      0.0625000
      11       -18.3162      0.0625000
      12       -18.3161      0.0625000
      13       -18.2928      0.0625000
      14       -18.2928      0.0625000
      15       -18.2655      0.0625000
      16       -18.2654      0.0625000
      17       -5.95433      0.0625000
      18       -5.95432      0.0625000
      19       -5.56766      0.0625000
      20       -5.56760      0.0625000
      21       -4.93614      0.0625000
      22       -4.93610      0.0625000
      23       -4.78626      0.0625000
      24       -4.78618      0.0625000
      25        6.61013      0.0625000
      26        6.61017      0.0625000
      27        6.78997      0.0625000
      28        6.78998      0.0625000
      29        7.09828      0.0625000
      30        7.09836      0.0625000
      31        7.53015      0.0625000
      32        7.53025      0.0625000
      33        8.12512      0.0625000
      34        8.12519      0.0625000
      35        8.28526      0.0625000
      36        8.28531      0.0625000
      37        8.90503      0.0625000
      38        8.90505      0.0625000
      39        9.10949      0.0625000
      40        9.10967      0.0625000
      41        9.65304      0.0625000
      42        9.65313      0.0625000
      43        9.82607      0.0625000
      44        9.82611      0.0625000
      45        10.0693      0.0625000
      46        10.0694      0.0625000
      47        10.5688      0.0625000
      48        10.5688      0.0625000
      49        15.8280    1.23165e-15
      50        15.8281    1.22818e-15
      51        16.4274        0.00000
      52        16.4274        0.00000
      53        16.7036        0.00000
      54        16.7038        0.00000
      55        17.4442        0.00000
      56        17.4444        0.00000
      57        17.9763        0.00000
      58        17.9764        0.00000

 13/32 kpoint (Cartesian) = -8.2007e-08 9.4615e-08 0.073741 (487 pws)
       1       -48.8428      0.0625000
       2       -48.8350      0.0625000
       3       -48.8308      0.0625000
       4       -48.8307      0.0625000
       5       -18.5817      0.0625000
       6       -18.5552      0.0625000
       7       -18.5547      0.0625000
       8       -18.5059      0.0625000
       9       -18.4250      0.0625000
      10       -18.3910      0.0625000
      11       -18.3593      0.0625000
      12       -18.3547      0.0625000
      13       -18.3020      0.0625000
      14       -18.2938      0.0625000
      15       -18.2762      0.0625000
      16       -18.2696      0.0625000
      17       -6.39682      0.0625000
      18       -5.74797      0.0625000
      19       -5.46816      0.0625000
      20       -5.38127      0.0625000
      21       -5.02348      0.0625000
      22       -4.88277      0.0625000
      23       -4.79917      0.0625000
      24       -4.71518      0.0625000
      25        5.88073      0.0625000
      26        6.17305      0.0625000
      27        6.59706      0.0625000
      28        6.76367      0.0625000
      29        7.00832      0.0625000
      30        7.26505      0.0625000
      31        7.27093      0.0625000
      32        7.34292      0.0625000
      33        7.59969      0.0625000
      34        8.17497      0.0625000
      35        8.36157      0.0625000
      36        8.41860      0.0625000
      37        8.92105      0.0625000
      38        9.01326      0.0625000
      39        9.20778      0.0625000
      40        9.31585      0.0625000
      41        9.38905      0.0625000
      42        9.61192      0.0625000
      43        10.1645      0.0625000
      44        10.1708      0.0625000
      45        10.5848      0.0625000
      46        10.8229      0.0625000
      47        10.9125      0.0625000
      48        10.9611      0.0625000
      49        15.8803    7.28584e-17
      50        16.0441        0.00000
      51        16.4311        0.00000
      52        16.6350        0.00000
      53        17.1971        0.00000
      54        17.2264        0.00000
      55        17.2323        0.00000
      56        17.3787        0.00000
      57        18.4965        0.00000
      58        18.5766        0.00000

 14/32 kpoint (Cartesian) = 0.094690 1.6639e-08 0.073741 (482 pws)
       1       -48.8373      0.0625000
       2       -48.8372      0.0625000
       3       -48.8325      0.0625000
       4       -48.8324      0.0625000
       5       -18.5442      0.0625000
       6       -18.5441      0.0625000
       7       -18.5204      0.0625000
       8       -18.5204      0.0625000
       9       -18.4326      0.0625000
      10       -18.4326      0.0625000
      11       -18.3666      0.0625000
      12       -18.3665      0.0625000
      13       -18.3020      0.0625000
      14       -18.3019      0.0625000
      15       -18.2738      0.0625000
      16       -18.2738      0.0625000
      17       -5.86286      0.0625000
      18       -5.86285      0.0625000
      19       -5.52298      0.0625000
      20       -5.52295      0.0625000
      21       -4.95929      0.0625000
      22       -4.95923      0.0625000
      23       -4.91099      0.0625000
      24       -4.91093      0.0625000
      25        6.67384      0.0625000
      26        6.67388      0.0625000
      27        6.86680      0.0625000
      28        6.86683      0.0625000
      29        7.22265      0.0625000
      30        7.22266      0.0625000
      31        7.49171      0.0625000
      32        7.49176      0.0625000
      33        7.78544      0.0625000
      34        7.78562      0.0625000
      35        8.31106      0.0625000
      36        8.31124      0.0625000
      37        8.53451      0.0625000
      38        8.53472      0.0625000
      39        9.16360      0.0625000
      40        9.16373      0.0625000
      41        9.64152      0.0625000
      42        9.64165      0.0625000
      43        9.72612      0.0625000
      44        9.72635      0.0625000
      45        10.3310      0.0625000
      46        10.3310      0.0625000
      47        10.5981      0.0625000
      48        10.5982      0.0625000
      49        16.3101        0.00000
      50        16.3102        0.00000
      51        16.5336        0.00000
      52        16.5337        0.00000
      53        17.2523        0.00000
      54        17.2526        0.00000
      55        17.3942        0.00000
      56        17.3945        0.00000
      57        18.2273        0.00000
      58        18.2274        0.00000

 15/32 kpoint (Cartesian) = -1.6416e-07 0.098949 0.073742 (481 pws)
       1       -48.8389      0.0625000
       2       -48.8345      0.0625000
       3       -48.8336      0.0625000
       4       -48.8321      0.0625000
       5       -18.5855      0.0625000
       6       -18.5504      0.0625000
       7       -18.5297      0.0625000
       8       -18.5246      0.0625000
       9       -18.4579      0.0625000
      10       -18.3980      0.0625000
      11       -18.3888      0.0625000
      12       -18.3400      0.0625000
      13       -18.2972      0.0625000
      14       -18.2737      0.0625000
      15       -18.2712      0.0625000
      16       -18.2628      0.0625000
      17       -6.03087      0.0625000
      18       -5.65957      0.0625000
      19       -5.45639      0.0625000
      20       -5.31410      0.0625000
      21       -5.30294      0.0625000
      22       -5.10895      0.0625000
      23       -4.83200      0.0625000
      24       -4.79595      0.0625000
      25        6.20173      0.0625000
      26        6.56337      0.0625000
      27        6.63502      0.0625000
      28        6.94970      0.0625000
      29        6.99945      0.0625000
      30        7.17053      0.0625000
      31        7.18367      0.0625000
      32        7.66071      0.0625000
      33        7.74600      0.0625000
      34        8.19356      0.0625000
      35        8.23185      0.0625000
      36        8.62038      0.0625000
      37        8.75032      0.0625000
      38        9.16707      0.0625000
      39        9.23295      0.0625000
      40        9.44121      0.0625000
      41        9.45580      0.0625000
      42        9.71216      0.0625000
      43        9.77028      0.0625000
      44        9.84494      0.0625000
      45        10.1950      0.0625000
      46        10.2738      0.0625000
      47        10.8435      0.0625000
      48        10.8787      0.0625000
      49        15.7919    8.18789e-15
      50        15.9317    3.46945e-18
      51        16.0921        0.00000
      52        16.3328        0.00000
      53        16.8114        0.00000
      54        17.4533        0.00000
      55        17.5856        0.00000
      56        17.6107        0.00000
      57        17.6729        0.00000
      58        17.8865        0.00000

 16/32 kpoint (Cartesian) = 0.094690 0.098949 0.073741 (488 pws)
       1       -48.8364      0.0625000
       2       -48.8364      0.0625000
       3       -48.8332      0.0625000
       4       -48.8332      0.0625000
       5       -18.6392      0.0625000
       6       -18.6392      0.0625000
       7       -18.6110      0.0625000
       8       -18.6109      0.0625000
       9       -18.3257      0.0625000
      10       -18.3257      0.0625000
      11       -18.3021      0.0625000
      12       -18.3021      0.0625000
      13       -18.2887      0.0625000
      14       -18.2887      0.0625000
      15       -18.2659      0.0625000
      16       -18.2659      0.0625000
      17       -5.90849      0.0625000
      18       -5.90847      0.0625000
      19       -5.71081      0.0625000
      20       -5.71076      0.0625000
      21       -4.85246      0.0625000
      22       -4.85241      0.0625000
      23       -4.77427      0.0625000
      24       -4.77420      0.0625000
      25        6.75093      0.0625000
      26        6.75095      0.0625000
      27        6.96969      0.0625000
      28        6.96978      0.0625000
      29        7.14778      0.0625000
      30        7.14796      0.0625000
      31        7.32406      0.0625000
      32        7.32416      0.0625000
      33        8.11700      0.0625000
      34        8.11702      0.0625000
      35        8.42622      0.0625000
      36        8.42627      0.0625000
      37        8.86485      0.0625000
      38        8.86492      0.0625000
      39        9.13926      0.0625000
      40        9.13939      0.0625000
      41        9.56191      0.0625000
      42        9.56195      0.0625000
      43        9.68980      0.0625000
      44        9.68989      0.0625000
      45        10.0904      0.0625000
      46        10.0905      0.0625000
      47        10.4597      0.0625000
      48        10.4597      0.0625000
      49        15.7939    7.38645e-15
      50        15.7940    7.36911e-15
      51        16.1593        0.00000
      52        16.1593        0.00000
      53        16.8929        0.00000
      54        16.8930        0.00000
      55        17.3085        0.00000
      56        17.3087        0.00000
      57        17.9850        0.00000
      58        17.9850        0.00000

 17/32 kpoint (Cartesian) = -1.0934e-07 1.2615e-07 0.098322 (488 pws)
       1       -48.8389      0.0625000
       2       -48.8389      0.0625000
       3       -48.8307      0.0625000
       4       -48.8307      0.0625000
       5       -18.5468      0.0625000
       6       -18.5468      0.0625000
       7       -18.5210      0.0625000
       8       -18.5210      0.0625000
       9       -18.4409      0.0625000
      10       -18.4409      0.0625000
      11       -18.3521      0.0625000
      12       -18.3520      0.0625000
      13       -18.2915      0.0625000
      14       -18.2915      0.0625000
      15       -18.2844      0.0625000
      16       -18.2843      0.0625000
      17       -6.07133      0.0625000
      18       -6.07130      0.0625000
      19       -5.42559      0.0625000
      20       -5.42553      0.0625000
      21       -4.96067      0.0625000
      22       -4.96064      0.0625000
      23       -4.75492      0.0625000
      24       -4.75484      0.0625000
      25        6.07992      0.0625000
      26        6.07998      0.0625000
      27        6.86559      0.0625000
      28        6.86563      0.0625000
      29        7.09227      0.0625000
      30        7.09229      0.0625000
      31        7.38689      0.0625000
      32        7.38705      0.0625000
      33        7.61206      0.0625000
      34        7.61211      0.0625000
      35        8.64898      0.0625000
      36        8.64911      0.0625000
      37        8.65374      0.0625000
      38        8.65395      0.0625000
      39        9.34618      0.0625000
      40        9.34623      0.0625000
      41        9.35861      0.0625000
      42        9.35875      0.0625000
      43        10.1981      0.0625000
      44        10.1982      0.0625000
      45        10.7577      0.0625000
      46        10.7578      0.0625000
      47        10.9097      0.0625000
      48        10.9098      0.0625000
      49        15.8800    7.28584e-17
      50        15.8802    7.28584e-17
      51        16.5150        0.00000
      52        16.5152        0.00000
      53        17.2221        0.00000
      54        17.2223        0.00000
      55        17.3595        0.00000
      56        17.3595        0.00000
      57        18.5946        0.00000
      58        18.5947        0.00000

 18/32 kpoint (Cartesian) = 0.094690 4.8177e-08 0.098322 (478 pws)
       1       -48.8349      0.0625000
       2       -48.8349      0.0625000
       3       -48.8348      0.0625000
       4       -48.8348      0.0625000
       5       -18.5339      0.0625000
       6       -18.5339      0.0625000
       7       -18.5339      0.0625000
       8       -18.5339      0.0625000
       9       -18.4012      0.0625000
      10       -18.4012      0.0625000
      11       -18.4012      0.0625000
      12       -18.4011      0.0625000
      13       -18.2851      0.0625000
      14       -18.2851      0.0625000
      15       -18.2851      0.0625000
      16       -18.2851      0.0625000
      17       -5.69465      0.0625000
      18       -5.69462      0.0625000
      19       -5.69459      0.0625000
      20       -5.69454      0.0625000
      21       -4.93554      0.0625000
      22       -4.93547      0.0625000
      23       -4.93545      0.0625000
      24       -4.93543      0.0625000
      25        6.80463      0.0625000
      26        6.80464      0.0625000
      27        6.80465      0.0625000
      28        6.80467      0.0625000
      29        7.41823      0.0625000
      30        7.41825      0.0625000
      31        7.41831      0.0625000
      32        7.41834      0.0625000
      33        7.98789      0.0625000
      34        7.98793      0.0625000
      35        7.98814      0.0625000
      36        7.98819      0.0625000
      37        8.80849      0.0625000
      38        8.80851      0.0625000
      39        8.80867      0.0625000
      40        8.80868      0.0625000
      41        9.66446      0.0625000
      42        9.66450      0.0625000
      43        9.66468      0.0625000
      44        9.66469      0.0625000
      45        10.4550      0.0625000
      46        10.4551      0.0625000
      47        10.4552      0.0625000
      48        10.4552      0.0625000
      49        16.3831        0.00000
      50        16.3831        0.00000
      51        16.3833        0.00000
      52        16.3834        0.00000
      53        17.3808        0.00000
      54        17.3808        0.00000
      55        17.3811        0.00000
      56        17.3811        0.00000
      57        18.3141        0.00000
      58        18.3141        0.00000

 19/32 kpoint (Cartesian) = -1.9149e-07 0.098949 0.098322 (480 pws)
       1       -48.8363      0.0625000
       2       -48.8362      0.0625000
       3       -48.8333      0.0625000
       4       -48.8333      0.0625000
       5       -18.5743      0.0625000
       6       -18.5743      0.0625000
       7       -18.5327      0.0625000
       8       -18.5327      0.0625000
       9       -18.4256      0.0625000
      10       -18.4256      0.0625000
      11       -18.3669      0.0625000
      12       -18.3669      0.0625000
      13       -18.2801      0.0625000
      14       -18.2801      0.0625000
      15       -18.2605      0.0625000
      16       -18.2604      0.0625000
      17       -5.84980      0.0625000
      18       -5.84977      0.0625000
      19       -5.38766      0.0625000
      20       -5.38755      0.0625000
      21       -5.20611      0.0625000
      22       -5.20594      0.0625000
      23       -4.81294      0.0625000
      24       -4.81286      0.0625000
      25        6.38983      0.0625000
      26        6.38986      0.0625000
      27        6.80465      0.0625000
      28        6.80475      0.0625000
      29        7.22538      0.0625000
      30        7.22558      0.0625000
      31        7.39276      0.0625000
      32        7.39285      0.0625000
      33        7.92806      0.0625000
      34        7.92819      0.0625000
      35        8.40435      0.0625000
      36        8.40446      0.0625000
      37        9.02893      0.0625000
      38        9.02907      0.0625000
      39        9.34468      0.0625000
      40        9.34479      0.0625000
      41        9.50755      0.0625000
      42        9.50767      0.0625000
      43        9.74854      0.0625000
      44        9.74876      0.0625000
      45        10.2087      0.0625000
      46        10.2090      0.0625000
      47        10.8285      0.0625000
      48        10.8286      0.0625000
      49        15.7994    5.55458e-15
      50        15.7997    5.47132e-15
      51        16.1617        0.00000
      52        16.1621        0.00000
      53        17.1789        0.00000
      54        17.1791        0.00000
      55        17.5727        0.00000
      56        17.5727        0.00000
      57        17.7477        0.00000
      58        17.7478        0.00000

 20/32 kpoint (Cartesian) = 0.094690 0.098949 0.098322 (486 pws)
       1       -48.8348      0.0625000
       2       -48.8348      0.0625000
       3       -48.8348      0.0625000
       4       -48.8347      0.0625000
       5       -18.6356      0.0625000
       6       -18.6356      0.0625000
       7       -18.6356      0.0625000
       8       -18.6356      0.0625000
       9       -18.3046      0.0625000
      10       -18.3046      0.0625000
      11       -18.3046      0.0625000
      12       -18.3045      0.0625000
      13       -18.2756      0.0625000
      14       -18.2756      0.0625000
      15       -18.2755      0.0625000
      16       -18.2755      0.0625000
      17       -5.82765      0.0625000
      18       -5.82762      0.0625000
      19       -5.82759      0.0625000
      20       -5.82752      0.0625000
      21       -4.79581      0.0625000
      22       -4.79576      0.0625000
      23       -4.79573      0.0625000
      24       -4.79570      0.0625000
      25        6.89948      0.0625000
      26        6.89950      0.0625000
      27        6.89956      0.0625000
      28        6.89956      0.0625000
      29        7.24442      0.0625000
      30        7.24445      0.0625000
      31        7.24465      0.0625000
      32        7.24467      0.0625000
      33        8.29620      0.0625000
      34        8.29622      0.0625000
      35        8.29650      0.0625000
      36        8.29653      0.0625000
      37        8.94371      0.0625000
      38        8.94376      0.0625000
      39        8.94385      0.0625000
      40        8.94386      0.0625000
      41        9.59271      0.0625000
      42        9.59275      0.0625000
      43        9.59282      0.0625000
      44        9.59284      0.0625000
      45        10.2902      0.0625000
      46        10.2902      0.0625000
      47        10.2902      0.0625000
      48        10.2903      0.0625000
      49        15.9079    1.38778e-17
      50        15.9080    1.38778e-17
      51        15.9082    1.38778e-17
      52        15.9082    1.38778e-17
      53        17.1162        0.00000
      54        17.1163        0.00000
      55        17.1165        0.00000
      56        17.1166        0.00000
      57        18.1162        0.00000
      58        18.1162        0.00000

 21/32 kpoint (Cartesian) = -1.3668e-07 1.5769e-07 0.12290 (487 pws)
       1       -48.8428      0.0625000
       2       -48.8350      0.0625000
       3       -48.8308      0.0625000
       4       -48.8307      0.0625000
       5       -18.5817      0.0625000
       6       -18.5552      0.0625000
       7       -18.5547      0.0625000
       8       -18.5059      0.0625000
       9       -18.4250      0.0625000
      10       -18.3910      0.0625000
      11       -18.3593      0.0625000
      12       -18.3547      0.0625000
      13       -18.3020      0.0625000
      14       -18.2938      0.0625000
      15       -18.2762      0.0625000
      16       -18.2696      0.0625000
      17       -6.39682      0.0625000
      18       -5.74797      0.0625000
      19       -5.46816      0.0625000
      20       -5.38127      0.0625000
      21       -5.02348      0.0625000
      22       -4.88277      0.0625000
      23       -4.79917      0.0625000
      24       -4.71518      0.0625000
      25        5.88073      0.0625000
      26        6.17305      0.0625000
      27        6.59706      0.0625000
      28        6.76367      0.0625000
      29        7.00832      0.0625000
      30        7.26505      0.0625000
      31        7.27093      0.0625000
      32        7.34292      0.0625000
      33        7.59969      0.0625000
      34        8.17497      0.0625000
      35        8.36157      0.0625000
      36        8.41860      0.0625000
      37        8.92105      0.0625000
      38        9.01326      0.0625000
      39        9.20778      0.0625000
      40        9.31585      0.0625000
      41        9.38905      0.0625000
      42        9.61192      0.0625000
      43        10.1645      0.0625000
      44        10.1708      0.0625000
      45        10.5848      0.0625000
      46        10.8229      0.0625000
      47        10.9125      0.0625000
      48        10.9611      0.0625000
      49        15.8803    7.28584e-17
      50        16.0441        0.00000
      51        16.4311        0.00000
      52        16.6350        0.00000
      53        17.1971        0.00000
      54        17.2264        0.00000
      55        17.2323        0.00000
      56        17.3787        0.00000
      57        18.4965        0.00000
      58        18.5766        0.00000

 22/32 kpoint (Cartesian) = 0.094690 7.9715e-08 0.12290 (482 pws)
       1       -48.8373      0.0625000
       2       -48.8372      0.0625000
       3       -48.8325      0.0625000
       4       -48.8324      0.0625000
       5       -18.5442      0.0625000
       6       -18.5441      0.0625000
       7       -18.5204      0.0625000
       8       -18.5204      0.0625000
       9       -18.4326      0.0625000
      10       -18.4326      0.0625000
      11       -18.3666      0.0625000
      12       -18.3665      0.0625000
      13       -18.3020      0.0625000
      14       -18.3019      0.0625000
      15       -18.2738      0.0625000
      16       -18.2738      0.0625000
      17       -5.86286      0.0625000
      18       -5.86285      0.0625000
      19       -5.52298      0.0625000
      20       -5.52295      0.0625000
      21       -4.95929      0.0625000
      22       -4.95923      0.0625000
      23       -4.91099      0.0625000
      24       -4.91093      0.0625000
      25        6.67384      0.0625000
      26        6.67388      0.0625000
      27        6.86680      0.0625000
      28        6.86683      0.0625000
      29        7.22265      0.0625000
      30        7.22266      0.0625000
      31        7.49171      0.0625000
      32        7.49176      0.0625000
      33        7.78544      0.0625000
      34        7.78562      0.0625000
      35        8.31106      0.0625000
      36        8.31124      0.0625000
      37        8.53451      0.0625000
      38        8.53472      0.0625000
      39        9.16360      0.0625000
      40        9.16373      0.0625000
      41        9.64152      0.0625000
      42        9.64165      0.0625000
      43        9.72612      0.0625000
      44        9.72635      0.0625000
      45        10.3310      0.0625000
      46        10.3310      0.0625000
      47        10.5981      0.0625000
      48        10.5982      0.0625000
      49        16.3101        0.00000
      50        16.3102        0.00000
      51        16.5336        0.00000
      52        16.5337        0.00000
      53        17.2523        0.00000
      54        17.2526        0.00000
      55        17.3942        0.00000
      56        17.3945        0.00000
      57        18.2273        0.00000
      58        18.2274        0.00000

 23/32 kpoint (Cartesian) = -2.1883e-07 0.098949 0.12290 (481 pws)
       1       -48.8389      0.0625000
       2       -48.8345      0.0625000
       3       -48.8336      0.0625000
       4       -48.8321      0.0625000
       5       -18.5855      0.0625000
       6       -18.5504      0.0625000
       7       -18.5297      0.0625000
       8       -18.5246      0.0625000
       9       -18.4579      0.0625000
      10       -18.3980      0.0625000
      11       -18.3888      0.0625000
      12       -18.3400      0.0625000
      13       -18.2972      0.0625000
      14       -18.2737      0.0625000
      15       -18.2712      0.0625000
      16       -18.2628      0.0625000
      17       -6.03087      0.0625000
      18       -5.65957      0.0625000
      19       -5.45639      0.0625000
      20       -5.31410      0.0625000
      21       -5.30294      0.0625000
      22       -5.10895      0.0625000
      23       -4.83200      0.0625000
      24       -4.79595      0.0625000
      25        6.20173      0.0625000
      26        6.56337      0.0625000
      27        6.63502      0.0625000
      28        6.94970      0.0625000
      29        6.99945      0.0625000
      30        7.17053      0.0625000
      31        7.18367      0.0625000
      32        7.66071      0.0625000
      33        7.74600      0.0625000
      34        8.19356      0.0625000
      35        8.23185      0.0625000
      36        8.62038      0.0625000
      37        8.75032      0.0625000
      38        9.16707      0.0625000
      39        9.23295      0.0625000
      40        9.44121      0.0625000
      41        9.45580      0.0625000
      42        9.71216      0.0625000
      43        9.77028      0.0625000
      44        9.84494      0.0625000
      45        10.1950      0.0625000
      46        10.2738      0.0625000
      47        10.8435      0.0625000
      48        10.8787      0.0625000
      49        15.7919    8.18789e-15
      50        15.9317    3.46945e-18
      51        16.0921        0.00000
      52        16.3328        0.00000
      53        16.8114        0.00000
      54        17.4533        0.00000
      55        17.5856        0.00000
      56        17.6107        0.00000
      57        17.6729        0.00000
      58        17.8865        0.00000

 24/32 kpoint (Cartesian) = 0.094690 0.098949 0.12290 (488 pws)
       1       -48.8364      0.0625000
       2       -48.8364      0.0625000
       3       -48.8332      0.0625000
       4       -48.8332      0.0625000
       5       -18.6392      0.0625000
       6       -18.6392      0.0625000
       7       -18.6110      0.0625000
       8       -18.6109      0.0625000
       9       -18.3257      0.0625000
      10       -18.3257      0.0625000
      11       -18.3021      0.0625000
      12       -18.3021      0.0625000
      13       -18.2887      0.0625000
      14       -18.2887      0.0625000
      15       -18.2659      0.0625000
      16       -18.2659      0.0625000
      17       -5.90849      0.0625000
      18       -5.90847      0.0625000
      19       -5.71081      0.0625000
      20       -5.71076      0.0625000
      21       -4.85246      0.0625000
      22       -4.85241      0.0625000
      23       -4.77427      0.0625000
      24       -4.77420      0.0625000
      25        6.75093      0.0625000
      26        6.75095      0.0625000
      27        6.96969      0.0625000
      28        6.96978      0.0625000
      29        7.14778      0.0625000
      30        7.14796      0.0625000
      31        7.32406      0.0625000
      32        7.32416      0.0625000
      33        8.11700      0.0625000
      34        8.11702      0.0625000
      35        8.42622      0.0625000
      36        8.42627      0.0625000
      37        8.86485      0.0625000
      38        8.86492      0.0625000
      39        9.13926      0.0625000
      40        9.13939      0.0625000
      41        9.56191      0.0625000
      42        9.56195      0.0625000
      43        9.68980      0.0625000
      44        9.68989      0.0625000
      45        10.0904      0.0625000
      46        10.0905      0.0625000
      47        10.4597      0.0625000
      48        10.4597      0.0625000
      49        15.7939    7.38645e-15
      50        15.7940    7.36911e-15
      51        16.1593        0.00000
      52        16.1593        0.00000
      53        16.8929        0.00000
      54        16.8930        0.00000
      55        17.3085        0.00000
      56        17.3087        0.00000
      57        17.9850        0.00000
      58        17.9850        0.00000

 25/32 kpoint (Cartesian) = -1.6401e-07 1.8923e-07 0.14748 (489 pws)
       1       -48.8460      0.0625000
       2       -48.8317      0.0625000
       3       -48.8308      0.0625000
       4       -48.8307      0.0625000
       5       -18.6088      0.0625000
       6       -18.6079      0.0625000
       7       -18.5968      0.0625000
       8       -18.4640      0.0625000
       9       -18.3848      0.0625000
      10       -18.3708      0.0625000
      11       -18.3632      0.0625000
      12       -18.3532      0.0625000
      13       -18.3112      0.0625000
      14       -18.2817      0.0625000
      15       -18.2605      0.0625000
      16       -18.2555      0.0625000
      17       -6.66871      0.0625000
      18       -5.50674      0.0625000
      19       -5.50380      0.0625000
      20       -5.34185      0.0625000
      21       -5.03086      0.0625000
      22       -4.83968      0.0625000
      23       -4.81268      0.0625000
      24       -4.68563      0.0625000
      25        5.79659      0.0625000
      26        5.93407      0.0625000
      27        6.22389      0.0625000
      28        6.57322      0.0625000
      29        6.81337      0.0625000
      30        7.21604      0.0625000
      31        7.46998      0.0625000
      32        7.59898      0.0625000
      33        7.81808      0.0625000
      34        8.17172      0.0625000
      35        8.23800      0.0625000
      36        8.75670      0.0625000
      37        8.86990      0.0625000
      38        9.07463      0.0625000
      39        9.37966      0.0625000
      40        9.53692      0.0625000
      41        9.64355      0.0625000
      42        9.75200      0.0625000
      43        10.0988      0.0625000
      44        10.1001      0.0625000
      45        10.3189      0.0625000
      46        10.8377      0.0625000
      47        10.9591      0.0625000
      48        11.0499      0.0625000
      49        15.9916        0.00000
      50        16.3263        0.00000
      51        16.3876        0.00000
      52        16.7755        0.00000
      53        17.0567        0.00000
      54        17.1789        0.00000
      55        17.2085        0.00000
      56        17.3121        0.00000
      57        17.9928        0.00000
      58        18.3044        0.00000

 26/32 kpoint (Cartesian) = 0.094690 1.1125e-07 0.14748 (485 pws)
       1       -48.8394      0.0625000
       2       -48.8393      0.0625000
       3       -48.8305      0.0625000
       4       -48.8304      0.0625000
       5       -18.5473      0.0625000
       6       -18.5473      0.0625000
       7       -18.5151      0.0625000
       8       -18.5151      0.0625000
       9       -18.4482      0.0625000
      10       -18.4482      0.0625000
      11       -18.3432      0.0625000
      12       -18.3432      0.0625000
      13       -18.3127      0.0625000
      14       -18.3126      0.0625000
      15       -18.2708      0.0625000
      16       -18.2708      0.0625000
      17       -6.00282      0.0625000
      18       -6.00280      0.0625000
      19       -5.37493      0.0625000
      20       -5.37490      0.0625000
      21       -4.98119      0.0625000
      22       -4.98113      0.0625000
      23       -4.88720      0.0625000
      24       -4.88713      0.0625000
      25        6.51429      0.0625000
      26        6.51436      0.0625000
      27        6.75566      0.0625000
      28        6.75568      0.0625000
      29        7.15687      0.0625000
      30        7.15691      0.0625000
      31        7.38362      0.0625000
      32        7.38369      0.0625000
      33        7.73198      0.0625000
      34        7.73210      0.0625000
      35        8.41340      0.0625000
      36        8.41349      0.0625000
      37        8.72505      0.0625000
      38        8.72519      0.0625000
      39        9.22171      0.0625000
      40        9.22177      0.0625000
      41        9.61223      0.0625000
      42        9.61228      0.0625000
      43        9.99086      0.0625000
      44        9.99097      0.0625000
      45        10.3314      0.0625000
      46        10.3315      0.0625000
      47        10.6777      0.0625000
      48        10.6778      0.0625000
      49        16.3293        0.00000
      50        16.3294        0.00000
      51        16.6972        0.00000
      52        16.6973        0.00000
      53        17.0918        0.00000
      54        17.0920        0.00000
      55        17.3186        0.00000
      56        17.3190        0.00000
      57        18.1886        0.00000
      58        18.1887        0.00000

 27/32 kpoint (Cartesian) = -2.4617e-07 0.098949 0.14748 (481 pws)
       1       -48.8412      0.0625000
       2       -48.8356      0.0625000
       3       -48.8313      0.0625000
       4       -48.8311      0.0625000
       5       -18.5839      0.0625000
       6       -18.5240      0.0625000
       7       -18.5188      0.0625000
       8       -18.5135      0.0625000
       9       -18.4636      0.0625000
      10       -18.4248      0.0625000
      11       -18.3584      0.0625000
      12       -18.3444      0.0625000
      13       -18.2976      0.0625000
      14       -18.2955      0.0625000
      15       -18.2801      0.0625000
      16       -18.2745      0.0625000
      17       -6.17924      0.0625000
      18       -5.51026      0.0625000
      19       -5.48693      0.0625000
      20       -5.38613      0.0625000
      21       -5.24831      0.0625000
      22       -5.02581      0.0625000
      23       -4.84807      0.0625000
      24       -4.78694      0.0625000
      25        6.06866      0.0625000
      26        6.34162      0.0625000
      27        6.67129      0.0625000
      28        6.80832      0.0625000
      29        6.97935      0.0625000
      30        7.09985      0.0625000
      31        7.10821      0.0625000
      32        7.46491      0.0625000
      33        7.95782      0.0625000
      34        8.02428      0.0625000
      35        8.48036      0.0625000
      36        8.57183      0.0625000
      37        8.64753      0.0625000
      38        9.01325      0.0625000
      39        9.36093      0.0625000
      40        9.44965      0.0625000
      41        9.65106      0.0625000
      42        9.78673      0.0625000
      43        9.96125      0.0625000
      44        9.98450      0.0625000
      45        10.3299      0.0625000
      46        10.3383      0.0625000
      47        10.9151      0.0625000
      48        10.9479      0.0625000
      49        15.9307    3.46945e-18
      50        16.0352        0.00000
      51        16.1042        0.00000
      52        16.5514        0.00000
      53        16.5779        0.00000
      54        17.5297        0.00000
      55        17.5820        0.00000
      56        17.6989        0.00000
      57        17.7406        0.00000
      58        18.0728        0.00000

 28/32 kpoint (Cartesian) = 0.094690 0.098949 0.14748 (484 pws)
       1       -48.8378      0.0625000
       2       -48.8378      0.0625000
       3       -48.8319      0.0625000
       4       -48.8318      0.0625000
       5       -18.6218      0.0625000
       6       -18.6218      0.0625000
       7       -18.5701      0.0625000
       8       -18.5701      0.0625000
       9       -18.3689      0.0625000
      10       -18.3689      0.0625000
      11       -18.3162      0.0625000
      12       -18.3161      0.0625000
      13       -18.2928      0.0625000
      14       -18.2928      0.0625000
      15       -18.2655      0.0625000
      16       -18.2654      0.0625000
      17       -5.95433      0.0625000
      18       -5.95432      0.0625000
      19       -5.56766      0.0625000
      20       -5.56760      0.0625000
      21       -4.93614      0.0625000
      22       -4.93610      0.0625000
      23       -4.78626      0.0625000
      24       -4.78618      0.0625000
      25        6.61013      0.0625000
      26        6.61017      0.0625000
      27        6.78997      0.0625000
      28        6.78998      0.0625000
      29        7.09828      0.0625000
      30        7.09836      0.0625000
      31        7.53015      0.0625000
      32        7.53025      0.0625000
      33        8.12512      0.0625000
      34        8.12519      0.0625000
      35        8.28526      0.0625000
      36        8.28531      0.0625000
      37        8.90503      0.0625000
      38        8.90505      0.0625000
      39        9.10949      0.0625000
      40        9.10967      0.0625000
      41        9.65304      0.0625000
      42        9.65313      0.0625000
      43        9.82607      0.0625000
      44        9.82611      0.0625000
      45        10.0693      0.0625000
      46        10.0694      0.0625000
      47        10.5688      0.0625000
      48        10.5688      0.0625000
      49        15.8280    1.23165e-15
      50        15.8281    1.22818e-15
      51        16.4274        0.00000
      52        16.4274        0.00000
      53        16.7036        0.00000
      54        16.7038        0.00000
      55        17.4442        0.00000
      56        17.4444        0.00000
      57        17.9763        0.00000
      58        17.9764        0.00000

 29/32 kpoint (Cartesian) = -1.9135e-07 2.2077e-07 0.17206 (488 pws)
       1       -48.8482      0.0625000
       2       -48.8308      0.0625000
       3       -48.8308      0.0625000
       4       -48.8295      0.0625000
       5       -18.6465      0.0625000
       6       -18.6256      0.0625000
       7       -18.6239      0.0625000
       8       -18.4299      0.0625000
       9       -18.3804      0.0625000
      10       -18.3665      0.0625000
      11       -18.3560      0.0625000
      12       -18.3478      0.0625000
      13       -18.3255      0.0625000
      14       -18.2513      0.0625000
      15       -18.2494      0.0625000
      16       -18.2453      0.0625000
      17       -6.84792      0.0625000
      18       -5.52773      0.0625000
      19       -5.40979      0.0625000
      20       -5.31455      0.0625000
      21       -4.96330      0.0625000
      22       -4.86752      0.0625000
      23       -4.76474      0.0625000
      24       -4.66861      0.0625000
      25        5.72754      0.0625000
      26        5.84015      0.0625000
      27        5.84367      0.0625000
      28        6.51549      0.0625000
      29        6.72550      0.0625000
      30        6.84722      0.0625000
      31        7.81394      0.0625000
      32        7.84555      0.0625000
      33        7.94496      0.0625000
      34        8.12641      0.0625000
      35        8.40660      0.0625000
      36        8.74495      0.0625000
      37        8.92206      0.0625000
      38        9.20627      0.0625000
      39        9.35436      0.0625000
      40        9.60777      0.0625000
      41        9.77781      0.0625000
      42        9.99622      0.0625000
      43        10.0275      0.0625000
      44        10.0304      0.0625000
      45        10.2402      0.0625000
      46        10.8823      0.0625000
      47        11.0130      0.0625000
      48        11.1401      0.0625000
      49        16.1063        0.00000
      50        16.3821        0.00000
      51        16.5484        0.00000
      52        16.9020        0.00000
      53        16.9437        0.00000
      54        17.1510        0.00000
      55        17.1734        0.00000
      56        17.3453        0.00000
      57        17.3779        0.00000
      58        18.1000        0.00000

 30/32 kpoint (Cartesian) = 0.094690 1.4279e-07 0.17206 (483 pws)
       1       -48.8408      0.0625000
       2       -48.8407      0.0625000
       3       -48.8291      0.0625000
       4       -48.8290      0.0625000
       5       -18.5452      0.0625000
       6       -18.5452      0.0625000
       7       -18.5219      0.0625000
       8       -18.5218      0.0625000
       9       -18.4471      0.0625000
      10       -18.4470      0.0625000
      11       -18.3463      0.0625000
      12       -18.3462      0.0625000
      13       -18.2996      0.0625000
      14       -18.2996      0.0625000
      15       -18.2753      0.0625000
      16       -18.2753      0.0625000
      17       -6.09507      0.0625000
      18       -6.09505      0.0625000
      19       -5.27404      0.0625000
      20       -5.27401      0.0625000
      21       -4.99877      0.0625000
      22       -4.99871      0.0625000
      23       -4.86772      0.0625000
      24       -4.86765      0.0625000
      25        6.34622      0.0625000
      26        6.34627      0.0625000
      27        6.64685      0.0625000
      28        6.64687      0.0625000
      29        7.16905      0.0625000
      30        7.16914      0.0625000
      31        7.26972      0.0625000
      32        7.26975      0.0625000
      33        7.70983      0.0625000
      34        7.70989      0.0625000
      35        8.49143      0.0625000
      36        8.49152      0.0625000
      37        8.92205      0.0625000
      38        8.92212      0.0625000
      39        9.19183      0.0625000
      40        9.19191      0.0625000
      41        9.57237      0.0625000
      42        9.57241      0.0625000
      43        10.1902      0.0625000
      44        10.1903      0.0625000
      45        10.4570      0.0625000
      46        10.4571      0.0625000
      47        10.7209      0.0625000
      48        10.7210      0.0625000
      49        16.3870        0.00000
      50        16.3871        0.00000
      51        16.8066        0.00000
      52        16.8067        0.00000
      53        16.9666        0.00000
      54        16.9668        0.00000
      55        17.2910        0.00000
      56        17.2911        0.00000
      57        18.1472        0.00000
      58        18.1473        0.00000

 31/32 kpoint (Cartesian) = -2.7350e-07 0.098949 0.17206 (479 pws)
       1       -48.8427      0.0625000
       2       -48.8363      0.0625000
       3       -48.8304      0.0625000
       4       -48.8298      0.0625000
       5       -18.5750      0.0625000
       6       -18.5369      0.0625000
       7       -18.4904      0.0625000
       8       -18.4893      0.0625000
       9       -18.4426      0.0625000
      10       -18.4397      0.0625000
      11       -18.3686      0.0625000
      12       -18.3498      0.0625000
      13       -18.3142      0.0625000
      14       -18.3061      0.0625000
      15       -18.2848      0.0625000
      16       -18.2808      0.0625000
      17       -6.27621      0.0625000
      18       -5.54304      0.0625000
      19       -5.44334      0.0625000
      20       -5.36122      0.0625000
      21       -5.20260      0.0625000
      22       -4.96930      0.0625000
      23       -4.85829      0.0625000
      24       -4.78751      0.0625000
      25        6.01369      0.0625000
      26        6.07436      0.0625000
      27        6.74135      0.0625000
      28        6.76465      0.0625000
      29        6.78817      0.0625000
      30        7.02902      0.0625000
      31        7.23293      0.0625000
      32        7.25565      0.0625000
      33        7.89978      0.0625000
      34        8.04677      0.0625000
      35        8.54140      0.0625000
      36        8.55276      0.0625000
      37        8.65496      0.0625000
      38        8.91638      0.0625000
      39        9.44421      0.0625000
      40        9.48547      0.0625000
      41        9.79995      0.0625000
      42        9.83437      0.0625000
      43        10.0180      0.0625000
      44        10.2013      0.0625000
      45        10.3647      0.0625000
      46        10.5733      0.0625000
      47        10.9909      0.0625000
      48        10.9933      0.0625000
      49        15.9114    1.38778e-17
      50        16.1423        0.00000
      51        16.1471        0.00000
      52        16.7040        0.00000
      53        16.7056        0.00000
      54        17.4484        0.00000
      55        17.5871        0.00000
      56        17.7554        0.00000
      57        17.9481        0.00000
      58        18.2920        0.00000

 32/32 kpoint (Cartesian) = 0.094690 0.098949 0.17206 (480 pws)
       1       -48.8388      0.0625000
       2       -48.8387      0.0625000
       3       -48.8310      0.0625000
       4       -48.8309      0.0625000
       5       -18.5906      0.0625000
       6       -18.5906      0.0625000
       7       -18.5232      0.0625000
       8       -18.5232      0.0625000
       9       -18.4233      0.0625000
      10       -18.4233      0.0625000
      11       -18.3317      0.0625000
      12       -18.3317      0.0625000
      13       -18.3058      0.0625000
      14       -18.3057      0.0625000
      15       -18.2633      0.0625000
      16       -18.2633      0.0625000
      17       -5.97419      0.0625000
      18       -5.97418      0.0625000
      19       -5.42132      0.0625000
      20       -5.42126      0.0625000
      21       -5.03381      0.0625000
      22       -5.03376      0.0625000
      23       -4.81370      0.0625000
      24       -4.81362      0.0625000
      25        6.43688      0.0625000
      26        6.43690      0.0625000
      27        6.70143      0.0625000
      28        6.70143      0.0625000
      29        7.04765      0.0625000
      30        7.04771      0.0625000
      31        7.78858      0.0625000
      32        7.78870      0.0625000
      33        8.10239      0.0625000
      34        8.10246      0.0625000
      35        8.28859      0.0625000
      36        8.28880      0.0625000
      37        8.73986      0.0625000
      38        8.73988      0.0625000
      39        8.96680      0.0625000
      40        8.96698      0.0625000
      41        9.61909      0.0625000
      42        9.61916      0.0625000
      43        9.96303      0.0625000
      44        9.96309      0.0625000
      45        10.3311      0.0625000
      46        10.3312      0.0625000
      47        10.6295      0.0625000
      48        10.6295      0.0625000
      49        15.9301    3.46945e-18
      50        15.9302    3.46945e-18
      51        16.4226        0.00000
      52        16.4226        0.00000
      53        16.7928        0.00000
      54        16.7929        0.00000
      55        17.4989        0.00000
      56        17.4991        0.00000
      57        18.0217        0.00000
      58        18.0218        0.00000


 Warning_Memory_Consuming allocated:  ORB::Jl(x) 921.868 MB




 >>>>>>>>>>>>>>>>>>>>>>>>>>>>>>>>>>>>>>>>>>>>>>>>>>>>>>>>>>>>>>>>>>>>>>
 |                                                                    |
 | POLARIZATION CALCULATION:                                          |
 |                  Modern Theory of Polarization                     |
 | calculate the Macroscopic polarization of a crystalline insulator  |
 | by using Berry Phase method.                                       |
 |                                                                    |
 <<<<<<<<<<<<<<<<<<<<<<<<<<<<<<<<<<<<<<<<<<<<<<<<<<<<<<<<<<<<<<<<<<<<<<




 VALUES OF POLARIZATION

  The Ionic Phase:   -0.94026
 Electronic Phase:   -0.30952

The calculated polarization direction is in R3 direction

 P =  -12.0102386  (mod   19.2197850)  (  -0.0000152,   0.0000154, -12.0102386) (e/Omega).bohr

 P =   -0.0131163  (mod    0.0209898)  (  -0.0000000,   0.0000000,  -0.0131163) e/bohr^2

 P =   -0.7498827  (mod    1.2000248)  (  -0.0000009,   0.0000010,  -0.7498827) C/m^2



 --------------------------------------------
 !FINAL_ETOT_IS -9783.2684177592145716 eV
 --------------------------------------------






 >>>>>>>>>>>>>>>>>>>>>>>>>>>>>>>>>>>>>>>>>>>>>>>>>>>>>>>>>>>>>>>>>>>>>>
 |                                                                    |
 | Post-processing of data:                                           |
 | DOS (density of states) and bands will be output here.             |
 | If atomic orbitals are used, Mulliken charge analysis can be done. |
 | Also the .bxsf file containing fermi surface information can be    |
 | done here.                                                         |
 |                                                                    |
 <<<<<<<<<<<<<<<<<<<<<<<<<<<<<<<<<<<<<<<<<<<<<<<<<<<<<<<<<<<<<<<<<<<<<<





 Output bands in file: OUT.ABACUS/BANDS_1.dat
TIME STATISTICS
----------------------------------------------------------------------------------
   CLASS_NAME                   NAME                TIME/s  CALLS   AVG/s  PER/%  
----------------------------------------------------------------------------------
                 total                              44.20  11       4.02   100.00 
 Driver          reading                            3.53   1        3.53   7.98   
 Input_Conv      Convert                            0.00   1        0.00   0.00   
 Driver          driver_line                        40.67  1        40.67  92.01  
 UnitCell        check_tau                          0.00   1        0.00   0.00   
 ESolver_KS_LCAO before_all_runners                 3.01   1        3.01   6.81   
 PW_Basis_Sup    setuptransform                     0.28   1        0.28   0.63   
 PW_Basis_Sup    distributeg                        0.18   1        0.18   0.41   
 mymath          heapsort                           0.00   3        0.00   0.00   
 Charge_Mixing   init_mixing                        0.00   1        0.00   0.00   
 PW_Basis_K      setuptransform                     0.22   1        0.22   0.49   
 PW_Basis_K      distributeg                        0.22   1        0.22   0.49   
 PW_Basis        setup_struc_factor                 0.03   1        0.03   0.07   
 NOrbital_Lm     extra_uniform                      0.28   323      0.00   0.63   
 Mathzone_Add1   SplineD2                           0.01   323      0.00   0.01   
 Mathzone_Add1   Cubic_Spline_Interpolation         0.14   323      0.00   0.31   
 ppcell_vl       init_vloc                          0.12   1        0.12   0.27   
 Ions            opt_ions                           36.69  1        36.69  83.02  
 ESolver_KS_LCAO runner                             36.66  1        36.66  82.94  
 ESolver_KS_LCAO before_scf                         1.49   1        1.49   3.37   
 atom_arrange    search                             0.00   1        0.00   0.00   
 atom_arrange    grid_d.init                        0.00   1        0.00   0.00   
 Grid            Construct_Adjacent_expand          0.00   1        0.00   0.00   
 Grid            Construct_Adjacent_expand_periodic 0.00   12       0.00   0.00   
 Grid_Technique  init                               0.48   1        0.48   1.09   
 Grid_BigCell    grid_expansion_index               0.05   2        0.03   0.12   
 Grid_Driver     Find_atom                          0.00   96       0.00   0.00   
 Record_adj      for_2d                             0.05   1        0.05   0.10   
 LCAO_domain     grid_prepare                       0.00   1        0.00   0.00   
 Veff            initialize_HR                      0.00   1        0.00   0.00   
 OverlapNew      initialize_SR                      0.00   1        0.00   0.00   
 EkineticNew     initialize_HR                      0.00   1        0.00   0.01   
 NonlocalNew     initialize_HR                      0.02   1        0.02   0.06   
 Charge          set_rho_core                       0.44   1        0.44   0.99   
 PW_Basis_Sup    recip2real                         0.39   13       0.03   0.88   
 PW_Basis_Sup    gathers_scatterp                   0.38   13       0.03   0.86   
 ModuleIO        read_rhog                          0.00   1        0.00   0.00   
 Potential       init_pot                           0.32   1        0.32   0.74   
 Potential       update_from_charge                 0.33   2        0.16   0.74   
 Potential       cal_fixed_v                        0.01   1        0.01   0.02   
 PotLocal        cal_fixed_v                        0.01   1        0.01   0.02   
 Potential       cal_v_eff                          0.32   2        0.16   0.72   
 H_Hartree_pw    v_hartree                          0.05   2        0.03   0.12   
 PW_Basis_Sup    real2recip                         0.15   13       0.01   0.34   
 PW_Basis_Sup    gatherp_scatters                   0.15   13       0.01   0.33   
 PotXC           cal_v_eff                          0.26   2        0.13   0.59   
 XC_Functional   v_xc                               0.26   2        0.13   0.59   
 Potential       interpolate_vrs                    0.00   2        0.00   0.00   
 H_Ewald_pw      compute_ewald                      0.03   1        0.03   0.06   
 HSolverLCAO     solve                              11.14  1        11.14  25.21  
 HamiltLCAO      updateHk                           4.18   32       0.13   9.47   
 OperatorLCAO    init                               4.04   96       0.04   9.14   
 Veff            contributeHR                       3.59   1        3.59   8.11   
 Gint_interface  cal_gint                           2.70   1        2.70   6.10   
 Gint_interface  cal_gint_vlocal                    2.70   1        2.70   6.10   
 Gint_Tools      cal_psir_ylm                       0.10   1024     0.00   0.22   
 Gint_k          transfer_pvpR                      0.89   1        0.89   2.01   
 OverlapNew      calculate_SR                       0.13   1        0.13   0.29   
 OverlapNew      contributeHk                       0.01   32       0.00   0.03   
 EkineticNew     contributeHR                       0.12   1        0.12   0.27   
 EkineticNew     calculate_HR                       0.12   1        0.12   0.27   
 NonlocalNew     contributeHR                       0.32   1        0.32   0.72   
 NonlocalNew     calculate_HR                       0.32   1        0.32   0.72   
 OperatorLCAO    contributeHk                       0.02   32       0.00   0.03   
 HSolverLCAO     hamiltSolvePsiK                    6.86   32       0.21   15.52  
 DiagoElpa       elpa_solve                         6.14   32       0.19   13.88  
 elecstate       cal_dm                             0.07   1        0.07   0.17   
 psiMulPsiMpi    pdgemm                             0.07   32       0.00   0.17   
 DensityMatrix   cal_DMR                            0.01   1        0.01   0.03   
 Charge_Mixing   get_drho                           0.00   1        0.00   0.00   
 ModuleIO        write_rhog                         0.30   1        0.30   0.68   
 ESolver_KS_LCAO after_scf                          23.65  1        23.65  53.51  
 Charge          atomic_rho                         0.14   1        0.14   0.32   
 ORB_gaunt_table init_Gaunt_CH                      0.00   1        0.00   0.01   
 ORB_gaunt_table Calc_Gaunt_CH                      0.00   1631     0.00   0.00   
 ORB_gaunt_table init_Gaunt                         0.02   1        0.02   0.04   
 ORB_gaunt_table Get_Gaunt_SH                       0.01   25313    0.00   0.02   
 Center2_Orb     cal_ST_Phi12_R                     13.95  769      0.02   31.55  
 ESolver_KS_LCAO after_all_runners                  0.02   1        0.02   0.04   
 ModuleIO        nscf_band                          0.02   1        0.02   0.04   
----------------------------------------------------------------------------------


 NAME-------------------------|MEMORY(MB)--------
                         total     31544.8943
                    ORB::Jl(x)     29499.7681
                  Gint::hRGint       405.3191
                 Gint::DMRGint       405.0066
       TwoCenterTable: Kinetic       137.3855
       TwoCenterTable: Overlap       137.3855
      TwoCenterTable: Nonlocal       136.0217
                  meshball_pos       125.4631
               GT::ind_bigcell       123.2787
         GT::in_this_processor       123.2787
              GT::index2normal       123.2787
               GT::index2ucell       123.2787
      GT::bigcell_on_processor        30.8197
                HamiltLCAO::hR        25.2999
            DensityMatrix::DMR        24.9874
            DensityMatrix::DMK        21.9453
                    index_ball        20.9105
                HamiltLCAO::sR        17.5358
                  PW_B_K::gcar        11.5239
                GT::which_atom         7.0990
             GT::which_bigcell         7.0990
            GT::which_unitcell         7.0990
                   PW_B_K::gk2         3.8413
                RealGauntTable         3.7773
                  SF::strucFac         3.7743
                  SF::eigts123         2.2515
                 ORB::Gaunt_CH         2.0508
                      Chg::rho         2.0000
                 Chg::rho_save         2.0000
                 Chg::rho_core         2.0000
                 Pot::veff_fix         2.0000
                     Pot::veff         2.0000
              Pot::veff_smooth         2.0000
 -------------   < 1.0 MB has been ignored ----------------
 ----------------------------------------------------------

 Start  Time  : Fri Oct  9 19:25:10 2026
 Finish Time  : Fri Oct  9 19:25:54 2026
 Total  Time  : 0 h 0 mins 44 secs 
