                                                                                     
                              ABACUS v3.10.0

               Atomic-orbital Based Ab-initio Computation at UStc                    

                     Website: http://abacus.ustc.edu.cn/                             
               Documentation: https://abacus.deepmodeling.com/                       
                  Repository: https://github.com/abacusmodeling/abacus-develop       
                              https://github.com/deepmodeling/abacus-develop         
                      Commit: f7cb1d3 (Mon May 12 16:53:30 2025 +0800)

    Start Time is Fri Oct  9 19:39:43 2026
                                                                                     
 ------------------------------------------------------------------------------------

 READING GENERAL INFORMATION
                           global_out_dir = OUT.ABACUS/
                           global_in_card = INPUT
                               pseudo_dir = 
                              orbital_dir = 
                                    DRANK = 1
                                    DSIZE = 32
                                   DCOLOR = 1
                                    GRANK = 1
                                    GSIZE = 1




 >>>>>>>>>>>>>>>>>>>>>>>>>>>>>>>>>>>>>>>>>>>>>>>>>>>>>>>>>>>>>>>>>>>>>>
 |                                                                    |
 | Reading atom information in unitcell:                              |
 | From the input file and the structure file we know the number of   |
 | different elments in this unitcell, then we list the detail        |
 | information for each element, especially the zeta and polar atomic |
 | orbital number for each element. The total atom number is counted. |
 | We calculate the nearest atom distance for each atom and show the  |
 | Cartesian and Direct coordinates for each atom. We list the file   |
 | address for atomic orbitals. The volume and the lattice vectors    |
 | in real and reciprocal space is also shown.                        |
 |                                                                    |
 <<<<<<<<<<<<<<<<<<<<<<<<<<<<<<<<<<<<<<<<<<<<<<<<<<<<<<<<<<<<<<<<<<<<<<




 READING UNITCELL INFORMATION
                                    ntype = 2
                  lattice constant (Bohr) = 1.88973
              lattice constant (Angstrom) = 1

 READING ATOM TYPE 1
                               atom label = Hf
                      L=0, number of zeta = 4
                      L=1, number of zeta = 2
                      L=2, number of zeta = 2
                      L=3, number of zeta = 1
             number of atom for this type = 4

 READING ATOM TYPE 2
                               atom label = O
                      L=0, number of zeta = 2
                      L=1, number of zeta = 2
                      L=2, number of zeta = 1
             number of atom for this type = 8

                        TOTAL ATOM NUMBER = 12
DIRECT COORDINATES
    atom                   x                   y                   z     mag                  vx                  vy                  vz
taud_Hf1            0.9830116321        0.9914701192        0.0181293197  0.0000        0.0000000000        0.0000000000        0.0000000000
taud_Hf2            0.0463155918        0.5228711697        0.5181304335  0.0000        0.0000000000        0.0000000000        0.0000000000
taud_Hf3            0.5463158612        0.9914688612        0.5181304223  0.0000        0.0000000000        0.0000000000        0.0000000000
taud_Hf4            0.4830115664        0.5228693425        0.0181293689  0.0000        0.0000000000        0.0000000000        0.0000000000
taud_O1            0.1533011120        0.3229610495        0.1660235946  0.0000        0.0000000000        0.0000000000        0.0000000000
taud_O2            0.3760293389        0.3229620120        0.6660238677  0.0000        0.0000000000        0.0000000000        0.0000000000
taud_O3            0.2819759713        0.7941063524        0.2684118249  0.0000        0.0000000000        0.0000000000        0.0000000000
taud_O4            0.2473599585        0.7941072643        0.7684120847  0.0000        0.0000000000        0.0000000000        0.0000000000
taud_O5            0.6533011512        0.1913794401        0.1660240344  0.0000        0.0000000000        0.0000000000        0.0000000000
taud_O6            0.8760294228        0.1913785269        0.6660243483  0.0000        0.0000000000        0.0000000000        0.0000000000
taud_O7            0.7819759629        0.7202342208        0.2684117540  0.0000        0.0000000000        0.0000000000        0.0000000000
taud_O8            0.7473599554        0.7202331426        0.7684118937  0.0000        0.0000000000        0.0000000000        0.0000000000



                          Volume (Bohr^3) = 911.115
                             Volume (A^3) = 135.013

 Lattice vectors: (Cartesian coordinate: in unit of a_0)
             +5.24775        -1.07816e-06        +1.54231e-05
         -9.86744e-07             +5.0574        -8.78508e-07
         +1.53926e-05         -9.0058e-07            +5.08717
 Reciprocal vectors: (Cartesian coordinate: in unit of 2 pi/a_0)
            +0.190558        +3.71795e-08        -5.76583e-07
         +4.06238e-08            +0.19773         +3.5004e-08
         -5.77725e-07        +3.41461e-08           +0.196573
 The esolver type has been set to : ksdft_lcao

 RUNNING WITH DEVICE  : CPU / AMD EPYC 7702 64-Core Processor




 >>>>>>>>>>>>>>>>>>>>>>>>>>>>>>>>>>>>>>>>>>>>>>>>>>>>>>>>>>>>>>>>>>>>>>
 |                                                                    |
 | Reading pseudopotentials files:                                    |
 | The pseudopotential file is in UPF format. The 'NC' indicates that |
 | the type of pseudopotential is 'norm conserving'. Functional of    |
 | exchange and correlation is decided by 4 given parameters in UPF   |
 | file.  We also read in the 'core correction' if there exists.      |
 | Also we can read the valence electrons number and the maximal      |
 | angular momentum used in this pseudopotential. We also read in the |
 | trail wave function, trail atomic density and local-pseudopotential|
 | on logrithmic grid. The non-local pseudopotential projector is also|
 | read in if there is any.                                           |
 |                                                                    |
 <<<<<<<<<<<<<<<<<<<<<<<<<<<<<<<<<<<<<<<<<<<<<<<<<<<<<<<<<<<<<<<<<<<<<<




                PAO radial cut off (Bohr) = 15

 Read in pseudopotential file is Hf.upf
                     pseudopotential type = NC
          exchange-correlation functional = PBE
                 nonlocal core correction = 1
                        valence electrons = 12
                                     lmax = 3
                           number of zeta = 4
                     number of projectors = 8
                           L of projector = 0
                           L of projector = 0
                           L of projector = 1
                           L of projector = 1
                           L of projector = 2
                           L of projector = 2
                           L of projector = 3
                           L of projector = 3
                PAO radial cut off (Bohr) = 15

 Read in pseudopotential file is O.upf
                     pseudopotential type = NC
          exchange-correlation functional = PBE
                 nonlocal core correction = 1
                        valence electrons = 6
                                     lmax = 2
                           number of zeta = 2
                     number of projectors = 5
                           L of projector = 0
                           L of projector = 0
                           L of projector = 1
                           L of projector = 1
                           L of projector = 2
     initial pseudo atomic orbital number = 72

 SETUP THE ELECTRONS NUMBER
            electron number of element Hf = 12
      total electron number of element Hf = 48
             electron number of element O = 6
       total electron number of element O = 48
            AUTOSET number of electrons:  = 96
                           occupied bands = 48
                                   NLOCAL = 212
                                   NBANDS = 58
                                   NBANDS = 58
                                   NLOCAL = 212

%%%%%%%%%%%%%%%%%%%%%%%%%%%%%%%%%%%%%%%%%%%%%%%%%%%%%%%%%%%%%%%%%%%%%%%%%%%%%%%%%%%%%%%%%%%%%%%%%%%%%%%%%%
 Warning: the number of valence electrons in pseudopotential > 4 for Hf: [Xe] 4f14 5d2 6s2
 Pseudopotentials with additional electrons can yield (more) accurate outcomes, but may be less efficient.
 If you're confident that your chosen pseudopotential is appropriate, you can safely ignore this warning.
%%%%%%%%%%%%%%%%%%%%%%%%%%%%%%%%%%%%%%%%%%%%%%%%%%%%%%%%%%%%%%%%%%%%%%%%%%%%%%%%%%%%%%%%%%%%%%%%%%%%%%%%%%
                  




 >>>>>>>>>>>>>>>>>>>>>>>>>>>>>>>>>>>>>>>>>>>>>>>>>>>>>>>>>>>>>>>>>>>>>>
 |                                                                    |
 | Setup plane waves of charge/potential:                             |
 | Use the energy cutoff and the lattice vectors to generate the      |
 | dimensions of FFT grid. The number of FFT grid on each processor   |
 | is 'nrxx'. The number of plane wave basis in reciprocal space is   |
 | different for charege/potential and wave functions. We also set    |
 | the 'sticks' for the parallel of FFT. The number of plane waves    |
 | is 'npw' in each processor.                                        |
 <<<<<<<<<<<<<<<<<<<<<<<<<<<<<<<<<<<<<<<<<<<<<<<<<<<<<<<<<<<<<<<<<<<<<<





 SETUP THE PLANE WAVE BASIS
 energy cutoff for charge/potential (unit:Ry) = 400
            fft grid for charge/potential = [ 64, 64, 64 ]
                        fft grid division = [ 2, 2, 2 ]
        big fft grid for charge/potential = [ 32, 32, 32 ]
                                     nbxx = 1024
                                     nrxx = 8192

 SETUP PLANE WAVES FOR CHARGE/POTENTIAL
                    number of plane waves = 123071
                         number of sticks = 3019

 PARALLEL PW FOR CHARGE/POTENTIAL
     PROC   COLUMNS(POT)             PW
        1             94           3846
        2             94           3846
        3             94           3846
        4             94           3846
        5             95           3847
        6             94           3846
        7             94           3846
        8             94           3846
        9             94           3846
       10             94           3846
       11             94           3846
       12             94           3846
       13             94           3846
       14             94           3846
       15             94           3846
       16             94           3846
       17             94           3846
       18             94           3846
       19             94           3846
       20             94           3846
       21             95           3847
       22             95           3847
       23             95           3847
       24             95           3847
       25             95           3847
       26             95           3847
       27             95           3845
       28             95           3845
       29             95           3845
       30             95           3845
       31             94           3844
       32             94           3844
 --------------- sum -------------------
       32           3019         123071
                            number of |g| = 3715
                                  max |g| = 36.1527
                                  min |g| = 0.301638
 DONE : SETUP UNITCELL Time : 1.14661 (SEC)


----------- Double Check Mixing Parameters Begin ------------
mixing_type: broyden
mixing_beta: 0.3
mixing_gg0: 1
mixing_gg0_min: 0.1
mixing_ndim: 8
----------- Double Check Mixing Parameters End ------------




 >>>>>>>>>>>>>>>>>>>>>>>>>>>>>>>>>>>>>>>>>>>>>>>>>>>>>>>>>>>>>>>>>>>>>>
 |                                                                    |
 | Setup K-points                                                     |
 | We setup the k-points according to input parameters.               |
 | The reduced k-points are set according to symmetry operations.     |
 | We treat the spin as another set of k-points.                      |
 |                                                                    |
 <<<<<<<<<<<<<<<<<<<<<<<<<<<<<<<<<<<<<<<<<<<<<<<<<<<<<<<<<<<<<<<<<<<<<<





 SETUP K-POINTS
                                    nspin = 1
                   Input type of k points = Monkhorst-Pack(Gamma)
                                   nkstot = 16
K-POINTS DIRECT COORDINATES
 KPOINTS    DIRECT_X    DIRECT_Y    DIRECT_Z  WEIGHT
       1  0.00000000  0.00000000  0.00000000  0.0625
       2  0.50000000  0.00000000  0.00000000  0.0625
       3  0.00000000  0.50000000  0.00000000  0.0625
       4  0.50000000  0.50000000  0.00000000  0.0625
       5  0.00000000  0.00000000  0.25000000  0.0625
       6  0.50000000  0.00000000  0.25000000  0.0625
       7  0.00000000  0.50000000  0.25000000  0.0625
       8  0.50000000  0.50000000  0.25000000  0.0625
       9  0.00000000  0.00000000  0.50000000  0.0625
      10  0.50000000  0.00000000  0.50000000  0.0625
      11  0.00000000  0.50000000  0.50000000  0.0625
      12  0.50000000  0.50000000  0.50000000  0.0625
      13  0.00000000  0.00000000  0.75000000  0.0625
      14  0.50000000  0.00000000  0.75000000  0.0625
      15  0.00000000  0.50000000  0.75000000  0.0625
      16  0.50000000  0.50000000  0.75000000  0.0625


           k-point number in this process = 16
       minimum distributed K point number = 16

K-POINTS CARTESIAN COORDINATES
 KPOINTS CARTESIAN_X CARTESIAN_Y CARTESIAN_Z  WEIGHT
       1  0.00000000  0.00000000  0.00000000  0.1250
       2  0.09527894  0.00000002 -0.00000029  0.1250
       3  0.00000002  0.09886508  0.00000002  0.1250
       4  0.09527896  0.09886510 -0.00000027  0.1250
       5 -0.00000014  0.00000001  0.04914321  0.1250
       6  0.09527880  0.00000003  0.04914292  0.1250
       7 -0.00000012  0.09886509  0.04914323  0.1250
       8  0.09527882  0.09886511  0.04914294  0.1250
       9 -0.00000029  0.00000002  0.09828642  0.1250
      10  0.09527866  0.00000004  0.09828614  0.1250
      11 -0.00000027  0.09886510  0.09828644  0.1250
      12  0.09527868  0.09886512  0.09828615  0.1250
      13 -0.00000043  0.00000003  0.14742964  0.1250
      14  0.09527851  0.00000004  0.14742935  0.1250
      15 -0.00000041  0.09886511  0.14742965  0.1250
      16  0.09527853  0.09886513  0.14742937  0.1250


K-POINTS DIRECT COORDINATES
 KPOINTS    DIRECT_X    DIRECT_Y    DIRECT_Z  WEIGHT
       1  0.00000000  0.00000000  0.00000000  0.1250
       2  0.50000000  0.00000000  0.00000000  0.1250
       3  0.00000000  0.50000000  0.00000000  0.1250
       4  0.50000000  0.50000000  0.00000000  0.1250
       5  0.00000000  0.00000000  0.25000000  0.1250
       6  0.50000000  0.00000000  0.25000000  0.1250
       7  0.00000000  0.50000000  0.25000000  0.1250
       8  0.50000000  0.50000000  0.25000000  0.1250
       9  0.00000000  0.00000000  0.50000000  0.1250
      10  0.50000000  0.00000000  0.50000000  0.1250
      11  0.00000000  0.50000000  0.50000000  0.1250
      12  0.50000000  0.50000000  0.50000000  0.1250
      13  0.00000000  0.00000000  0.75000000  0.1250
      14  0.50000000  0.00000000  0.75000000  0.1250
      15  0.00000000  0.50000000  0.75000000  0.1250
      16  0.50000000  0.50000000  0.75000000  0.1250

 DONE : INIT K-POINTS Time : 1.17488 (SEC)





 >>>>>>>>>>>>>>>>>>>>>>>>>>>>>>>>>>>>>>>>>>>>>>>>>>>>>>>>>>>>>>>>>>>>>>
 |                                                                    |
 | Setup plane waves of wave functions:                               |
 | Use the energy cutoff and the lattice vectors to generate the      |
 | dimensions of FFT grid. The number of FFT grid on each processor   |
 | is 'nrxx'. The number of plane wave basis in reciprocal space is   |
 | different for charege/potential and wave functions. We also set    |
 | the 'sticks' for the parallel of FFT. The number of plane wave of  |
 | each k-point is 'npwk[ik]' in each processor                       |
 <<<<<<<<<<<<<<<<<<<<<<<<<<<<<<<<<<<<<<<<<<<<<<<<<<<<<<<<<<<<<<<<<<<<<<





 SETUP PLANE WAVES FOR WAVE FUNCTIONS
     energy cutoff for wavefunc (unit:Ry) = 100
              fft grid for wave functions = [ 64, 64, 64 ]
                    number of plane waves = 18721
                         number of sticks = 865

 PARALLEL PW FOR WAVE FUNCTIONS
     PROC   COLUMNS(POT)             PW
        1             26            584
        2             26            584
        3             26            584
        4             27            587
        5             27            587
        6             27            587
        7             27            587
        8             27            585
        9             27            585
       10             27            585
       11             27            585
       12             27            585
       13             27            585
       14             27            585
       15             27            585
       16             27            585
       17             27            585
       18             27            585
       19             27            585
       20             27            585
       21             27            585
       22             27            585
       23             27            585
       24             27            585
       25             27            585
       26             27            585
       27             27            585
       28             27            585
       29             28            584
       30             28            584
       31             28            584
       32             28            584
 --------------- sum -------------------
       32            865          18721
 DONE : INIT PLANEWAVE Time : 1.18579 (SEC)

 SET NONLOCAL PSEUDOPOTENTIAL PROJECTORS
 SET NONLOCAL PSEUDOPOTENTIAL PROJECTORS
 max number of nonlocal projetors among all species is 8
 DONE : LOCAL POTENTIAL Time : 1.70041 (SEC)


 -------------------------------------------
 NONSELF-CONSISTENT
 -------------------------------------------




 >>>>>>>>>>>>>>>>>>>>>>>>>>>>>>>>>>>>>>>>>>>>>>>>>>>>>>>>>>>>>>>>>>>>>>
 |                                                                    |
 | Search adjacent atoms:                                             |
 | Set the adjacent atoms for each atom and set the periodic boundary |
 | condition for the atoms on real space FFT grid. For k-dependent    |
 | algorithm, we also need to set the sparse H and S matrix element   |
 | for each atom.                                                     |
 |                                                                    |
 <<<<<<<<<<<<<<<<<<<<<<<<<<<<<<<<<<<<<<<<<<<<<<<<<<<<<<<<<<<<<<<<<<<<<<





 SETUP SEARCHING RADIUS FOR PROGRAM TO SEARCH ADJACENT ATOMS
                  longest orb rcut (Bohr) = 10
   longest nonlocal projector rcut (Bohr) = 2.46
                     search radius (Bohr) = 24.9
              searching radius is (Bohr)) = 24.9
         searching radius unit is (Bohr)) = 1.89
                         PeriodicBoundary = 1
                        Radius(unit:lat0) = 13.2
                                   glayer = [ 4, 4, 4 ]
                             glayer_minus = [ 3, 3, 3 ]

Find the coordinate range of the input atom(unit:lat0).
                                  min_tau = [ -15.5, -14.2, -15.2 ]
                                  max_tau = [ 20.9, 20.2, 19.2 ]
                                BoxNumber = [ 7, 7, 7 ]

 SETUP EXTENDED REAL SPACE GRID FOR GRID INTEGRATION
                          real space grid = [ 64, 64, 64 ]
                 big cell numbers in grid = [ 32, 32, 32 ]
             meshcell numbers in big cell = [ 2, 2, 2 ]
                        extended fft grid = [ 33, 34, 34 ]
                dimension of extened grid = [ 99, 101, 101 ]
                            UnitCellTotal = 125
              Atom number in sub-FFT-grid = 12
    Local orbitals number in sub-FFT-grid = 212
                                ParaV.nnr = 80034

 Warning_Memory_Consuming allocated:  Gint::hRGint 12.7 MB

 Warning_Memory_Consuming allocated:  Gint::DMRGint 12.7 MB
                                 init_chg = file
 try to read charge from file
 Find the file OUT.ABACUS//SPIN1_CHG.cube , try to read it.
 Read in the charge density: OUT.ABACUS//SPIN1_CHG.cube
 DONE : INIT SCF Time : 2.40949 (SEC)


 LCAO ALGORITHM --------------- ION=   1  ELEC=   1--------------------------------
 Energy (eV) & Occupations  for spin=1 K-point=1
      1       -48.7687       0.125000
      2       -48.7501       0.125000
      3       -48.7496       0.125000
      4       -48.7482       0.125000
      5       -18.5783       0.125000
      6       -18.5557       0.125000
      7       -18.5516       0.125000
      8       -18.3325       0.125000
      9       -18.2936       0.125000
     10       -18.2781       0.125000
     11       -18.2668       0.125000
     12       -18.2636       0.125000
     13       -18.2520       0.125000
     14       -18.1622       0.125000
     15       -18.1537       0.125000
     16       -18.1534       0.125000
     17       -6.85452       0.125000
     18       -5.48805       0.125000
     19       -5.31863       0.125000
     20       -5.25604       0.125000
     21       -4.84121       0.125000
     22       -4.75930       0.125000
     23       -4.66077       0.125000
     24       -4.53755       0.125000
     25        5.71783       0.125000
     26        5.76657       0.125000
     27        5.90986       0.125000
     28        6.56606       0.125000
     29        6.70106       0.125000
     30        6.76525       0.125000
     31        7.98985       0.125000
     32        8.04096       0.125000
     33        8.10355       0.125000
     34        8.13615       0.125000
     35        8.58518       0.125000
     36        8.92493       0.125000
     37        8.98698       0.125000
     38        9.34733       0.125000
     39        9.37488       0.125000
     40        9.64855       0.125000
     41        9.86923       0.125000
     42        10.0290       0.125000
     43        10.1497       0.125000
     44        10.2415       0.125000
     45        10.5077       0.125000
     46        11.0107       0.125000
     47        11.1352       0.125000
     48        11.3065       0.125000
     49        16.2056        0.00000
     50        16.4544        0.00000
     51        16.6204        0.00000
     52        17.0138        0.00000
     53        17.0949        0.00000
     54        17.1982        0.00000
     55        17.2135        0.00000
     56        17.2880        0.00000
     57        17.5305        0.00000
     58        18.0212        0.00000
 Energy (eV) & Occupations  for spin=1 K-point=2
      1       -48.7605       0.125000
      2       -48.7604       0.125000
      3       -48.7479       0.125000
      4       -48.7477       0.125000
      5       -18.4579       0.125000
      6       -18.4578       0.125000
      7       -18.4433       0.125000
      8       -18.4432       0.125000
      9       -18.3593       0.125000
     10       -18.3593       0.125000
     11       -18.2681       0.125000
     12       -18.2680       0.125000
     13       -18.2060       0.125000
     14       -18.2060       0.125000
     15       -18.2001       0.125000
     16       -18.2000       0.125000
     17       -6.05444       0.125000
     18       -6.05432       0.125000
     19       -5.18129       0.125000
     20       -5.18115       0.125000
     21       -4.92510       0.125000
     22       -4.92498       0.125000
     23       -4.75328       0.125000
     24       -4.75317       0.125000
     25        6.30608       0.125000
     26        6.30616       0.125000
     27        6.69264       0.125000
     28        6.69270       0.125000
     29        7.20140       0.125000
     30        7.20146       0.125000
     31        7.32257       0.125000
     32        7.32262       0.125000
     33        7.75506       0.125000
     34        7.75516       0.125000
     35        8.60727       0.125000
     36        8.60735       0.125000
     37        9.02874       0.125000
     38        9.02880       0.125000
     39        9.37651       0.125000
     40        9.37659       0.125000
     41        9.64350       0.125000
     42        9.64356       0.125000
     43        10.4311       0.125000
     44        10.4312       0.125000
     45        10.5908       0.125000
     46        10.5908       0.125000
     47        10.8541       0.125000
     48        10.8542       0.125000
     49        16.4864        0.00000
     50        16.4865        0.00000
     51        16.8975        0.00000
     52        16.8976        0.00000
     53        16.9878        0.00000
     54        16.9878        0.00000
     55        17.3473        0.00000
     56        17.3473        0.00000
     57        18.1805        0.00000
     58        18.1806        0.00000
 Energy (eV) & Occupations  for spin=1 K-point=3
      1       -48.7631       0.125000
      2       -48.7558       0.125000
      3       -48.7492       0.125000
      4       -48.7486       0.125000
      5       -18.4904       0.125000
      6       -18.4634       0.125000
      7       -18.3978       0.125000
      8       -18.3942       0.125000
      9       -18.3625       0.125000
     10       -18.3395       0.125000
     11       -18.2956       0.125000
     12       -18.2730       0.125000
     13       -18.2367       0.125000
     14       -18.2290       0.125000
     15       -18.2043       0.125000
     16       -18.1898       0.125000
     17       -6.26835       0.125000
     18       -5.45023       0.125000
     19       -5.41064       0.125000
     20       -5.25102       0.125000
     21       -5.12386       0.125000
     22       -4.85159       0.125000
     23       -4.75253       0.125000
     24       -4.68873       0.125000
     25        6.01795       0.125000
     26        6.07126       0.125000
     27        6.74270       0.125000
     28        6.83950       0.125000
     29        6.84922       0.125000
     30        7.05014       0.125000
     31        7.23956       0.125000
     32        7.39876       0.125000
     33        7.91451       0.125000
     34        8.19303       0.125000
     35        8.61513       0.125000
     36        8.62081       0.125000
     37        8.76932       0.125000
     38        8.96407       0.125000
     39        9.58058       0.125000
     40        9.58426       0.125000
     41        9.87460       0.125000
     42        9.94183       0.125000
     43        10.2062       0.125000
     44        10.4074       0.125000
     45        10.4143       0.125000
     46        10.7631       0.125000
     47        11.1316       0.125000
     48        11.1442       0.125000
     49        15.9138    2.16493e-15
     50        16.1891        0.00000
     51        16.2999        0.00000
     52        16.7807        0.00000
     53        16.9259        0.00000
     54        17.5080        0.00000
     55        17.6865        0.00000
     56        17.8467        0.00000
     57        18.1583        0.00000
     58        18.3819        0.00000
 Energy (eV) & Occupations  for spin=1 K-point=4
      1       -48.7585       0.125000
      2       -48.7584       0.125000
      3       -48.7498       0.125000
      4       -48.7497       0.125000
      5       -18.4884       0.125000
      6       -18.4884       0.125000
      7       -18.4082       0.125000
      8       -18.4082       0.125000
      9       -18.3828       0.125000
     10       -18.3827       0.125000
     11       -18.2575       0.125000
     12       -18.2574       0.125000
     13       -18.2252       0.125000
     14       -18.2252       0.125000
     15       -18.1766       0.125000
     16       -18.1766       0.125000
     17       -5.91262       0.125000
     18       -5.91250       0.125000
     19       -5.25447       0.125000
     20       -5.25441       0.125000
     21       -5.02815       0.125000
     22       -5.02810       0.125000
     23       -4.73472       0.125000
     24       -4.73462       0.125000
     25        6.41268       0.125000
     26        6.41278       0.125000
     27        6.78224       0.125000
     28        6.78230       0.125000
     29        7.09313       0.125000
     30        7.09318       0.125000
     31        8.01188       0.125000
     32        8.01196       0.125000
     33        8.13306       0.125000
     34        8.13311       0.125000
     35        8.50494       0.125000
     36        8.50501       0.125000
     37        8.62323       0.125000
     38        8.62332       0.125000
     39        8.96614       0.125000
     40        8.96620       0.125000
     41        9.68425       0.125000
     42        9.68435       0.125000
     43        10.1434       0.125000
     44        10.1434       0.125000
     45        10.5553       0.125000
     46        10.5555       0.125000
     47        10.7433       0.125000
     48        10.7433       0.125000
     49        15.9568    2.08167e-16
     50        15.9569    2.08167e-16
     51        16.4430        0.00000
     52        16.4430        0.00000
     53        16.9735        0.00000
     54        16.9736        0.00000
     55        17.6243        0.00000
     56        17.6244        0.00000
     57        18.1256        0.00000
     58        18.1256        0.00000
 Energy (eV) & Occupations  for spin=1 K-point=5
      1       -48.7657       0.125000
      2       -48.7512       0.125000
      3       -48.7500       0.125000
      4       -48.7497       0.125000
      5       -18.5278       0.125000
      6       -18.5272       0.125000
      7       -18.5168       0.125000
      8       -18.3789       0.125000
      9       -18.3054       0.125000
     10       -18.2835       0.125000
     11       -18.2788       0.125000
     12       -18.2688       0.125000
     13       -18.2277       0.125000
     14       -18.1972       0.125000
     15       -18.1766       0.125000
     16       -18.1682       0.125000
     17       -6.61244       0.125000
     18       -5.44375       0.125000
     19       -5.44155       0.125000
     20       -5.27747       0.125000
     21       -4.94203       0.125000
     22       -4.73672       0.125000
     23       -4.72474       0.125000
     24       -4.57920       0.125000
     25        5.84543       0.125000
     26        6.00253       0.125000
     27        6.28285       0.125000
     28        6.63981       0.125000
     29        6.88205       0.125000
     30        7.24024       0.125000
     31        7.57102       0.125000
     32        7.67011       0.125000
     33        7.88615       0.125000
     34        8.25652       0.125000
     35        8.30284       0.125000
     36        8.87571       0.125000
     37        8.99450       0.125000
     38        9.15677       0.125000
     39        9.41159       0.125000
     40        9.61244       0.125000
     41        9.73963       0.125000
     42        9.85447       0.125000
     43        10.1757       0.125000
     44        10.2478       0.125000
     45        10.4451       0.125000
     46        10.9510       0.125000
     47        11.0557       0.125000
     48        11.1672       0.125000
     49        16.0385        0.00000
     50        16.3726        0.00000
     51        16.4604        0.00000
     52        16.8785        0.00000
     53        17.1465        0.00000
     54        17.2568        0.00000
     55        17.3014        0.00000
     56        17.4049        0.00000
     57        18.1171        0.00000
     58        18.3516        0.00000
 Energy (eV) & Occupations  for spin=1 K-point=6
      1       -48.7587       0.125000
      2       -48.7585       0.125000
      3       -48.7497       0.125000
      4       -48.7496       0.125000
      5       -18.4649       0.125000
      6       -18.4648       0.125000
      7       -18.4336       0.125000
      8       -18.4336       0.125000
      9       -18.3629       0.125000
     10       -18.3628       0.125000
     11       -18.2612       0.125000
     12       -18.2612       0.125000
     13       -18.2277       0.125000
     14       -18.2277       0.125000
     15       -18.1869       0.125000
     16       -18.1869       0.125000
     17       -5.93326       0.125000
     18       -5.93313       0.125000
     19       -5.31805       0.125000
     20       -5.31791       0.125000
     21       -4.89694       0.125000
     22       -4.89683       0.125000
     23       -4.78241       0.125000
     24       -4.78231       0.125000
     25        6.57596       0.125000
     26        6.57599       0.125000
     27        6.82551       0.125000
     28        6.82554       0.125000
     29        7.22163       0.125000
     30        7.22172       0.125000
     31        7.44691       0.125000
     32        7.44697       0.125000
     33        7.76631       0.125000
     34        7.76637       0.125000
     35        8.49215       0.125000
     36        8.49222       0.125000
     37        8.83710       0.125000
     38        8.83715       0.125000
     39        9.34362       0.125000
     40        9.34370       0.125000
     41        9.70696       0.125000
     42        9.70702       0.125000
     43        10.0973       0.125000
     44        10.0974       0.125000
     45        10.4539       0.125000
     46        10.4539       0.125000
     47        10.7796       0.125000
     48        10.7797       0.125000
     49        16.3736        0.00000
     50        16.3736        0.00000
     51        16.7679        0.00000
     52        16.7679        0.00000
     53        17.1488        0.00000
     54        17.1489        0.00000
     55        17.3977        0.00000
     56        17.3978        0.00000
     57        18.2940        0.00000
     58        18.2940        0.00000
 Energy (eV) & Occupations  for spin=1 K-point=7
      1       -48.7610       0.125000
      2       -48.7548       0.125000
      3       -48.7507       0.125000
      4       -48.7502       0.125000
      5       -18.5019       0.125000
      6       -18.4421       0.125000
      7       -18.4346       0.125000
      8       -18.4285       0.125000
      9       -18.3799       0.125000
     10       -18.3420       0.125000
     11       -18.2738       0.125000
     12       -18.2621       0.125000
     13       -18.2151       0.125000
     14       -18.2109       0.125000
     15       -18.1970       0.125000
     16       -18.1903       0.125000
     17       -6.13418       0.125000
     18       -5.42665       0.125000
     19       -5.39924       0.125000
     20       -5.33973       0.125000
     21       -5.17422       0.125000
     22       -4.94038       0.125000
     23       -4.74023       0.125000
     24       -4.68492       0.125000
     25        6.12427       0.125000
     26        6.38893       0.125000
     27        6.73617       0.125000
     28        6.90331       0.125000
     29        7.01180       0.125000
     30        7.17052       0.125000
     31        7.20681       0.125000
     32        7.57395       0.125000
     33        8.06852       0.125000
     34        8.09016       0.125000
     35        8.54645       0.125000
     36        8.62360       0.125000
     37        8.75518       0.125000
     38        9.10169       0.125000
     39        9.45640       0.125000
     40        9.52790       0.125000
     41        9.75345       0.125000
     42        9.89509       0.125000
     43        9.99591       0.125000
     44        10.0873       0.125000
     45        10.3960       0.125000
     46        10.4063       0.125000
     47        11.0347       0.125000
     48        11.0669       0.125000
     49        15.9717    9.02056e-17
     50        16.1052        0.00000
     51        16.1387        0.00000
     52        16.5786        0.00000
     53        16.7163        0.00000
     54        17.6587        0.00000
     55        17.6653        0.00000
     56        17.8017        0.00000
     57        17.8427        0.00000
     58        18.2241        0.00000
 Energy (eV) & Occupations  for spin=1 K-point=8
      1       -48.7572       0.125000
      2       -48.7571       0.125000
      3       -48.7511       0.125000
      4       -48.7510       0.125000
      5       -18.5401       0.125000
      6       -18.5400       0.125000
      7       -18.4910       0.125000
      8       -18.4909       0.125000
      9       -18.2853       0.125000
     10       -18.2852       0.125000
     11       -18.2295       0.125000
     12       -18.2294       0.125000
     13       -18.2087       0.125000
     14       -18.2087       0.125000
     15       -18.1803       0.125000
     16       -18.1803       0.125000
     17       -5.88923       0.125000
     18       -5.88912       0.125000
     19       -5.50227       0.125000
     20       -5.50221       0.125000
     21       -4.84253       0.125000
     22       -4.84252       0.125000
     23       -4.69595       0.125000
     24       -4.69587       0.125000
     25        6.66513       0.125000
     26        6.66519       0.125000
     27        6.88721       0.125000
     28        6.88725       0.125000
     29        7.16489       0.125000
     30        7.16496       0.125000
     31        7.61434       0.125000
     32        7.61435       0.125000
     33        8.21509       0.125000
     34        8.21514       0.125000
     35        8.36946       0.125000
     36        8.36950       0.125000
     37        8.98951       0.125000
     38        8.98953       0.125000
     39        9.15174       0.125000
     40        9.15179       0.125000
     41        9.72381       0.125000
     42        9.72385       0.125000
     43        9.94842       0.125000
     44        9.94849       0.125000
     45        10.1768       0.125000
     46        10.1769       0.125000
     47        10.6544       0.125000
     48        10.6544       0.125000
     49        15.8448    7.70287e-14
     50        15.8448    7.69246e-14
     51        16.4916        0.00000
     52        16.4916        0.00000
     53        16.7904        0.00000
     54        16.7905        0.00000
     55        17.5515        0.00000
     56        17.5515        0.00000
     57        18.0824        0.00000
     58        18.0824        0.00000
 Energy (eV) & Occupations  for spin=1 K-point=9
      1       -48.7585       0.125000
      2       -48.7584       0.125000
      3       -48.7499       0.125000
      4       -48.7498       0.125000
      5       -18.4628       0.125000
      6       -18.4627       0.125000
      7       -18.4409       0.125000
      8       -18.4408       0.125000
      9       -18.3586       0.125000
     10       -18.3586       0.125000
     11       -18.2691       0.125000
     12       -18.2690       0.125000
     13       -18.2065       0.125000
     14       -18.2065       0.125000
     15       -18.1983       0.125000
     16       -18.1982       0.125000
     17       -6.01410       0.125000
     18       -6.01403       0.125000
     19       -5.34713       0.125000
     20       -5.34705       0.125000
     21       -4.87013       0.125000
     22       -4.87011       0.125000
     23       -4.66762       0.125000
     24       -4.66760       0.125000
     25        6.15730       0.125000
     26        6.15734       0.125000
     27        6.91673       0.125000
     28        6.91679       0.125000
     29        7.14900       0.125000
     30        7.14903       0.125000
     31        7.50413       0.125000
     32        7.50418       0.125000
     33        7.70171       0.125000
     34        7.70176       0.125000
     35        8.67060       0.125000
     36        8.67069       0.125000
     37        8.75423       0.125000
     38        8.75430       0.125000
     39        9.40251       0.125000
     40        9.40256       0.125000
     41        9.45882       0.125000
     42        9.45886       0.125000
     43        10.3046       0.125000
     44        10.3046       0.125000
     45        10.8775       0.125000
     46        10.8775       0.125000
     47        11.0160       0.125000
     48        11.0161       0.125000
     49        15.9295    9.29812e-16
     50        15.9296    9.29812e-16
     51        16.5887        0.00000
     52        16.5887        0.00000
     53        17.3251        0.00000
     54        17.3252        0.00000
     55        17.4363        0.00000
     56        17.4363        0.00000
     57        18.6782        0.00000
     58        18.6783        0.00000
 Energy (eV) & Occupations  for spin=1 K-point=10
      1       -48.7543       0.125000
      2       -48.7541       0.125000
      3       -48.7540       0.125000
      4       -48.7540       0.125000
      5       -18.4539       0.125000
      6       -18.4538       0.125000
      7       -18.4538       0.125000
      8       -18.4538       0.125000
      9       -18.3170       0.125000
     10       -18.3168       0.125000
     11       -18.3168       0.125000
     12       -18.3167       0.125000
     13       -18.1993       0.125000
     14       -18.1993       0.125000
     15       -18.1992       0.125000
     16       -18.1992       0.125000
     17       -5.63253       0.125000
     18       -5.63233       0.125000
     19       -5.63232       0.125000
     20       -5.63228       0.125000
     21       -4.84065       0.125000
     22       -4.84053       0.125000
     23       -4.84053       0.125000
     24       -4.84043       0.125000
     25        6.87558       0.125000
     26        6.87567       0.125000
     27        6.87568       0.125000
     28        6.87572       0.125000
     29        7.52125       0.125000
     30        7.52137       0.125000
     31        7.52140       0.125000
     32        7.52141       0.125000
     33        8.01379       0.125000
     34        8.01386       0.125000
     35        8.01390       0.125000
     36        8.01393       0.125000
     37        8.89684       0.125000
     38        8.89690       0.125000
     39        8.89694       0.125000
     40        8.89695       0.125000
     41        9.77101       0.125000
     42        9.77107       0.125000
     43        9.77108       0.125000
     44        9.77112       0.125000
     45        10.5696       0.125000
     46        10.5697       0.125000
     47        10.5697       0.125000
     48        10.5698       0.125000
     49        16.4263        0.00000
     50        16.4263        0.00000
     51        16.4264        0.00000
     52        16.4264        0.00000
     53        17.4704        0.00000
     54        17.4704        0.00000
     55        17.4705        0.00000
     56        17.4705        0.00000
     57        18.3962        0.00000
     58        18.3963        0.00000
 Energy (eV) & Occupations  for spin=1 K-point=11
      1       -48.7559       0.125000
      2       -48.7558       0.125000
      3       -48.7525       0.125000
      4       -48.7524       0.125000
      5       -18.4894       0.125000
      6       -18.4894       0.125000
      7       -18.4466       0.125000
      8       -18.4466       0.125000
      9       -18.3434       0.125000
     10       -18.3433       0.125000
     11       -18.2842       0.125000
     12       -18.2841       0.125000
     13       -18.1979       0.125000
     14       -18.1979       0.125000
     15       -18.1785       0.125000
     16       -18.1785       0.125000
     17       -5.79677       0.125000
     18       -5.79669       0.125000
     19       -5.28952       0.125000
     20       -5.28945       0.125000
     21       -5.14553       0.125000
     22       -5.14549       0.125000
     23       -4.70815       0.125000
     24       -4.70814       0.125000
     25        6.44117       0.125000
     26        6.44122       0.125000
     27        6.88679       0.125000
     28        6.88683       0.125000
     29        7.29243       0.125000
     30        7.29249       0.125000
     31        7.49514       0.125000
     32        7.49516       0.125000
     33        8.02214       0.125000
     34        8.02216       0.125000
     35        8.46954       0.125000
     36        8.46958       0.125000
     37        9.06656       0.125000
     38        9.06660       0.125000
     39        9.43889       0.125000
     40        9.43892       0.125000
     41        9.61298       0.125000
     42        9.61302       0.125000
     43        9.84652       0.125000
     44        9.84660       0.125000
     45        10.2591       0.125000
     46        10.2592       0.125000
     47        10.9390       0.125000
     48        10.9390       0.125000
     49        15.8522    5.29993e-14
     50        15.8523    5.28466e-14
     51        16.1979        0.00000
     52        16.1979        0.00000
     53        17.3335        0.00000
     54        17.3336        0.00000
     55        17.6635        0.00000
     56        17.6636        0.00000
     57        17.8921        0.00000
     58        17.8922        0.00000
 Energy (eV) & Occupations  for spin=1 K-point=12
      1       -48.7542       0.125000
      2       -48.7540       0.125000
      3       -48.7540       0.125000
      4       -48.7540       0.125000
      5       -18.5553       0.125000
      6       -18.5553       0.125000
      7       -18.5553       0.125000
      8       -18.5553       0.125000
      9       -18.2190       0.125000
     10       -18.2190       0.125000
     11       -18.2189       0.125000
     12       -18.2189       0.125000
     13       -18.1912       0.125000
     14       -18.1911       0.125000
     15       -18.1911       0.125000
     16       -18.1910       0.125000
     17       -5.76563       0.125000
     18       -5.76546       0.125000
     19       -5.76542       0.125000
     20       -5.76542       0.125000
     21       -4.69984       0.125000
     22       -4.69980       0.125000
     23       -4.69974       0.125000
     24       -4.69967       0.125000
     25        6.96235       0.125000
     26        6.96239       0.125000
     27        6.96242       0.125000
     28        6.96244       0.125000
     29        7.35143       0.125000
     30        7.35149       0.125000
     31        7.35151       0.125000
     32        7.35156       0.125000
     33        8.35285       0.125000
     34        8.35288       0.125000
     35        8.35292       0.125000
     36        8.35297       0.125000
     37        9.02729       0.125000
     38        9.02733       0.125000
     39        9.02736       0.125000
     40        9.02737       0.125000
     41        9.66759       0.125000
     42        9.66764       0.125000
     43        9.66765       0.125000
     44        9.66769       0.125000
     45        10.3889       0.125000
     46        10.3889       0.125000
     47        10.3890       0.125000
     48        10.3890       0.125000
     49        15.9619    1.59595e-16
     50        15.9619    1.59595e-16
     51        15.9619    1.59595e-16
     52        15.9620    1.59595e-16
     53        17.2129        0.00000
     54        17.2129        0.00000
     55        17.2130        0.00000
     56        17.2130        0.00000
     57        18.2379        0.00000
     58        18.2379        0.00000
 Energy (eV) & Occupations  for spin=1 K-point=13
      1       -48.7657       0.125000
      2       -48.7512       0.125000
      3       -48.7500       0.125000
      4       -48.7497       0.125000
      5       -18.5278       0.125000
      6       -18.5272       0.125000
      7       -18.5168       0.125000
      8       -18.3789       0.125000
      9       -18.3054       0.125000
     10       -18.2835       0.125000
     11       -18.2788       0.125000
     12       -18.2688       0.125000
     13       -18.2277       0.125000
     14       -18.1972       0.125000
     15       -18.1766       0.125000
     16       -18.1682       0.125000
     17       -6.61244       0.125000
     18       -5.44375       0.125000
     19       -5.44155       0.125000
     20       -5.27747       0.125000
     21       -4.94203       0.125000
     22       -4.73672       0.125000
     23       -4.72474       0.125000
     24       -4.57920       0.125000
     25        5.84543       0.125000
     26        6.00253       0.125000
     27        6.28285       0.125000
     28        6.63981       0.125000
     29        6.88205       0.125000
     30        7.24024       0.125000
     31        7.57102       0.125000
     32        7.67011       0.125000
     33        7.88615       0.125000
     34        8.25652       0.125000
     35        8.30284       0.125000
     36        8.87571       0.125000
     37        8.99450       0.125000
     38        9.15677       0.125000
     39        9.41159       0.125000
     40        9.61244       0.125000
     41        9.73963       0.125000
     42        9.85447       0.125000
     43        10.1757       0.125000
     44        10.2478       0.125000
     45        10.4451       0.125000
     46        10.9510       0.125000
     47        11.0557       0.125000
     48        11.1672       0.125000
     49        16.0385        0.00000
     50        16.3726        0.00000
     51        16.4604        0.00000
     52        16.8785        0.00000
     53        17.1465        0.00000
     54        17.2568        0.00000
     55        17.3014        0.00000
     56        17.4049        0.00000
     57        18.1171        0.00000
     58        18.3516        0.00000
 Energy (eV) & Occupations  for spin=1 K-point=14
      1       -48.7587       0.125000
      2       -48.7585       0.125000
      3       -48.7497       0.125000
      4       -48.7496       0.125000
      5       -18.4649       0.125000
      6       -18.4648       0.125000
      7       -18.4336       0.125000
      8       -18.4336       0.125000
      9       -18.3629       0.125000
     10       -18.3628       0.125000
     11       -18.2612       0.125000
     12       -18.2612       0.125000
     13       -18.2277       0.125000
     14       -18.2277       0.125000
     15       -18.1869       0.125000
     16       -18.1869       0.125000
     17       -5.93326       0.125000
     18       -5.93313       0.125000
     19       -5.31805       0.125000
     20       -5.31791       0.125000
     21       -4.89694       0.125000
     22       -4.89683       0.125000
     23       -4.78241       0.125000
     24       -4.78231       0.125000
     25        6.57596       0.125000
     26        6.57599       0.125000
     27        6.82551       0.125000
     28        6.82554       0.125000
     29        7.22163       0.125000
     30        7.22172       0.125000
     31        7.44691       0.125000
     32        7.44697       0.125000
     33        7.76631       0.125000
     34        7.76637       0.125000
     35        8.49215       0.125000
     36        8.49222       0.125000
     37        8.83710       0.125000
     38        8.83715       0.125000
     39        9.34362       0.125000
     40        9.34370       0.125000
     41        9.70696       0.125000
     42        9.70702       0.125000
     43        10.0973       0.125000
     44        10.0974       0.125000
     45        10.4539       0.125000
     46        10.4539       0.125000
     47        10.7796       0.125000
     48        10.7797       0.125000
     49        16.3736        0.00000
     50        16.3736        0.00000
     51        16.7679        0.00000
     52        16.7679        0.00000
     53        17.1488        0.00000
     54        17.1489        0.00000
     55        17.3977        0.00000
     56        17.3978        0.00000
     57        18.2940        0.00000
     58        18.2940        0.00000
 Energy (eV) & Occupations  for spin=1 K-point=15
      1       -48.7610       0.125000
      2       -48.7548       0.125000
      3       -48.7507       0.125000
      4       -48.7502       0.125000
      5       -18.5019       0.125000
      6       -18.4421       0.125000
      7       -18.4346       0.125000
      8       -18.4285       0.125000
      9       -18.3799       0.125000
     10       -18.3420       0.125000
     11       -18.2738       0.125000
     12       -18.2621       0.125000
     13       -18.2151       0.125000
     14       -18.2109       0.125000
     15       -18.1970       0.125000
     16       -18.1903       0.125000
     17       -6.13418       0.125000
     18       -5.42665       0.125000
     19       -5.39924       0.125000
     20       -5.33973       0.125000
     21       -5.17422       0.125000
     22       -4.94038       0.125000
     23       -4.74023       0.125000
     24       -4.68492       0.125000
     25        6.12427       0.125000
     26        6.38893       0.125000
     27        6.73617       0.125000
     28        6.90331       0.125000
     29        7.01180       0.125000
     30        7.17052       0.125000
     31        7.20681       0.125000
     32        7.57395       0.125000
     33        8.06852       0.125000
     34        8.09016       0.125000
     35        8.54645       0.125000
     36        8.62360       0.125000
     37        8.75518       0.125000
     38        9.10169       0.125000
     39        9.45640       0.125000
     40        9.52790       0.125000
     41        9.75345       0.125000
     42        9.89509       0.125000
     43        9.99591       0.125000
     44        10.0873       0.125000
     45        10.3960       0.125000
     46        10.4063       0.125000
     47        11.0347       0.125000
     48        11.0669       0.125000
     49        15.9717    9.02056e-17
     50        16.1052        0.00000
     51        16.1387        0.00000
     52        16.5786        0.00000
     53        16.7163        0.00000
     54        17.6587        0.00000
     55        17.6653        0.00000
     56        17.8017        0.00000
     57        17.8427        0.00000
     58        18.2241        0.00000
 Energy (eV) & Occupations  for spin=1 K-point=16
      1       -48.7572       0.125000
      2       -48.7571       0.125000
      3       -48.7511       0.125000
      4       -48.7510       0.125000
      5       -18.5401       0.125000
      6       -18.5400       0.125000
      7       -18.4910       0.125000
      8       -18.4909       0.125000
      9       -18.2853       0.125000
     10       -18.2852       0.125000
     11       -18.2295       0.125000
     12       -18.2294       0.125000
     13       -18.2087       0.125000
     14       -18.2087       0.125000
     15       -18.1803       0.125000
     16       -18.1803       0.125000
     17       -5.88923       0.125000
     18       -5.88912       0.125000
     19       -5.50227       0.125000
     20       -5.50221       0.125000
     21       -4.84253       0.125000
     22       -4.84252       0.125000
     23       -4.69595       0.125000
     24       -4.69587       0.125000
     25        6.66513       0.125000
     26        6.66519       0.125000
     27        6.88721       0.125000
     28        6.88725       0.125000
     29        7.16489       0.125000
     30        7.16496       0.125000
     31        7.61434       0.125000
     32        7.61435       0.125000
     33        8.21509       0.125000
     34        8.21514       0.125000
     35        8.36946       0.125000
     36        8.36950       0.125000
     37        8.98951       0.125000
     38        8.98953       0.125000
     39        9.15174       0.125000
     40        9.15179       0.125000
     41        9.72381       0.125000
     42        9.72385       0.125000
     43        9.94842       0.125000
     44        9.94849       0.125000
     45        10.1768       0.125000
     46        10.1769       0.125000
     47        10.6544       0.125000
     48        10.6544       0.125000
     49        15.8448    7.70287e-14
     50        15.8448    7.69246e-14
     51        16.4916        0.00000
     52        16.4916        0.00000
     53        16.7904        0.00000
     54        16.7905        0.00000
     55        17.5515        0.00000
     56        17.5515        0.00000
     57        18.0824        0.00000
     58        18.0824        0.00000

 Density error is 0.00000000000
----------------------------------------------------------
     Energy           Rydberg                 eV          
----------------------------------------------------------
 E_KohnSham     -719.0568239999      -9783.2699921814     
 E_KS(sigma->0) -719.0568239999      -9783.2699921814     
 E_Harris       -719.0568239999      -9783.2699921814     
 E_band         -36.6169409296       -498.1990399718      
 E_one_elec     -120.1622686882      -1634.8915387659     
 E_Hartree      116.3989332726       1583.6887336295      
 E_xc           -182.4346868446      -2482.1512539322     
 E_Ewald        -532.8588017397      -7249.9159331127     
 E_entropy(-TS) -0.0000000000        -0.0000000000        
 E_descf        0.0000000000         0.0000000000         
 E_exx          0.0000000000         0.0000000000         
 E_Fermi        1.0892475642         14.8199734054        
----------------------------------------------------------


 charge density convergence is achieved
 final etot is -9783.2699922 eV
 EFERMI = 14.819973405 eV

 STATE ENERGY(eV) AND OCCUPATIONS    NSPIN == 1
 1/16 kpoint (Cartesian) = 0.0000 0.0000 0.0000 (490 pws)
       1       -48.7687       0.125000
       2       -48.7501       0.125000
       3       -48.7496       0.125000
       4       -48.7482       0.125000
       5       -18.5783       0.125000
       6       -18.5557       0.125000
       7       -18.5516       0.125000
       8       -18.3325       0.125000
       9       -18.2936       0.125000
      10       -18.2781       0.125000
      11       -18.2668       0.125000
      12       -18.2636       0.125000
      13       -18.2520       0.125000
      14       -18.1622       0.125000
      15       -18.1537       0.125000
      16       -18.1534       0.125000
      17       -6.85452       0.125000
      18       -5.48805       0.125000
      19       -5.31863       0.125000
      20       -5.25604       0.125000
      21       -4.84121       0.125000
      22       -4.75930       0.125000
      23       -4.66077       0.125000
      24       -4.53755       0.125000
      25        5.71783       0.125000
      26        5.76657       0.125000
      27        5.90986       0.125000
      28        6.56606       0.125000
      29        6.70106       0.125000
      30        6.76525       0.125000
      31        7.98985       0.125000
      32        8.04096       0.125000
      33        8.10355       0.125000
      34        8.13615       0.125000
      35        8.58518       0.125000
      36        8.92493       0.125000
      37        8.98698       0.125000
      38        9.34733       0.125000
      39        9.37488       0.125000
      40        9.64855       0.125000
      41        9.86923       0.125000
      42        10.0290       0.125000
      43        10.1497       0.125000
      44        10.2415       0.125000
      45        10.5077       0.125000
      46        11.0107       0.125000
      47        11.1352       0.125000
      48        11.3065       0.125000
      49        16.2056        0.00000
      50        16.4544        0.00000
      51        16.6204        0.00000
      52        17.0138        0.00000
      53        17.0949        0.00000
      54        17.1982        0.00000
      55        17.2135        0.00000
      56        17.2880        0.00000
      57        17.5305        0.00000
      58        18.0212        0.00000

 2/16 kpoint (Cartesian) = 0.095279 1.8590e-08 -2.8829e-07 (481 pws)
       1       -48.7605       0.125000
       2       -48.7604       0.125000
       3       -48.7479       0.125000
       4       -48.7477       0.125000
       5       -18.4579       0.125000
       6       -18.4578       0.125000
       7       -18.4433       0.125000
       8       -18.4432       0.125000
       9       -18.3593       0.125000
      10       -18.3593       0.125000
      11       -18.2681       0.125000
      12       -18.2680       0.125000
      13       -18.2060       0.125000
      14       -18.2060       0.125000
      15       -18.2001       0.125000
      16       -18.2000       0.125000
      17       -6.05444       0.125000
      18       -6.05432       0.125000
      19       -5.18129       0.125000
      20       -5.18115       0.125000
      21       -4.92510       0.125000
      22       -4.92498       0.125000
      23       -4.75328       0.125000
      24       -4.75317       0.125000
      25        6.30608       0.125000
      26        6.30616       0.125000
      27        6.69264       0.125000
      28        6.69270       0.125000
      29        7.20140       0.125000
      30        7.20146       0.125000
      31        7.32257       0.125000
      32        7.32262       0.125000
      33        7.75506       0.125000
      34        7.75516       0.125000
      35        8.60727       0.125000
      36        8.60735       0.125000
      37        9.02874       0.125000
      38        9.02880       0.125000
      39        9.37651       0.125000
      40        9.37659       0.125000
      41        9.64350       0.125000
      42        9.64356       0.125000
      43        10.4311       0.125000
      44        10.4312       0.125000
      45        10.5908       0.125000
      46        10.5908       0.125000
      47        10.8541       0.125000
      48        10.8542       0.125000
      49        16.4864        0.00000
      50        16.4865        0.00000
      51        16.8975        0.00000
      52        16.8976        0.00000
      53        16.9878        0.00000
      54        16.9878        0.00000
      55        17.3473        0.00000
      56        17.3473        0.00000
      57        18.1805        0.00000
      58        18.1806        0.00000

 3/16 kpoint (Cartesian) = 2.0312e-08 0.098865 1.7502e-08 (483 pws)
       1       -48.7631       0.125000
       2       -48.7558       0.125000
       3       -48.7492       0.125000
       4       -48.7486       0.125000
       5       -18.4904       0.125000
       6       -18.4634       0.125000
       7       -18.3978       0.125000
       8       -18.3942       0.125000
       9       -18.3625       0.125000
      10       -18.3395       0.125000
      11       -18.2956       0.125000
      12       -18.2730       0.125000
      13       -18.2367       0.125000
      14       -18.2290       0.125000
      15       -18.2043       0.125000
      16       -18.1898       0.125000
      17       -6.26835       0.125000
      18       -5.45023       0.125000
      19       -5.41064       0.125000
      20       -5.25102       0.125000
      21       -5.12386       0.125000
      22       -4.85159       0.125000
      23       -4.75253       0.125000
      24       -4.68873       0.125000
      25        6.01795       0.125000
      26        6.07126       0.125000
      27        6.74270       0.125000
      28        6.83950       0.125000
      29        6.84922       0.125000
      30        7.05014       0.125000
      31        7.23956       0.125000
      32        7.39876       0.125000
      33        7.91451       0.125000
      34        8.19303       0.125000
      35        8.61513       0.125000
      36        8.62081       0.125000
      37        8.76932       0.125000
      38        8.96407       0.125000
      39        9.58058       0.125000
      40        9.58426       0.125000
      41        9.87460       0.125000
      42        9.94183       0.125000
      43        10.2062       0.125000
      44        10.4074       0.125000
      45        10.4143       0.125000
      46        10.7631       0.125000
      47        11.1316       0.125000
      48        11.1442       0.125000
      49        15.9138    2.16493e-15
      50        16.1891        0.00000
      51        16.2999        0.00000
      52        16.7807        0.00000
      53        16.9259        0.00000
      54        17.5080        0.00000
      55        17.6865        0.00000
      56        17.8467        0.00000
      57        18.1583        0.00000
      58        18.3819        0.00000

 4/16 kpoint (Cartesian) = 0.095279 0.098865 -2.7079e-07 (481 pws)
       1       -48.7585       0.125000
       2       -48.7584       0.125000
       3       -48.7498       0.125000
       4       -48.7497       0.125000
       5       -18.4884       0.125000
       6       -18.4884       0.125000
       7       -18.4082       0.125000
       8       -18.4082       0.125000
       9       -18.3828       0.125000
      10       -18.3827       0.125000
      11       -18.2575       0.125000
      12       -18.2574       0.125000
      13       -18.2252       0.125000
      14       -18.2252       0.125000
      15       -18.1766       0.125000
      16       -18.1766       0.125000
      17       -5.91262       0.125000
      18       -5.91250       0.125000
      19       -5.25447       0.125000
      20       -5.25441       0.125000
      21       -5.02815       0.125000
      22       -5.02810       0.125000
      23       -4.73472       0.125000
      24       -4.73462       0.125000
      25        6.41268       0.125000
      26        6.41278       0.125000
      27        6.78224       0.125000
      28        6.78230       0.125000
      29        7.09313       0.125000
      30        7.09318       0.125000
      31        8.01188       0.125000
      32        8.01196       0.125000
      33        8.13306       0.125000
      34        8.13311       0.125000
      35        8.50494       0.125000
      36        8.50501       0.125000
      37        8.62323       0.125000
      38        8.62332       0.125000
      39        8.96614       0.125000
      40        8.96620       0.125000
      41        9.68425       0.125000
      42        9.68435       0.125000
      43        10.1434       0.125000
      44        10.1434       0.125000
      45        10.5553       0.125000
      46        10.5555       0.125000
      47        10.7433       0.125000
      48        10.7433       0.125000
      49        15.9568    2.08167e-16
      50        15.9569    2.08167e-16
      51        16.4430        0.00000
      52        16.4430        0.00000
      53        16.9735        0.00000
      54        16.9736        0.00000
      55        17.6243        0.00000
      56        17.6244        0.00000
      57        18.1256        0.00000
      58        18.1256        0.00000

 5/16 kpoint (Cartesian) = -1.4443e-07 8.5365e-09 0.049143 (484 pws)
       1       -48.7657       0.125000
       2       -48.7512       0.125000
       3       -48.7500       0.125000
       4       -48.7497       0.125000
       5       -18.5278       0.125000
       6       -18.5272       0.125000
       7       -18.5168       0.125000
       8       -18.3789       0.125000
       9       -18.3054       0.125000
      10       -18.2835       0.125000
      11       -18.2788       0.125000
      12       -18.2688       0.125000
      13       -18.2277       0.125000
      14       -18.1972       0.125000
      15       -18.1766       0.125000
      16       -18.1682       0.125000
      17       -6.61244       0.125000
      18       -5.44375       0.125000
      19       -5.44155       0.125000
      20       -5.27747       0.125000
      21       -4.94203       0.125000
      22       -4.73672       0.125000
      23       -4.72474       0.125000
      24       -4.57920       0.125000
      25        5.84543       0.125000
      26        6.00253       0.125000
      27        6.28285       0.125000
      28        6.63981       0.125000
      29        6.88205       0.125000
      30        7.24024       0.125000
      31        7.57102       0.125000
      32        7.67011       0.125000
      33        7.88615       0.125000
      34        8.25652       0.125000
      35        8.30284       0.125000
      36        8.87571       0.125000
      37        8.99450       0.125000
      38        9.15677       0.125000
      39        9.41159       0.125000
      40        9.61244       0.125000
      41        9.73963       0.125000
      42        9.85447       0.125000
      43        10.1757       0.125000
      44        10.2478       0.125000
      45        10.4451       0.125000
      46        10.9510       0.125000
      47        11.0557       0.125000
      48        11.1672       0.125000
      49        16.0385        0.00000
      50        16.3726        0.00000
      51        16.4604        0.00000
      52        16.8785        0.00000
      53        17.1465        0.00000
      54        17.2568        0.00000
      55        17.3014        0.00000
      56        17.4049        0.00000
      57        18.1171        0.00000
      58        18.3516        0.00000

 6/16 kpoint (Cartesian) = 0.095279 2.7126e-08 0.049143 (487 pws)
       1       -48.7587       0.125000
       2       -48.7585       0.125000
       3       -48.7497       0.125000
       4       -48.7496       0.125000
       5       -18.4649       0.125000
       6       -18.4648       0.125000
       7       -18.4336       0.125000
       8       -18.4336       0.125000
       9       -18.3629       0.125000
      10       -18.3628       0.125000
      11       -18.2612       0.125000
      12       -18.2612       0.125000
      13       -18.2277       0.125000
      14       -18.2277       0.125000
      15       -18.1869       0.125000
      16       -18.1869       0.125000
      17       -5.93326       0.125000
      18       -5.93313       0.125000
      19       -5.31805       0.125000
      20       -5.31791       0.125000
      21       -4.89694       0.125000
      22       -4.89683       0.125000
      23       -4.78241       0.125000
      24       -4.78231       0.125000
      25        6.57596       0.125000
      26        6.57599       0.125000
      27        6.82551       0.125000
      28        6.82554       0.125000
      29        7.22163       0.125000
      30        7.22172       0.125000
      31        7.44691       0.125000
      32        7.44697       0.125000
      33        7.76631       0.125000
      34        7.76637       0.125000
      35        8.49215       0.125000
      36        8.49222       0.125000
      37        8.83710       0.125000
      38        8.83715       0.125000
      39        9.34362       0.125000
      40        9.34370       0.125000
      41        9.70696       0.125000
      42        9.70702       0.125000
      43        10.0973       0.125000
      44        10.0974       0.125000
      45        10.4539       0.125000
      46        10.4539       0.125000
      47        10.7796       0.125000
      48        10.7797       0.125000
      49        16.3736        0.00000
      50        16.3736        0.00000
      51        16.7679        0.00000
      52        16.7679        0.00000
      53        17.1488        0.00000
      54        17.1489        0.00000
      55        17.3977        0.00000
      56        17.3978        0.00000
      57        18.2940        0.00000
      58        18.2940        0.00000

 7/16 kpoint (Cartesian) = -1.2412e-07 0.098865 0.049143 (481 pws)
       1       -48.7610       0.125000
       2       -48.7548       0.125000
       3       -48.7507       0.125000
       4       -48.7502       0.125000
       5       -18.5019       0.125000
       6       -18.4421       0.125000
       7       -18.4346       0.125000
       8       -18.4285       0.125000
       9       -18.3799       0.125000
      10       -18.3420       0.125000
      11       -18.2738       0.125000
      12       -18.2621       0.125000
      13       -18.2151       0.125000
      14       -18.2109       0.125000
      15       -18.1970       0.125000
      16       -18.1903       0.125000
      17       -6.13418       0.125000
      18       -5.42665       0.125000
      19       -5.39924       0.125000
      20       -5.33973       0.125000
      21       -5.17422       0.125000
      22       -4.94038       0.125000
      23       -4.74023       0.125000
      24       -4.68492       0.125000
      25        6.12427       0.125000
      26        6.38893       0.125000
      27        6.73617       0.125000
      28        6.90331       0.125000
      29        7.01180       0.125000
      30        7.17052       0.125000
      31        7.20681       0.125000
      32        7.57395       0.125000
      33        8.06852       0.125000
      34        8.09016       0.125000
      35        8.54645       0.125000
      36        8.62360       0.125000
      37        8.75518       0.125000
      38        9.10169       0.125000
      39        9.45640       0.125000
      40        9.52790       0.125000
      41        9.75345       0.125000
      42        9.89509       0.125000
      43        9.99591       0.125000
      44        10.0873       0.125000
      45        10.3960       0.125000
      46        10.4063       0.125000
      47        11.0347       0.125000
      48        11.0669       0.125000
      49        15.9717    9.02056e-17
      50        16.1052        0.00000
      51        16.1387        0.00000
      52        16.5786        0.00000
      53        16.7163        0.00000
      54        17.6587        0.00000
      55        17.6653        0.00000
      56        17.8017        0.00000
      57        17.8427        0.00000
      58        18.2241        0.00000

 8/16 kpoint (Cartesian) = 0.095279 0.098865 0.049143 (483 pws)
       1       -48.7572       0.125000
       2       -48.7571       0.125000
       3       -48.7511       0.125000
       4       -48.7510       0.125000
       5       -18.5401       0.125000
       6       -18.5400       0.125000
       7       -18.4910       0.125000
       8       -18.4909       0.125000
       9       -18.2853       0.125000
      10       -18.2852       0.125000
      11       -18.2295       0.125000
      12       -18.2294       0.125000
      13       -18.2087       0.125000
      14       -18.2087       0.125000
      15       -18.1803       0.125000
      16       -18.1803       0.125000
      17       -5.88923       0.125000
      18       -5.88912       0.125000
      19       -5.50227       0.125000
      20       -5.50221       0.125000
      21       -4.84253       0.125000
      22       -4.84252       0.125000
      23       -4.69595       0.125000
      24       -4.69587       0.125000
      25        6.66513       0.125000
      26        6.66519       0.125000
      27        6.88721       0.125000
      28        6.88725       0.125000
      29        7.16489       0.125000
      30        7.16496       0.125000
      31        7.61434       0.125000
      32        7.61435       0.125000
      33        8.21509       0.125000
      34        8.21514       0.125000
      35        8.36946       0.125000
      36        8.36950       0.125000
      37        8.98951       0.125000
      38        8.98953       0.125000
      39        9.15174       0.125000
      40        9.15179       0.125000
      41        9.72381       0.125000
      42        9.72385       0.125000
      43        9.94842       0.125000
      44        9.94849       0.125000
      45        10.1768       0.125000
      46        10.1769       0.125000
      47        10.6544       0.125000
      48        10.6544       0.125000
      49        15.8448    7.70287e-14
      50        15.8448    7.69246e-14
      51        16.4916        0.00000
      52        16.4916        0.00000
      53        16.7904        0.00000
      54        16.7905        0.00000
      55        17.5515        0.00000
      56        17.5515        0.00000
      57        18.0824        0.00000
      58        18.0824        0.00000

 9/16 kpoint (Cartesian) = -2.8886e-07 1.7073e-08 0.098286 (488 pws)
       1       -48.7585       0.125000
       2       -48.7584       0.125000
       3       -48.7499       0.125000
       4       -48.7498       0.125000
       5       -18.4628       0.125000
       6       -18.4627       0.125000
       7       -18.4409       0.125000
       8       -18.4408       0.125000
       9       -18.3586       0.125000
      10       -18.3586       0.125000
      11       -18.2691       0.125000
      12       -18.2690       0.125000
      13       -18.2065       0.125000
      14       -18.2065       0.125000
      15       -18.1983       0.125000
      16       -18.1982       0.125000
      17       -6.01410       0.125000
      18       -6.01403       0.125000
      19       -5.34713       0.125000
      20       -5.34705       0.125000
      21       -4.87013       0.125000
      22       -4.87011       0.125000
      23       -4.66762       0.125000
      24       -4.66760       0.125000
      25        6.15730       0.125000
      26        6.15734       0.125000
      27        6.91673       0.125000
      28        6.91679       0.125000
      29        7.14900       0.125000
      30        7.14903       0.125000
      31        7.50413       0.125000
      32        7.50418       0.125000
      33        7.70171       0.125000
      34        7.70176       0.125000
      35        8.67060       0.125000
      36        8.67069       0.125000
      37        8.75423       0.125000
      38        8.75430       0.125000
      39        9.40251       0.125000
      40        9.40256       0.125000
      41        9.45882       0.125000
      42        9.45886       0.125000
      43        10.3046       0.125000
      44        10.3046       0.125000
      45        10.8775       0.125000
      46        10.8775       0.125000
      47        11.0160       0.125000
      48        11.0161       0.125000
      49        15.9295    9.29812e-16
      50        15.9296    9.29812e-16
      51        16.5887        0.00000
      52        16.5887        0.00000
      53        17.3251        0.00000
      54        17.3252        0.00000
      55        17.4363        0.00000
      56        17.4363        0.00000
      57        18.6782        0.00000
      58        18.6783        0.00000

 10/16 kpoint (Cartesian) = 0.095279 3.5663e-08 0.098286 (492 pws)
       1       -48.7543       0.125000
       2       -48.7541       0.125000
       3       -48.7540       0.125000
       4       -48.7540       0.125000
       5       -18.4539       0.125000
       6       -18.4538       0.125000
       7       -18.4538       0.125000
       8       -18.4538       0.125000
       9       -18.3170       0.125000
      10       -18.3168       0.125000
      11       -18.3168       0.125000
      12       -18.3167       0.125000
      13       -18.1993       0.125000
      14       -18.1993       0.125000
      15       -18.1992       0.125000
      16       -18.1992       0.125000
      17       -5.63253       0.125000
      18       -5.63233       0.125000
      19       -5.63232       0.125000
      20       -5.63228       0.125000
      21       -4.84065       0.125000
      22       -4.84053       0.125000
      23       -4.84053       0.125000
      24       -4.84043       0.125000
      25        6.87558       0.125000
      26        6.87567       0.125000
      27        6.87568       0.125000
      28        6.87572       0.125000
      29        7.52125       0.125000
      30        7.52137       0.125000
      31        7.52140       0.125000
      32        7.52141       0.125000
      33        8.01379       0.125000
      34        8.01386       0.125000
      35        8.01390       0.125000
      36        8.01393       0.125000
      37        8.89684       0.125000
      38        8.89690       0.125000
      39        8.89694       0.125000
      40        8.89695       0.125000
      41        9.77101       0.125000
      42        9.77107       0.125000
      43        9.77108       0.125000
      44        9.77112       0.125000
      45        10.5696       0.125000
      46        10.5697       0.125000
      47        10.5697       0.125000
      48        10.5698       0.125000
      49        16.4263        0.00000
      50        16.4263        0.00000
      51        16.4264        0.00000
      52        16.4264        0.00000
      53        17.4704        0.00000
      54        17.4704        0.00000
      55        17.4705        0.00000
      56        17.4705        0.00000
      57        18.3962        0.00000
      58        18.3963        0.00000

 11/16 kpoint (Cartesian) = -2.6855e-07 0.098865 0.098286 (478 pws)
       1       -48.7559       0.125000
       2       -48.7558       0.125000
       3       -48.7525       0.125000
       4       -48.7524       0.125000
       5       -18.4894       0.125000
       6       -18.4894       0.125000
       7       -18.4466       0.125000
       8       -18.4466       0.125000
       9       -18.3434       0.125000
      10       -18.3433       0.125000
      11       -18.2842       0.125000
      12       -18.2841       0.125000
      13       -18.1979       0.125000
      14       -18.1979       0.125000
      15       -18.1785       0.125000
      16       -18.1785       0.125000
      17       -5.79677       0.125000
      18       -5.79669       0.125000
      19       -5.28952       0.125000
      20       -5.28945       0.125000
      21       -5.14553       0.125000
      22       -5.14549       0.125000
      23       -4.70815       0.125000
      24       -4.70814       0.125000
      25        6.44117       0.125000
      26        6.44122       0.125000
      27        6.88679       0.125000
      28        6.88683       0.125000
      29        7.29243       0.125000
      30        7.29249       0.125000
      31        7.49514       0.125000
      32        7.49516       0.125000
      33        8.02214       0.125000
      34        8.02216       0.125000
      35        8.46954       0.125000
      36        8.46958       0.125000
      37        9.06656       0.125000
      38        9.06660       0.125000
      39        9.43889       0.125000
      40        9.43892       0.125000
      41        9.61298       0.125000
      42        9.61302       0.125000
      43        9.84652       0.125000
      44        9.84660       0.125000
      45        10.2591       0.125000
      46        10.2592       0.125000
      47        10.9390       0.125000
      48        10.9390       0.125000
      49        15.8522    5.29993e-14
      50        15.8523    5.28466e-14
      51        16.1979        0.00000
      52        16.1979        0.00000
      53        17.3335        0.00000
      54        17.3336        0.00000
      55        17.6635        0.00000
      56        17.6636        0.00000
      57        17.8921        0.00000
      58        17.8922        0.00000

 12/16 kpoint (Cartesian) = 0.095279 0.098865 0.098286 (486 pws)
       1       -48.7542       0.125000
       2       -48.7540       0.125000
       3       -48.7540       0.125000
       4       -48.7540       0.125000
       5       -18.5553       0.125000
       6       -18.5553       0.125000
       7       -18.5553       0.125000
       8       -18.5553       0.125000
       9       -18.2190       0.125000
      10       -18.2190       0.125000
      11       -18.2189       0.125000
      12       -18.2189       0.125000
      13       -18.1912       0.125000
      14       -18.1911       0.125000
      15       -18.1911       0.125000
      16       -18.1910       0.125000
      17       -5.76563       0.125000
      18       -5.76546       0.125000
      19       -5.76542       0.125000
      20       -5.76542       0.125000
      21       -4.69984       0.125000
      22       -4.69980       0.125000
      23       -4.69974       0.125000
      24       -4.69967       0.125000
      25        6.96235       0.125000
      26        6.96239       0.125000
      27        6.96242       0.125000
      28        6.96244       0.125000
      29        7.35143       0.125000
      30        7.35149       0.125000
      31        7.35151       0.125000
      32        7.35156       0.125000
      33        8.35285       0.125000
      34        8.35288       0.125000
      35        8.35292       0.125000
      36        8.35297       0.125000
      37        9.02729       0.125000
      38        9.02733       0.125000
      39        9.02736       0.125000
      40        9.02737       0.125000
      41        9.66759       0.125000
      42        9.66764       0.125000
      43        9.66765       0.125000
      44        9.66769       0.125000
      45        10.3889       0.125000
      46        10.3889       0.125000
      47        10.3890       0.125000
      48        10.3890       0.125000
      49        15.9619    1.59595e-16
      50        15.9619    1.59595e-16
      51        15.9619    1.59595e-16
      52        15.9620    1.59595e-16
      53        17.2129        0.00000
      54        17.2129        0.00000
      55        17.2130        0.00000
      56        17.2130        0.00000
      57        18.2379        0.00000
      58        18.2379        0.00000

 13/16 kpoint (Cartesian) = -4.3329e-07 2.5610e-08 0.14743 (484 pws)
       1       -48.7657       0.125000
       2       -48.7512       0.125000
       3       -48.7500       0.125000
       4       -48.7497       0.125000
       5       -18.5278       0.125000
       6       -18.5272       0.125000
       7       -18.5168       0.125000
       8       -18.3789       0.125000
       9       -18.3054       0.125000
      10       -18.2835       0.125000
      11       -18.2788       0.125000
      12       -18.2688       0.125000
      13       -18.2277       0.125000
      14       -18.1972       0.125000
      15       -18.1766       0.125000
      16       -18.1682       0.125000
      17       -6.61244       0.125000
      18       -5.44375       0.125000
      19       -5.44155       0.125000
      20       -5.27747       0.125000
      21       -4.94203       0.125000
      22       -4.73672       0.125000
      23       -4.72474       0.125000
      24       -4.57920       0.125000
      25        5.84543       0.125000
      26        6.00253       0.125000
      27        6.28285       0.125000
      28        6.63981       0.125000
      29        6.88205       0.125000
      30        7.24024       0.125000
      31        7.57102       0.125000
      32        7.67011       0.125000
      33        7.88615       0.125000
      34        8.25652       0.125000
      35        8.30284       0.125000
      36        8.87571       0.125000
      37        8.99450       0.125000
      38        9.15677       0.125000
      39        9.41159       0.125000
      40        9.61244       0.125000
      41        9.73963       0.125000
      42        9.85447       0.125000
      43        10.1757       0.125000
      44        10.2478       0.125000
      45        10.4451       0.125000
      46        10.9510       0.125000
      47        11.0557       0.125000
      48        11.1672       0.125000
      49        16.0385        0.00000
      50        16.3726        0.00000
      51        16.4604        0.00000
      52        16.8785        0.00000
      53        17.1465        0.00000
      54        17.2568        0.00000
      55        17.3014        0.00000
      56        17.4049        0.00000
      57        18.1171        0.00000
      58        18.3516        0.00000

 14/16 kpoint (Cartesian) = 0.095279 4.4199e-08 0.14743 (487 pws)
       1       -48.7587       0.125000
       2       -48.7585       0.125000
       3       -48.7497       0.125000
       4       -48.7496       0.125000
       5       -18.4649       0.125000
       6       -18.4648       0.125000
       7       -18.4336       0.125000
       8       -18.4336       0.125000
       9       -18.3629       0.125000
      10       -18.3628       0.125000
      11       -18.2612       0.125000
      12       -18.2612       0.125000
      13       -18.2277       0.125000
      14       -18.2277       0.125000
      15       -18.1869       0.125000
      16       -18.1869       0.125000
      17       -5.93326       0.125000
      18       -5.93313       0.125000
      19       -5.31805       0.125000
      20       -5.31791       0.125000
      21       -4.89694       0.125000
      22       -4.89683       0.125000
      23       -4.78241       0.125000
      24       -4.78231       0.125000
      25        6.57596       0.125000
      26        6.57599       0.125000
      27        6.82551       0.125000
      28        6.82554       0.125000
      29        7.22163       0.125000
      30        7.22172       0.125000
      31        7.44691       0.125000
      32        7.44697       0.125000
      33        7.76631       0.125000
      34        7.76637       0.125000
      35        8.49215       0.125000
      36        8.49222       0.125000
      37        8.83710       0.125000
      38        8.83715       0.125000
      39        9.34362       0.125000
      40        9.34370       0.125000
      41        9.70696       0.125000
      42        9.70702       0.125000
      43        10.0973       0.125000
      44        10.0974       0.125000
      45        10.4539       0.125000
      46        10.4539       0.125000
      47        10.7796       0.125000
      48        10.7797       0.125000
      49        16.3736        0.00000
      50        16.3736        0.00000
      51        16.7679        0.00000
      52        16.7679        0.00000
      53        17.1488        0.00000
      54        17.1489        0.00000
      55        17.3977        0.00000
      56        17.3978        0.00000
      57        18.2940        0.00000
      58        18.2940        0.00000

 15/16 kpoint (Cartesian) = -4.1298e-07 0.098865 0.14743 (481 pws)
       1       -48.7610       0.125000
       2       -48.7548       0.125000
       3       -48.7507       0.125000
       4       -48.7502       0.125000
       5       -18.5019       0.125000
       6       -18.4421       0.125000
       7       -18.4346       0.125000
       8       -18.4285       0.125000
       9       -18.3799       0.125000
      10       -18.3420       0.125000
      11       -18.2738       0.125000
      12       -18.2621       0.125000
      13       -18.2151       0.125000
      14       -18.2109       0.125000
      15       -18.1970       0.125000
      16       -18.1903       0.125000
      17       -6.13418       0.125000
      18       -5.42665       0.125000
      19       -5.39924       0.125000
      20       -5.33973       0.125000
      21       -5.17422       0.125000
      22       -4.94038       0.125000
      23       -4.74023       0.125000
      24       -4.68492       0.125000
      25        6.12427       0.125000
      26        6.38893       0.125000
      27        6.73617       0.125000
      28        6.90331       0.125000
      29        7.01180       0.125000
      30        7.17052       0.125000
      31        7.20681       0.125000
      32        7.57395       0.125000
      33        8.06852       0.125000
      34        8.09016       0.125000
      35        8.54645       0.125000
      36        8.62360       0.125000
      37        8.75518       0.125000
      38        9.10169       0.125000
      39        9.45640       0.125000
      40        9.52790       0.125000
      41        9.75345       0.125000
      42        9.89509       0.125000
      43        9.99591       0.125000
      44        10.0873       0.125000
      45        10.3960       0.125000
      46        10.4063       0.125000
      47        11.0347       0.125000
      48        11.0669       0.125000
      49        15.9717    9.02056e-17
      50        16.1052        0.00000
      51        16.1387        0.00000
      52        16.5786        0.00000
      53        16.7163        0.00000
      54        17.6587        0.00000
      55        17.6653        0.00000
      56        17.8017        0.00000
      57        17.8427        0.00000
      58        18.2241        0.00000

 16/16 kpoint (Cartesian) = 0.095279 0.098865 0.14743 (483 pws)
       1       -48.7572       0.125000
       2       -48.7571       0.125000
       3       -48.7511       0.125000
       4       -48.7510       0.125000
       5       -18.5401       0.125000
       6       -18.5400       0.125000
       7       -18.4910       0.125000
       8       -18.4909       0.125000
       9       -18.2853       0.125000
      10       -18.2852       0.125000
      11       -18.2295       0.125000
      12       -18.2294       0.125000
      13       -18.2087       0.125000
      14       -18.2087       0.125000
      15       -18.1803       0.125000
      16       -18.1803       0.125000
      17       -5.88923       0.125000
      18       -5.88912       0.125000
      19       -5.50227       0.125000
      20       -5.50221       0.125000
      21       -4.84253       0.125000
      22       -4.84252       0.125000
      23       -4.69595       0.125000
      24       -4.69587       0.125000
      25        6.66513       0.125000
      26        6.66519       0.125000
      27        6.88721       0.125000
      28        6.88725       0.125000
      29        7.16489       0.125000
      30        7.16496       0.125000
      31        7.61434       0.125000
      32        7.61435       0.125000
      33        8.21509       0.125000
      34        8.21514       0.125000
      35        8.36946       0.125000
      36        8.36950       0.125000
      37        8.98951       0.125000
      38        8.98953       0.125000
      39        9.15174       0.125000
      40        9.15179       0.125000
      41        9.72381       0.125000
      42        9.72385       0.125000
      43        9.94842       0.125000
      44        9.94849       0.125000
      45        10.1768       0.125000
      46        10.1769       0.125000
      47        10.6544       0.125000
      48        10.6544       0.125000
      49        15.8448    7.70287e-14
      50        15.8448    7.69246e-14
      51        16.4916        0.00000
      52        16.4916        0.00000
      53        16.7904        0.00000
      54        16.7905        0.00000
      55        17.5515        0.00000
      56        17.5515        0.00000
      57        18.0824        0.00000
      58        18.0824        0.00000


 Warning_Memory_Consuming allocated:  ORB::Jl(x) 921.868 MB




 >>>>>>>>>>>>>>>>>>>>>>>>>>>>>>>>>>>>>>>>>>>>>>>>>>>>>>>>>>>>>>>>>>>>>>
 |                                                                    |
 | POLARIZATION CALCULATION:                                          |
 |                  Modern Theory of Polarization                     |
 | calculate the Macroscopic polarization of a crystalline insulator  |
 | by using Berry Phase method.                                       |
 |                                                                    |
 <<<<<<<<<<<<<<<<<<<<<<<<<<<<<<<<<<<<<<<<<<<<<<<<<<<<<<<<<<<<<<<<<<<<<<




 VALUES OF POLARIZATION

  The Ionic Phase:   -0.70331
 Electronic Phase:   -0.50287

The calculated polarization direction is in R3 direction

 P =  -11.5954281  (mod   19.2267258)  (  -0.0000351,   0.0000021, -11.5954281) (e/Omega).bohr

 P =   -0.0127266  (mod    0.0211024)  (  -0.0000000,   0.0000000,  -0.0127266) e/bohr^2

 P =   -0.7276036  (mod    1.2064613)  (  -0.0000022,   0.0000001,  -0.7276036) C/m^2



 --------------------------------------------
 !FINAL_ETOT_IS -9783.2699921814073605 eV
 --------------------------------------------






 >>>>>>>>>>>>>>>>>>>>>>>>>>>>>>>>>>>>>>>>>>>>>>>>>>>>>>>>>>>>>>>>>>>>>>
 |                                                                    |
 | Post-processing of data:                                           |
 | DOS (density of states) and bands will be output here.             |
 | If atomic orbitals are used, Mulliken charge analysis can be done. |
 | Also the .bxsf file containing fermi surface information can be    |
 | done here.                                                         |
 |                                                                    |
 <<<<<<<<<<<<<<<<<<<<<<<<<<<<<<<<<<<<<<<<<<<<<<<<<<<<<<<<<<<<<<<<<<<<<<





 Output bands in file: OUT.ABACUS/BANDS_1.dat
TIME STATISTICS
----------------------------------------------------------------------------------
   CLASS_NAME                   NAME                TIME/s  CALLS   AVG/s  PER/%  
----------------------------------------------------------------------------------
                 total                              35.98  11       3.27   100.00 
 Driver          reading                            0.81   1        0.81   2.25   
 Input_Conv      Convert                            0.00   1        0.00   0.00   
 Driver          driver_line                        35.17  1        35.17  97.75  
 UnitCell        check_tau                          0.00   1        0.00   0.00   
 ESolver_KS_LCAO before_all_runners                 0.84   1        0.84   2.34   
 PW_Basis_Sup    setuptransform                     0.07   1        0.07   0.19   
 PW_Basis_Sup    distributeg                        0.02   1        0.02   0.07   
 mymath          heapsort                           0.00   3        0.00   0.00   
 Charge_Mixing   init_mixing                        0.00   1        0.00   0.00   
 PW_Basis_K      setuptransform                     0.00   1        0.00   0.01   
 PW_Basis_K      distributeg                        0.00   1        0.00   0.01   
 PW_Basis        setup_struc_factor                 0.01   1        0.01   0.02   
 NOrbital_Lm     extra_uniform                      0.30   323      0.00   0.82   
 Mathzone_Add1   SplineD2                           0.01   323      0.00   0.02   
 Mathzone_Add1   Cubic_Spline_Interpolation         0.15   323      0.00   0.40   
 ppcell_vl       init_vloc                          0.13   1        0.13   0.36   
 Ions            opt_ions                           34.25  1        34.25  95.17  
 ESolver_KS_LCAO runner                             34.24  1        34.24  95.15  
 ESolver_KS_LCAO before_scf                         0.71   1        0.71   1.97   
 atom_arrange    search                             0.00   1        0.00   0.00   
 atom_arrange    grid_d.init                        0.00   1        0.00   0.00   
 Grid            Construct_Adjacent_expand          0.00   1        0.00   0.00   
 Grid            Construct_Adjacent_expand_periodic 0.00   12       0.00   0.00   
 Grid_Technique  init                               0.26   1        0.26   0.73   
 Grid_BigCell    grid_expansion_index               0.06   2        0.03   0.16   
 Grid_Driver     Find_atom                          0.00   96       0.00   0.01   
 Record_adj      for_2d                             0.05   1        0.05   0.14   
 LCAO_domain     grid_prepare                       0.00   1        0.00   0.00   
 Veff            initialize_HR                      0.00   1        0.00   0.01   
 OverlapNew      initialize_SR                      0.00   1        0.00   0.01   
 EkineticNew     initialize_HR                      0.01   1        0.01   0.01   
 NonlocalNew     initialize_HR                      0.03   1        0.03   0.08   
 Charge          set_rho_core                       0.19   1        0.19   0.53   
 PW_Basis_Sup    recip2real                         0.04   13       0.00   0.11   
 PW_Basis_Sup    gathers_scatterp                   0.04   13       0.00   0.11   
 ModuleIO        read_rhog                          0.00   1        0.00   0.00   
 Potential       init_pot                           0.04   1        0.04   0.12   
 Potential       update_from_charge                 0.05   2        0.02   0.14   
 Potential       cal_fixed_v                        0.00   1        0.00   0.01   
 PotLocal        cal_fixed_v                        0.00   1        0.00   0.01   
 Potential       cal_v_eff                          0.05   2        0.02   0.13   
 H_Hartree_pw    v_hartree                          0.01   2        0.01   0.03   
 PW_Basis_Sup    real2recip                         0.02   13       0.00   0.07   
 PW_Basis_Sup    gatherp_scatters                   0.02   13       0.00   0.06   
 PotXC           cal_v_eff                          0.03   2        0.02   0.09   
 XC_Functional   v_xc                               0.03   2        0.02   0.09   
 Potential       interpolate_vrs                    0.00   2        0.00   0.00   
 H_Ewald_pw      compute_ewald                      0.00   1        0.00   0.01   
 HSolverLCAO     solve                              6.15   1        6.15   17.10  
 HamiltLCAO      updateHk                           4.18   16       0.26   11.61  
 OperatorLCAO    init                               4.04   48       0.08   11.23  
 Veff            contributeHR                       3.52   1        3.52   9.78   
 Gint_interface  cal_gint                           3.12   1        3.12   8.67   
 Gint_interface  cal_gint_vlocal                    3.12   1        3.12   8.67   
 Gint_Tools      cal_psir_ylm                       0.12   1024     0.00   0.34   
 Gint_k          transfer_pvpR                      0.40   1        0.40   1.11   
 OverlapNew      calculate_SR                       0.13   1        0.13   0.36   
 OverlapNew      contributeHk                       0.01   16       0.00   0.01   
 EkineticNew     contributeHR                       0.13   1        0.13   0.37   
 EkineticNew     calculate_HR                       0.13   1        0.13   0.37   
 NonlocalNew     contributeHR                       0.38   1        0.38   1.06   
 NonlocalNew     calculate_HR                       0.38   1        0.38   1.06   
 OperatorLCAO    contributeHk                       0.01   16       0.00   0.02   
 HSolverLCAO     hamiltSolvePsiK                    1.92   16       0.12   5.34   
 DiagoElpa       elpa_solve                         1.65   16       0.10   4.60   
 elecstate       cal_dm                             0.03   1        0.03   0.10   
 psiMulPsiMpi    pdgemm                             0.03   16       0.00   0.10   
 DensityMatrix   cal_DMR                            0.01   1        0.01   0.02   
 Charge_Mixing   get_drho                           0.00   1        0.00   0.00   
 ModuleIO        write_rhog                         0.04   1        0.04   0.10   
 ESolver_KS_LCAO after_scf                          27.30  1        27.30  75.86  
 Charge          atomic_rho                         0.14   1        0.14   0.40   
 ORB_gaunt_table init_Gaunt_CH                      0.00   1        0.00   0.01   
 ORB_gaunt_table Calc_Gaunt_CH                      0.00   1631     0.00   0.00   
 ORB_gaunt_table init_Gaunt                         0.02   1        0.02   0.04   
 ORB_gaunt_table Get_Gaunt_SH                       0.01   25313    0.00   0.02   
 Center2_Orb     cal_ST_Phi12_R                     12.04  769      0.02   33.47  
 ESolver_KS_LCAO after_all_runners                  0.02   1        0.02   0.06   
 ModuleIO        nscf_band                          0.02   1        0.02   0.05   
----------------------------------------------------------------------------------


 NAME-------------------------|MEMORY(MB)--------
                         total     31531.9554
                    ORB::Jl(x)     29499.7681
                  Gint::hRGint       407.0378
                 Gint::DMRGint       406.7253
       TwoCenterTable: Kinetic       137.3855
       TwoCenterTable: Overlap       137.3855
      TwoCenterTable: Nonlocal       136.0217
                  meshball_pos       126.1047
               GT::ind_bigcell       123.2787
         GT::in_this_processor       123.2787
              GT::index2normal       123.2787
               GT::index2ucell       123.2787
      GT::bigcell_on_processor        30.8197
                HamiltLCAO::hR        26.0130
            DensityMatrix::DMR        25.7005
                    index_ball        21.0175
                HamiltLCAO::sR        17.6065
            DensityMatrix::DMK        10.9727
                GT::which_atom         7.1343
             GT::which_bigcell         7.1343
            GT::which_unitcell         7.1343
                  PW_B_K::gcar         5.7319
                RealGauntTable         3.7773
                  SF::strucFac         3.7558
                  SF::eigts123         2.2515
                 ORB::Gaunt_CH         2.0508
                      Chg::rho         2.0000
                 Chg::rho_save         2.0000
                 Chg::rho_core         2.0000
                 Pot::veff_fix         2.0000
                     Pot::veff         2.0000
              Pot::veff_smooth         2.0000
                   PW_B_K::gk2         1.9106
 -------------   < 1.0 MB has been ignored ----------------
 ----------------------------------------------------------

 Start  Time  : Fri Oct  9 19:39:42 2026
 Finish Time  : Fri Oct  9 19:40:18 2026
 Total  Time  : 0 h 0 mins 36 secs 
