                                                                                     
                              ABACUS v3.10.0

               Atomic-orbital Based Ab-initio Computation at UStc                    

                     Website: http://abacus.ustc.edu.cn/                             
               Documentation: https://abacus.deepmodeling.com/                       
                  Repository: https://github.com/abacusmodeling/abacus-develop       
                              https://github.com/deepmodeling/abacus-develop         
                      Commit: f7cb1d3 (Mon May 12 16:53:30 2025 +0800)

    Start Time is Fri Oct  9 19:18:56 2026
                                                                                     
 ------------------------------------------------------------------------------------

 READING GENERAL INFORMATION
                           global_out_dir = OUT.ABACUS/
                           global_in_card = INPUT
                               pseudo_dir = 
                              orbital_dir = 
                                    DRANK = 1
                                    DSIZE = 32
                                   DCOLOR = 1
                                    GRANK = 1
                                    GSIZE = 1




 >>>>>>>>>>>>>>>>>>>>>>>>>>>>>>>>>>>>>>>>>>>>>>>>>>>>>>>>>>>>>>>>>>>>>>
 |                                                                    |
 | Reading atom information in unitcell:                              |
 | From the input file and the structure file we know the number of   |
 | different elments in this unitcell, then we list the detail        |
 | information for each element, especially the zeta and polar atomic |
 | orbital number for each element. The total atom number is counted. |
 | We calculate the nearest atom distance for each atom and show the  |
 | Cartesian and Direct coordinates for each atom. We list the file   |
 | address for atomic orbitals. The volume and the lattice vectors    |
 | in real and reciprocal space is also shown.                        |
 |                                                                    |
 <<<<<<<<<<<<<<<<<<<<<<<<<<<<<<<<<<<<<<<<<<<<<<<<<<<<<<<<<<<<<<<<<<<<<<




 READING UNITCELL INFORMATION
                                    ntype = 2
                  lattice constant (Bohr) = 1.88973
              lattice constant (Angstrom) = 1

 READING ATOM TYPE 1
                               atom label = Hf
                      L=0, number of zeta = 4
                      L=1, number of zeta = 2
                      L=2, number of zeta = 2
                      L=3, number of zeta = 1
             number of atom for this type = 4

 READING ATOM TYPE 2
                               atom label = O
                      L=0, number of zeta = 2
                      L=1, number of zeta = 2
                      L=2, number of zeta = 1
             number of atom for this type = 8

                        TOTAL ATOM NUMBER = 12
DIRECT COORDINATES
    atom                   x                   y                   z     mag                  vx                  vy                  vz
taud_Hf1            0.0446887210        0.9928378222        0.0148819477  0.0000        0.0000000000        0.0000000000        0.0000000000
taud_Hf2            0.9714892194        0.5150591599        0.5148770204  0.0000        0.0000000000        0.0000000000        0.0000000000
taud_Hf3            0.4714873539        0.9928461415        0.5148780350  0.0000        0.0000000000        0.0000000000        0.0000000000
taud_Hf4            0.5446861591        0.5150669749        0.0148820306  0.0000        0.0000000000        0.0000000000        0.0000000000
taud_O1            0.3643550138        0.2024616375        0.1775970213  0.0000        0.0000000000        0.0000000000        0.0000000000
taud_O2            0.1518179131        0.2024607681        0.6775977336  0.0000        0.0000000000        0.0000000000        0.0000000000
taud_O3            0.2121168145        0.7348642967        0.2813633517  0.0000        0.0000000000        0.0000000000        0.0000000000
taud_O4            0.3040710331        0.7348706805        0.7813650127  0.0000        0.0000000000        0.0000000000        0.0000000000
taud_O5            0.8643547628        0.3054502680        0.1775911724  0.0000        0.0000000000        0.0000000000        0.0000000000
taud_O6            0.6518179599        0.3054513342        0.6775916233  0.0000        0.0000000000        0.0000000000        0.0000000000
taud_O7            0.7121185249        0.7730484708        0.2813585649  0.0000        0.0000000000        0.0000000000        0.0000000000
taud_O8            0.8040688435        0.7730423202        0.7813600896  0.0000        0.0000000000        0.0000000000        0.0000000000



                          Volume (Bohr^3) = 935.073
                             Volume (A^3) = 138.563

 Lattice vectors: (Cartesian coordinate: in unit of a_0)
             +5.38173        +3.11616e-06        +4.67472e-05
         +3.07627e-06            +5.04484        -4.79447e-05
         +4.67988e-05        -4.78688e-05            +5.10364
 Reciprocal vectors: (Cartesian coordinate: in unit of 2 pi/a_0)
            +0.185814        -1.13323e-07        -1.70386e-06
         -1.14792e-07           +0.198222         +1.8592e-06
         -1.70198e-06        +1.86214e-06           +0.195939
 The esolver type has been set to : ksdft_lcao

 RUNNING WITH DEVICE  : CPU / AMD EPYC 7702 64-Core Processor




 >>>>>>>>>>>>>>>>>>>>>>>>>>>>>>>>>>>>>>>>>>>>>>>>>>>>>>>>>>>>>>>>>>>>>>
 |                                                                    |
 | Reading pseudopotentials files:                                    |
 | The pseudopotential file is in UPF format. The 'NC' indicates that |
 | the type of pseudopotential is 'norm conserving'. Functional of    |
 | exchange and correlation is decided by 4 given parameters in UPF   |
 | file.  We also read in the 'core correction' if there exists.      |
 | Also we can read the valence electrons number and the maximal      |
 | angular momentum used in this pseudopotential. We also read in the |
 | trail wave function, trail atomic density and local-pseudopotential|
 | on logrithmic grid. The non-local pseudopotential projector is also|
 | read in if there is any.                                           |
 |                                                                    |
 <<<<<<<<<<<<<<<<<<<<<<<<<<<<<<<<<<<<<<<<<<<<<<<<<<<<<<<<<<<<<<<<<<<<<<




                PAO radial cut off (Bohr) = 15

 Read in pseudopotential file is Hf.upf
                     pseudopotential type = NC
          exchange-correlation functional = PBE
                 nonlocal core correction = 1
                        valence electrons = 12
                                     lmax = 3
                           number of zeta = 4
                     number of projectors = 8
                           L of projector = 0
                           L of projector = 0
                           L of projector = 1
                           L of projector = 1
                           L of projector = 2
                           L of projector = 2
                           L of projector = 3
                           L of projector = 3
                PAO radial cut off (Bohr) = 15

 Read in pseudopotential file is O.upf
                     pseudopotential type = NC
          exchange-correlation functional = PBE
                 nonlocal core correction = 1
                        valence electrons = 6
                                     lmax = 2
                           number of zeta = 2
                     number of projectors = 5
                           L of projector = 0
                           L of projector = 0
                           L of projector = 1
                           L of projector = 1
                           L of projector = 2
     initial pseudo atomic orbital number = 72

 SETUP THE ELECTRONS NUMBER
            electron number of element Hf = 12
      total electron number of element Hf = 48
             electron number of element O = 6
       total electron number of element O = 48
            AUTOSET number of electrons:  = 96
                           occupied bands = 48
                                   NLOCAL = 212
                                   NBANDS = 58
                                   NBANDS = 58
                                   NLOCAL = 212

%%%%%%%%%%%%%%%%%%%%%%%%%%%%%%%%%%%%%%%%%%%%%%%%%%%%%%%%%%%%%%%%%%%%%%%%%%%%%%%%%%%%%%%%%%%%%%%%%%%%%%%%%%
 Warning: the number of valence electrons in pseudopotential > 4 for Hf: [Xe] 4f14 5d2 6s2
 Pseudopotentials with additional electrons can yield (more) accurate outcomes, but may be less efficient.
 If you're confident that your chosen pseudopotential is appropriate, you can safely ignore this warning.
%%%%%%%%%%%%%%%%%%%%%%%%%%%%%%%%%%%%%%%%%%%%%%%%%%%%%%%%%%%%%%%%%%%%%%%%%%%%%%%%%%%%%%%%%%%%%%%%%%%%%%%%%%
                  




 >>>>>>>>>>>>>>>>>>>>>>>>>>>>>>>>>>>>>>>>>>>>>>>>>>>>>>>>>>>>>>>>>>>>>>
 |                                                                    |
 | Setup plane waves of charge/potential:                             |
 | Use the energy cutoff and the lattice vectors to generate the      |
 | dimensions of FFT grid. The number of FFT grid on each processor   |
 | is 'nrxx'. The number of plane wave basis in reciprocal space is   |
 | different for charege/potential and wave functions. We also set    |
 | the 'sticks' for the parallel of FFT. The number of plane waves    |
 | is 'npw' in each processor.                                        |
 <<<<<<<<<<<<<<<<<<<<<<<<<<<<<<<<<<<<<<<<<<<<<<<<<<<<<<<<<<<<<<<<<<<<<<





 SETUP THE PLANE WAVE BASIS
 energy cutoff for charge/potential (unit:Ry) = 400
            fft grid for charge/potential = [ 72, 64, 64 ]
                        fft grid division = [ 4, 2, 2 ]
        big fft grid for charge/potential = [ 18, 32, 32 ]
                                     nbxx = 576
                                     nrxx = 9216

 SETUP PLANE WAVES FOR CHARGE/POTENTIAL
                    number of plane waves = 126369
                         number of sticks = 3093

 PARALLEL PW FOR CHARGE/POTENTIAL
     PROC   COLUMNS(POT)             PW
        1             97           3951
        2             97           3951
        3             97           3951
        4             97           3951
        5             97           3951
        6             97           3951
        7             97           3951
        8             97           3951
        9             97           3951
       10             97           3951
       11             97           3951
       12             97           3951
       13             97           3951
       14             97           3951
       15             97           3951
       16             97           3951
       17             97           3951
       18             97           3949
       19             97           3949
       20             97           3949
       21             97           3949
       22             96           3946
       23             96           3946
       24             96           3946
       25             96           3946
       26             96           3946
       27             96           3946
       28             96           3946
       29             96           3946
       30             96           3946
       31             96           3946
       32             96           3946
 --------------- sum -------------------
       32           3093         126369
                            number of |g| = 3946
                                  max |g| = 36.1775
                                  min |g| = 0.177399
 DONE : SETUP UNITCELL Time : 0.772462 (SEC)


----------- Double Check Mixing Parameters Begin ------------
mixing_type: broyden
mixing_beta: 0.3
mixing_gg0: 1
mixing_gg0_min: 0.1
mixing_ndim: 8
----------- Double Check Mixing Parameters End ------------




 >>>>>>>>>>>>>>>>>>>>>>>>>>>>>>>>>>>>>>>>>>>>>>>>>>>>>>>>>>>>>>>>>>>>>>
 |                                                                    |
 | Setup K-points                                                     |
 | We setup the k-points according to input parameters.               |
 | The reduced k-points are set according to symmetry operations.     |
 | We treat the spin as another set of k-points.                      |
 |                                                                    |
 <<<<<<<<<<<<<<<<<<<<<<<<<<<<<<<<<<<<<<<<<<<<<<<<<<<<<<<<<<<<<<<<<<<<<<





 SETUP K-POINTS
                                    nspin = 1
                   Input type of k points = Monkhorst-Pack(Gamma)
                                   nkstot = 32
K-POINTS DIRECT COORDINATES
 KPOINTS    DIRECT_X    DIRECT_Y    DIRECT_Z  WEIGHT
       1  0.00000000  0.00000000  0.00000000  0.0312
       2  0.50000000  0.00000000  0.00000000  0.0312
       3  0.00000000  0.50000000  0.00000000  0.0312
       4  0.50000000  0.50000000  0.00000000  0.0312
       5  0.00000000  0.00000000  0.12500000  0.0312
       6  0.50000000  0.00000000  0.12500000  0.0312
       7  0.00000000  0.50000000  0.12500000  0.0312
       8  0.50000000  0.50000000  0.12500000  0.0312
       9  0.00000000  0.00000000  0.25000000  0.0312
      10  0.50000000  0.00000000  0.25000000  0.0312
      11  0.00000000  0.50000000  0.25000000  0.0312
      12  0.50000000  0.50000000  0.25000000  0.0312
      13  0.00000000  0.00000000  0.37500000  0.0312
      14  0.50000000  0.00000000  0.37500000  0.0312
      15  0.00000000  0.50000000  0.37500000  0.0312
      16  0.50000000  0.50000000  0.37500000  0.0312
      17  0.00000000  0.00000000  0.50000000  0.0312
      18  0.50000000  0.00000000  0.50000000  0.0312
      19  0.00000000  0.50000000  0.50000000  0.0312
      20  0.50000000  0.50000000  0.50000000  0.0312
      21  0.00000000  0.00000000  0.62500000  0.0312
      22  0.50000000  0.00000000  0.62500000  0.0312
      23  0.00000000  0.50000000  0.62500000  0.0312
      24  0.50000000  0.50000000  0.62500000  0.0312
      25  0.00000000  0.00000000  0.75000000  0.0312
      26  0.50000000  0.00000000  0.75000000  0.0312
      27  0.00000000  0.50000000  0.75000000  0.0312
      28  0.50000000  0.50000000  0.75000000  0.0312
      29  0.00000000  0.00000000  0.87500000  0.0312
      30  0.50000000  0.00000000  0.87500000  0.0312
      31  0.00000000  0.50000000  0.87500000  0.0312
      32  0.50000000  0.50000000  0.87500000  0.0312


           k-point number in this process = 32
       minimum distributed K point number = 32

K-POINTS CARTESIAN COORDINATES
 KPOINTS CARTESIAN_X CARTESIAN_Y CARTESIAN_Z  WEIGHT
       1  0.00000000  0.00000000  0.00000000  0.0625
       2  0.09290700 -0.00000006 -0.00000085  0.0625
       3 -0.00000006  0.09911112  0.00000093  0.0625
       4  0.09290694  0.09911106  0.00000008  0.0625
       5 -0.00000021  0.00000023  0.02449234  0.0625
       6  0.09290679  0.00000018  0.02449149  0.0625
       7 -0.00000027  0.09911135  0.02449327  0.0625
       8  0.09290673  0.09911130  0.02449242  0.0625
       9 -0.00000043  0.00000047  0.04898468  0.0625
      10  0.09290657  0.00000041  0.04898383  0.0625
      11 -0.00000048  0.09911159  0.04898561  0.0625
      12  0.09290652  0.09911153  0.04898476  0.0625
      13 -0.00000064  0.00000070  0.07347702  0.0625
      14  0.09290636  0.00000064  0.07347617  0.0625
      15 -0.00000070  0.09911182  0.07347795  0.0625
      16  0.09290630  0.09911176  0.07347710  0.0625
      17 -0.00000085  0.00000093  0.09796936  0.0625
      18  0.09290615  0.00000087  0.09796851  0.0625
      19 -0.00000091  0.09911205  0.09797029  0.0625
      20  0.09290609  0.09911199  0.09796944  0.0625
      21 -0.00000106  0.00000116  0.12246170  0.0625
      22  0.09290594  0.00000111  0.12246085  0.0625
      23 -0.00000112  0.09911228  0.12246263  0.0625
      24  0.09290588  0.09911223  0.12246177  0.0625
      25 -0.00000128  0.00000140  0.14695404  0.0625
      26  0.09290572  0.00000134  0.14695318  0.0625
      27 -0.00000133  0.09911252  0.14695497  0.0625
      28  0.09290567  0.09911246  0.14695411  0.0625
      29 -0.00000149  0.00000163  0.17144638  0.0625
      30  0.09290551  0.00000157  0.17144552  0.0625
      31 -0.00000155  0.09911275  0.17144731  0.0625
      32  0.09290545  0.09911269  0.17144645  0.0625


K-POINTS DIRECT COORDINATES
 KPOINTS    DIRECT_X    DIRECT_Y    DIRECT_Z  WEIGHT
       1  0.00000000  0.00000000  0.00000000  0.0625
       2  0.50000000  0.00000000  0.00000000  0.0625
       3  0.00000000  0.50000000  0.00000000  0.0625
       4  0.50000000  0.50000000  0.00000000  0.0625
       5  0.00000000  0.00000000  0.12500000  0.0625
       6  0.50000000  0.00000000  0.12500000  0.0625
       7  0.00000000  0.50000000  0.12500000  0.0625
       8  0.50000000  0.50000000  0.12500000  0.0625
       9  0.00000000  0.00000000  0.25000000  0.0625
      10  0.50000000  0.00000000  0.25000000  0.0625
      11  0.00000000  0.50000000  0.25000000  0.0625
      12  0.50000000  0.50000000  0.25000000  0.0625
      13  0.00000000  0.00000000  0.37500000  0.0625
      14  0.50000000  0.00000000  0.37500000  0.0625
      15  0.00000000  0.50000000  0.37500000  0.0625
      16  0.50000000  0.50000000  0.37500000  0.0625
      17  0.00000000  0.00000000  0.50000000  0.0625
      18  0.50000000  0.00000000  0.50000000  0.0625
      19  0.00000000  0.50000000  0.50000000  0.0625
      20  0.50000000  0.50000000  0.50000000  0.0625
      21  0.00000000  0.00000000  0.62500000  0.0625
      22  0.50000000  0.00000000  0.62500000  0.0625
      23  0.00000000  0.50000000  0.62500000  0.0625
      24  0.50000000  0.50000000  0.62500000  0.0625
      25  0.00000000  0.00000000  0.75000000  0.0625
      26  0.50000000  0.00000000  0.75000000  0.0625
      27  0.00000000  0.50000000  0.75000000  0.0625
      28  0.50000000  0.50000000  0.75000000  0.0625
      29  0.00000000  0.00000000  0.87500000  0.0625
      30  0.50000000  0.00000000  0.87500000  0.0625
      31  0.00000000  0.50000000  0.87500000  0.0625
      32  0.50000000  0.50000000  0.87500000  0.0625

 DONE : INIT K-POINTS Time : 0.854976 (SEC)





 >>>>>>>>>>>>>>>>>>>>>>>>>>>>>>>>>>>>>>>>>>>>>>>>>>>>>>>>>>>>>>>>>>>>>>
 |                                                                    |
 | Setup plane waves of wave functions:                               |
 | Use the energy cutoff and the lattice vectors to generate the      |
 | dimensions of FFT grid. The number of FFT grid on each processor   |
 | is 'nrxx'. The number of plane wave basis in reciprocal space is   |
 | different for charege/potential and wave functions. We also set    |
 | the 'sticks' for the parallel of FFT. The number of plane wave of  |
 | each k-point is 'npwk[ik]' in each processor                       |
 <<<<<<<<<<<<<<<<<<<<<<<<<<<<<<<<<<<<<<<<<<<<<<<<<<<<<<<<<<<<<<<<<<<<<<





 SETUP PLANE WAVES FOR WAVE FUNCTIONS
     energy cutoff for wavefunc (unit:Ry) = 100
              fft grid for wave functions = [ 72, 64, 64 ]
                    number of plane waves = 19531
                         number of sticks = 891

 PARALLEL PW FOR WAVE FUNCTIONS
     PROC   COLUMNS(POT)             PW
        1             28            612
        2             28            612
        3             28            612
        4             28            612
        5             28            612
        6             28            612
        7             28            612
        8             28            612
        9             28            612
       10             28            612
       11             28            612
       12             28            612
       13             28            612
       14             28            610
       15             28            610
       16             28            610
       17             28            610
       18             28            610
       19             28            610
       20             28            610
       21             28            610
       22             28            610
       23             28            610
       24             28            610
       25             28            610
       26             27            607
       27             27            607
       28             27            607
       29             28            610
       30             27            607
       31             27            607
       32             28            610
 --------------- sum -------------------
       32            891          19531
 DONE : INIT PLANEWAVE Time : 0.862848 (SEC)

 SET NONLOCAL PSEUDOPOTENTIAL PROJECTORS
 SET NONLOCAL PSEUDOPOTENTIAL PROJECTORS
 max number of nonlocal projetors among all species is 8
 DONE : LOCAL POTENTIAL Time : 1.32898 (SEC)


 -------------------------------------------
 NONSELF-CONSISTENT
 -------------------------------------------




 >>>>>>>>>>>>>>>>>>>>>>>>>>>>>>>>>>>>>>>>>>>>>>>>>>>>>>>>>>>>>>>>>>>>>>
 |                                                                    |
 | Search adjacent atoms:                                             |
 | Set the adjacent atoms for each atom and set the periodic boundary |
 | condition for the atoms on real space FFT grid. For k-dependent    |
 | algorithm, we also need to set the sparse H and S matrix element   |
 | for each atom.                                                     |
 |                                                                    |
 <<<<<<<<<<<<<<<<<<<<<<<<<<<<<<<<<<<<<<<<<<<<<<<<<<<<<<<<<<<<<<<<<<<<<<





 SETUP SEARCHING RADIUS FOR PROGRAM TO SEARCH ADJACENT ATOMS
                  longest orb rcut (Bohr) = 10
   longest nonlocal projector rcut (Bohr) = 2.46
                     search radius (Bohr) = 24.9
              searching radius is (Bohr)) = 24.9
         searching radius unit is (Bohr)) = 1.89
                         PeriodicBoundary = 1
                        Radius(unit:lat0) = 13.2
                                   glayer = [ 4, 4, 4 ]
                             glayer_minus = [ 3, 3, 3 ]

Find the coordinate range of the input atom(unit:lat0).
                                  min_tau = [ -15.9, -14.1, -15.2 ]
                                  max_tau = [ 21.4, 20.1, 19.3 ]
                                BoxNumber = [ 7, 7, 7 ]

 SETUP EXTENDED REAL SPACE GRID FOR GRID INTEGRATION
                          real space grid = [ 72, 64, 64 ]
                 big cell numbers in grid = [ 18, 32, 32 ]
             meshcell numbers in big cell = [ 4, 2, 2 ]
                        extended fft grid = [ 18, 34, 34 ]
                dimension of extened grid = [ 55, 101, 101 ]
                            UnitCellTotal = 100
              Atom number in sub-FFT-grid = 12
    Local orbitals number in sub-FFT-grid = 212
                                ParaV.nnr = 77585

 Warning_Memory_Consuming allocated:  Gint::hRGint 12.4 MB

 Warning_Memory_Consuming allocated:  Gint::DMRGint 12.4 MB
                                 init_chg = file
 try to read charge from file
 Find the file OUT.ABACUS//SPIN1_CHG.cube , try to read it.
 Read in the charge density: OUT.ABACUS//SPIN1_CHG.cube
 DONE : INIT SCF Time : 1.84554 (SEC)


 LCAO ALGORITHM --------------- ION=   1  ELEC=   1--------------------------------
 Energy (eV) & Occupations  for spin=1 K-point=1
      1       -49.2102      0.0625000
      2       -49.1938      0.0625000
      3       -49.1937      0.0625000
      4       -49.1910      0.0625000
      5       -19.0227      0.0625000
      6       -18.9872      0.0625000
      7       -18.9829      0.0625000
      8       -18.7872      0.0625000
      9       -18.7657      0.0625000
     10       -18.7297      0.0625000
     11       -18.7277      0.0625000
     12       -18.7208      0.0625000
     13       -18.6979      0.0625000
     14       -18.6298      0.0625000
     15       -18.6148      0.0625000
     16       -18.6080      0.0625000
     17       -7.14765      0.0625000
     18       -5.76383      0.0625000
     19       -5.75425      0.0625000
     20       -5.59159      0.0625000
     21       -5.33956      0.0625000
     22       -5.22405      0.0625000
     23       -5.11085      0.0625000
     24       -5.08544      0.0625000
     25        5.36643      0.0625000
     26        5.44124      0.0625000
     27        5.80264      0.0625000
     28        6.17621      0.0625000
     29        6.32164      0.0625000
     30        6.40200      0.0625000
     31        7.50420      0.0625000
     32        7.58669      0.0625000
     33        7.78642      0.0625000
     34        7.91475      0.0625000
     35        8.21249      0.0625000
     36        8.41090      0.0625000
     37        8.43095      0.0625000
     38        8.87458      0.0625000
     39        9.05671      0.0625000
     40        9.14621      0.0625000
     41        9.28937      0.0625000
     42        9.52980      0.0625000
     43        9.54634      0.0625000
     44        9.67691      0.0625000
     45        10.0920      0.0625000
     46        10.5125      0.0625000
     47        10.5637      0.0625000
     48        10.6985      0.0625000
     49        15.9351        0.00000
     50        16.0154        0.00000
     51        16.3180        0.00000
     52        16.3258        0.00000
     53        16.4002        0.00000
     54        16.5744        0.00000
     55        16.7703        0.00000
     56        16.8571        0.00000
     57        17.0819        0.00000
     58        17.3379        0.00000
 Energy (eV) & Occupations  for spin=1 K-point=2
      1       -49.2035      0.0625000
      2       -49.2034      0.0625000
      3       -49.1910      0.0625000
      4       -49.1909      0.0625000
      5       -18.9172      0.0625000
      6       -18.9172      0.0625000
      7       -18.8850      0.0625000
      8       -18.8850      0.0625000
      9       -18.8267      0.0625000
     10       -18.8266      0.0625000
     11       -18.7161      0.0625000
     12       -18.7160      0.0625000
     13       -18.6517      0.0625000
     14       -18.6516      0.0625000
     15       -18.6501      0.0625000
     16       -18.6501      0.0625000
     17       -6.41746      0.0625000
     18       -6.41739      0.0625000
     19       -5.50753      0.0625000
     20       -5.50744      0.0625000
     21       -5.34893      0.0625000
     22       -5.34889      0.0625000
     23       -5.29079      0.0625000
     24       -5.29079      0.0625000
     25        6.12644      0.0625000
     26        6.12651      0.0625000
     27        6.30731      0.0625000
     28        6.30736      0.0625000
     29        6.79170      0.0625000
     30        6.79173      0.0625000
     31        7.01775      0.0625000
     32        7.01783      0.0625000
     33        7.50481      0.0625000
     34        7.50482      0.0625000
     35        8.04552      0.0625000
     36        8.04565      0.0625000
     37        8.62317      0.0625000
     38        8.62318      0.0625000
     39        8.80678      0.0625000
     40        8.80686      0.0625000
     41        9.11376      0.0625000
     42        9.11382      0.0625000
     43        9.75086      0.0625000
     44        9.75092      0.0625000
     45        10.0006      0.0625000
     46        10.0006      0.0625000
     47        10.4089      0.0625000
     48        10.4090      0.0625000
     49        16.0276        0.00000
     50        16.0277        0.00000
     51        16.4314        0.00000
     52        16.4315        0.00000
     53        16.6273        0.00000
     54        16.6274        0.00000
     55        17.1350        0.00000
     56        17.1351        0.00000
     57        17.4554        0.00000
     58        17.4554        0.00000
 Energy (eV) & Occupations  for spin=1 K-point=3
      1       -49.2043      0.0625000
      2       -49.1998      0.0625000
      3       -49.1928      0.0625000
      4       -49.1919      0.0625000
      5       -18.9239      0.0625000
      6       -18.8982      0.0625000
      7       -18.8518      0.0625000
      8       -18.8346      0.0625000
      9       -18.8264      0.0625000
     10       -18.7915      0.0625000
     11       -18.7443      0.0625000
     12       -18.7319      0.0625000
     13       -18.6910      0.0625000
     14       -18.6879      0.0625000
     15       -18.6660      0.0625000
     16       -18.6586      0.0625000
     17       -6.49034      0.0625000
     18       -5.98957      0.0625000
     19       -5.68266      0.0625000
     20       -5.60118      0.0625000
     21       -5.44919      0.0625000
     22       -5.37644      0.0625000
     23       -5.30646      0.0625000
     24       -5.20656      0.0625000
     25        5.80142      0.0625000
     26        5.81364      0.0625000
     27        6.42673      0.0625000
     28        6.53769      0.0625000
     29        6.54638      0.0625000
     30        6.73038      0.0625000
     31        6.84365      0.0625000
     32        6.86026      0.0625000
     33        7.46599      0.0625000
     34        7.48895      0.0625000
     35        8.18762      0.0625000
     36        8.26412      0.0625000
     37        8.40221      0.0625000
     38        8.56653      0.0625000
     39        9.07716      0.0625000
     40        9.09980      0.0625000
     41        9.22965      0.0625000
     42        9.55645      0.0625000
     43        9.69571      0.0625000
     44        9.77900      0.0625000
     45        10.1851      0.0625000
     46        10.3405      0.0625000
     47        10.5120      0.0625000
     48        10.5569      0.0625000
     49        15.5783        0.00000
     50        16.0005        0.00000
     51        16.0614        0.00000
     52        16.4409        0.00000
     53        16.5250        0.00000
     54        16.8222        0.00000
     55        17.1013        0.00000
     56        17.3472        0.00000
     57        17.4139        0.00000
     58        17.5341        0.00000
 Energy (eV) & Occupations  for spin=1 K-point=4
      1       -49.2015      0.0625000
      2       -49.2013      0.0625000
      3       -49.1930      0.0625000
      4       -49.1928      0.0625000
      5       -18.9288      0.0625000
      6       -18.9288      0.0625000
      7       -18.8605      0.0625000
      8       -18.8604      0.0625000
      9       -18.8274      0.0625000
     10       -18.8273      0.0625000
     11       -18.7090      0.0625000
     12       -18.7089      0.0625000
     13       -18.6882      0.0625000
     14       -18.6882      0.0625000
     15       -18.6383      0.0625000
     16       -18.6383      0.0625000
     17       -6.25471      0.0625000
     18       -6.25463      0.0625000
     19       -5.72201      0.0625000
     20       -5.72198      0.0625000
     21       -5.38726      0.0625000
     22       -5.38718      0.0625000
     23       -5.20433      0.0625000
     24       -5.20430      0.0625000
     25        6.14950      0.0625000
     26        6.14956      0.0625000
     27        6.29337      0.0625000
     28        6.29344      0.0625000
     29        6.74730      0.0625000
     30        6.74733      0.0625000
     31        7.55775      0.0625000
     32        7.55780      0.0625000
     33        7.74860      0.0625000
     34        7.74869      0.0625000
     35        8.13355      0.0625000
     36        8.13362      0.0625000
     37        8.25566      0.0625000
     38        8.25570      0.0625000
     39        8.43812      0.0625000
     40        8.43816      0.0625000
     41        9.34455      0.0625000
     42        9.34458      0.0625000
     43        9.59191      0.0625000
     44        9.59195      0.0625000
     45        9.95115      0.0625000
     46        9.95121      0.0625000
     47        10.2368      0.0625000
     48        10.2368      0.0625000
     49        15.9234        0.00000
     50        15.9236        0.00000
     51        16.0675        0.00000
     52        16.0675        0.00000
     53        16.5672        0.00000
     54        16.5673        0.00000
     55        16.9334        0.00000
     56        16.9334        0.00000
     57        17.5762        0.00000
     58        17.5763        0.00000
 Energy (eV) & Occupations  for spin=1 K-point=5
      1       -49.2095      0.0625000
      2       -49.1938      0.0625000
      3       -49.1937      0.0625000
      4       -49.1917      0.0625000
      5       -19.0096      0.0625000
      6       -18.9804      0.0625000
      7       -18.9770      0.0625000
      8       -18.8057      0.0625000
      9       -18.7592      0.0625000
     10       -18.7351      0.0625000
     11       -18.7275      0.0625000
     12       -18.7087      0.0625000
     13       -18.7020      0.0625000
     14       -18.6327      0.0625000
     15       -18.6212      0.0625000
     16       -18.6192      0.0625000
     17       -7.08590      0.0625000
     18       -5.76520      0.0625000
     19       -5.76315      0.0625000
     20       -5.61427      0.0625000
     21       -5.31026      0.0625000
     22       -5.28166      0.0625000
     23       -5.13011      0.0625000
     24       -5.07549      0.0625000
     25        5.43770      0.0625000
     26        5.57261      0.0625000
     27        5.67864      0.0625000
     28        6.20796      0.0625000
     29        6.35182      0.0625000
     30        6.64789      0.0625000
     31        7.42445      0.0625000
     32        7.54573      0.0625000
     33        7.59054      0.0625000
     34        7.92730      0.0625000
     35        8.11290      0.0625000
     36        8.30441      0.0625000
     37        8.40731      0.0625000
     38        8.86042      0.0625000
     39        9.17940      0.0625000
     40        9.18253      0.0625000
     41        9.46837      0.0625000
     42        9.49206      0.0625000
     43        9.49283      0.0625000
     44        9.68756      0.0625000
     45        9.94334      0.0625000
     46        10.4749      0.0625000
     47        10.5468      0.0625000
     48        10.6742      0.0625000
     49        15.9382        0.00000
     50        15.9998        0.00000
     51        16.2475        0.00000
     52        16.2782        0.00000
     53        16.5636        0.00000
     54        16.5715        0.00000
     55        16.8609        0.00000
     56        16.8687        0.00000
     57        16.8713        0.00000
     58        17.4036        0.00000
 Energy (eV) & Occupations  for spin=1 K-point=6
      1       -49.2030      0.0625000
      2       -49.2029      0.0625000
      3       -49.1914      0.0625000
      4       -49.1914      0.0625000
      5       -18.9179      0.0625000
      6       -18.9178      0.0625000
      7       -18.8800      0.0625000
      8       -18.8799      0.0625000
      9       -18.8270      0.0625000
     10       -18.8269      0.0625000
     11       -18.7143      0.0625000
     12       -18.7142      0.0625000
     13       -18.6643      0.0625000
     14       -18.6643      0.0625000
     15       -18.6444      0.0625000
     16       -18.6444      0.0625000
     17       -6.38339      0.0625000
     18       -6.38332      0.0625000
     19       -5.53741      0.0625000
     20       -5.53733      0.0625000
     21       -5.34682      0.0625000
     22       -5.34679      0.0625000
     23       -5.30106      0.0625000
     24       -5.30105      0.0625000
     25        6.16762      0.0625000
     26        6.16765      0.0625000
     27        6.34963      0.0625000
     28        6.34967      0.0625000
     29        6.81072      0.0625000
     30        6.81076      0.0625000
     31        7.02792      0.0625000
     32        7.02802      0.0625000
     33        7.50696      0.0625000
     34        7.50706      0.0625000
     35        8.08963      0.0625000
     36        8.08979      0.0625000
     37        8.51416      0.0625000
     38        8.51423      0.0625000
     39        8.75709      0.0625000
     40        8.75718      0.0625000
     41        9.18316      0.0625000
     42        9.18319      0.0625000
     43        9.66078      0.0625000
     44        9.66083      0.0625000
     45        10.0286      0.0625000
     46        10.0287      0.0625000
     47        10.3438      0.0625000
     48        10.3439      0.0625000
     49        16.0133        0.00000
     50        16.0134        0.00000
     51        16.3963        0.00000
     52        16.3964        0.00000
     53        16.6839        0.00000
     54        16.6840        0.00000
     55        17.0807        0.00000
     56        17.0807        0.00000
     57        17.4656        0.00000
     58        17.4657        0.00000
 Energy (eV) & Occupations  for spin=1 K-point=7
      1       -49.2039      0.0625000
      2       -49.1995      0.0625000
      3       -49.1930      0.0625000
      4       -49.1924      0.0625000
      5       -18.9311      0.0625000
      6       -18.8943      0.0625000
      7       -18.8661      0.0625000
      8       -18.8508      0.0625000
      9       -18.8187      0.0625000
     10       -18.8076      0.0625000
     11       -18.7316      0.0625000
     12       -18.7206      0.0625000
     13       -18.6890      0.0625000
     14       -18.6746      0.0625000
     15       -18.6641      0.0625000
     16       -18.6575      0.0625000
     17       -6.46103      0.0625000
     18       -5.97693      0.0625000
     19       -5.66534      0.0625000
     20       -5.64577      0.0625000
     21       -5.49142      0.0625000
     22       -5.36930      0.0625000
     23       -5.30140      0.0625000
     24       -5.20338      0.0625000
     25        5.82103      0.0625000
     26        5.90331      0.0625000
     27        6.43541      0.0625000
     28        6.48126      0.0625000
     29        6.62286      0.0625000
     30        6.80265      0.0625000
     31        6.80437      0.0625000
     32        6.89541      0.0625000
     33        7.50589      0.0625000
     34        7.50890      0.0625000
     35        8.20800      0.0625000
     36        8.27944      0.0625000
     37        8.33749      0.0625000
     38        8.58057      0.0625000
     39        9.02299      0.0625000
     40        9.08222      0.0625000
     41        9.25793      0.0625000
     42        9.40418      0.0625000
     43        9.74692      0.0625000
     44        9.76147      0.0625000
     45        10.1674      0.0625000
     46        10.2441      0.0625000
     47        10.5070      0.0625000
     48        10.5178      0.0625000
     49        15.6383        0.00000
     50        15.9467        0.00000
     51        15.9635        0.00000
     52        16.2935        0.00000
     53        16.5016        0.00000
     54        16.8947        0.00000
     55        17.0923        0.00000
     56        17.3209        0.00000
     57        17.4945        0.00000
     58        17.5451        0.00000
 Energy (eV) & Occupations  for spin=1 K-point=8
      1       -49.2012      0.0625000
      2       -49.2010      0.0625000
      3       -49.1933      0.0625000
      4       -49.1932      0.0625000
      5       -18.9517      0.0625000
      6       -18.9517      0.0625000
      7       -18.8810      0.0625000
      8       -18.8810      0.0625000
      9       -18.7980      0.0625000
     10       -18.7979      0.0625000
     11       -18.7035      0.0625000
     12       -18.7034      0.0625000
     13       -18.6768      0.0625000
     14       -18.6767      0.0625000
     15       -18.6402      0.0625000
     16       -18.6402      0.0625000
     17       -6.25236      0.0625000
     18       -6.25228      0.0625000
     19       -5.76396      0.0625000
     20       -5.76387      0.0625000
     21       -5.37632      0.0625000
     22       -5.37627      0.0625000
     23       -5.17661      0.0625000
     24       -5.17658      0.0625000
     25        6.19408      0.0625000
     26        6.19415      0.0625000
     27        6.34048      0.0625000
     28        6.34055      0.0625000
     29        6.74579      0.0625000
     30        6.74582      0.0625000
     31        7.48062      0.0625000
     32        7.48066      0.0625000
     33        7.74963      0.0625000
     34        7.74967      0.0625000
     35        7.95124      0.0625000
     36        7.95127      0.0625000
     37        8.41249      0.0625000
     38        8.41255      0.0625000
     39        8.64443      0.0625000
     40        8.64448      0.0625000
     41        9.32580      0.0625000
     42        9.32585      0.0625000
     43        9.53450      0.0625000
     44        9.53453      0.0625000
     45        9.86295      0.0625000
     46        9.86302      0.0625000
     47        10.2064      0.0625000
     48        10.2065      0.0625000
     49        15.8405        0.00000
     50        15.8406        0.00000
     51        16.0961        0.00000
     52        16.0962        0.00000
     53        16.4754        0.00000
     54        16.4754        0.00000
     55        16.9708        0.00000
     56        16.9709        0.00000
     57        17.5395        0.00000
     58        17.5396        0.00000
 Energy (eV) & Occupations  for spin=1 K-point=9
      1       -49.2075      0.0625000
      2       -49.1938      0.0625000
      3       -49.1938      0.0625000
      4       -49.1937      0.0625000
      5       -18.9720      0.0625000
      6       -18.9717      0.0625000
      7       -18.9480      0.0625000
      8       -18.8455      0.0625000
      9       -18.7427      0.0625000
     10       -18.7394      0.0625000
     11       -18.7332      0.0625000
     12       -18.7273      0.0625000
     13       -18.6841      0.0625000
     14       -18.6518      0.0625000
     15       -18.6406      0.0625000
     16       -18.6314      0.0625000
     17       -6.90877      0.0625000
     18       -5.80697      0.0625000
     19       -5.78381      0.0625000
     20       -5.66781      0.0625000
     21       -5.39477      0.0625000
     22       -5.24008      0.0625000
     23       -5.18436      0.0625000
     24       -5.06009      0.0625000
     25        5.56780      0.0625000
     26        5.63438      0.0625000
     27        5.94705      0.0625000
     28        6.29035      0.0625000
     29        6.44609      0.0625000
     30        7.04372      0.0625000
     31        7.10368      0.0625000
     32        7.22798      0.0625000
     33        7.47925      0.0625000
     34        7.89222      0.0625000
     35        7.97528      0.0625000
     36        8.27380      0.0625000
     37        8.32885      0.0625000
     38        8.79956      0.0625000
     39        9.20254      0.0625000
     40        9.21801      0.0625000
     41        9.23221      0.0625000
     42        9.38224      0.0625000
     43        9.73269      0.0625000
     44        9.79194      0.0625000
     45        9.81447      0.0625000
     46        10.4077      0.0625000
     47        10.5073      0.0625000
     48        10.6269      0.0625000
     49        15.8822        0.00000
     50        16.0066        0.00000
     51        16.0136        0.00000
     52        16.2015        0.00000
     53        16.6406        0.00000
     54        16.6743        0.00000
     55        16.8265        0.00000
     56        16.8315        0.00000
     57        17.3361        0.00000
     58        17.5683        0.00000
 Energy (eV) & Occupations  for spin=1 K-point=10
      1       -49.2017      0.0625000
      2       -49.2016      0.0625000
      3       -49.1928      0.0625000
      4       -49.1927      0.0625000
      5       -18.9171      0.0625000
      6       -18.9171      0.0625000
      7       -18.8721      0.0625000
      8       -18.8721      0.0625000
      9       -18.8243      0.0625000
     10       -18.8243      0.0625000
     11       -18.7078      0.0625000
     12       -18.7078      0.0625000
     13       -18.6855      0.0625000
     14       -18.6854      0.0625000
     15       -18.6434      0.0625000
     16       -18.6434      0.0625000
     17       -6.28575      0.0625000
     18       -6.28567      0.0625000
     19       -5.63113      0.0625000
     20       -5.63105      0.0625000
     21       -5.34236      0.0625000
     22       -5.34232      0.0625000
     23       -5.31827      0.0625000
     24       -5.31825      0.0625000
     25        6.26555      0.0625000
     26        6.26558      0.0625000
     27        6.46504      0.0625000
     28        6.46510      0.0625000
     29        6.83160      0.0625000
     30        6.83164      0.0625000
     31        7.08061      0.0625000
     32        7.08075      0.0625000
     33        7.56321      0.0625000
     34        7.56337      0.0625000
     35        8.07039      0.0625000
     36        8.07055      0.0625000
     37        8.31664      0.0625000
     38        8.31667      0.0625000
     39        8.75654      0.0625000
     40        8.75667      0.0625000
     41        9.23586      0.0625000
     42        9.23589      0.0625000
     43        9.54250      0.0625000
     44        9.54254      0.0625000
     45        9.89064      0.0625000
     46        9.89071      0.0625000
     47        10.2809      0.0625000
     48        10.2810      0.0625000
     49        15.9953        0.00000
     50        15.9953        0.00000
     51        16.3051        0.00000
     52        16.3053        0.00000
     53        16.8154        0.00000
     54        16.8154        0.00000
     55        17.0122        0.00000
     56        17.0122        0.00000
     57        17.5306        0.00000
     58        17.5306        0.00000
 Energy (eV) & Occupations  for spin=1 K-point=11
      1       -49.2025      0.0625000
      2       -49.1988      0.0625000
      3       -49.1939      0.0625000
      4       -49.1937      0.0625000
      5       -18.9436      0.0625000
      6       -18.8909      0.0625000
      7       -18.8903      0.0625000
      8       -18.8833      0.0625000
      9       -18.8264      0.0625000
     10       -18.8010      0.0625000
     11       -18.7261      0.0625000
     12       -18.7076      0.0625000
     13       -18.6757      0.0625000
     14       -18.6703      0.0625000
     15       -18.6477      0.0625000
     16       -18.6427      0.0625000
     17       -6.37645      0.0625000
     18       -5.93813      0.0625000
     19       -5.76142      0.0625000
     20       -5.61800      0.0625000
     21       -5.57858      0.0625000
     22       -5.38028      0.0625000
     23       -5.28673      0.0625000
     24       -5.20346      0.0625000
     25        5.89628      0.0625000
     26        6.14752      0.0625000
     27        6.40995      0.0625000
     28        6.46963      0.0625000
     29        6.69318      0.0625000
     30        6.81242      0.0625000
     31        6.88801      0.0625000
     32        7.01103      0.0625000
     33        7.47264      0.0625000
     34        7.62156      0.0625000
     35        8.15797      0.0625000
     36        8.27059      0.0625000
     37        8.36157      0.0625000
     38        8.63723      0.0625000
     39        8.91861      0.0625000
     40        9.04741      0.0625000
     41        9.14517      0.0625000
     42        9.31286      0.0625000
     43        9.61097      0.0625000
     44        9.75544      0.0625000
     45        10.0526      0.0625000
     46        10.1209      0.0625000
     47        10.4422      0.0625000
     48        10.4816      0.0625000
     49        15.7319        0.00000
     50        15.7364        0.00000
     51        15.8949        0.00000
     52        16.1449        0.00000
     53        16.3949        0.00000
     54        16.9837        0.00000
     55        17.0811        0.00000
     56        17.1262        0.00000
     57        17.3869        0.00000
     58        17.4123        0.00000
 Energy (eV) & Occupations  for spin=1 K-point=12
      1       -49.2002      0.0625000
      2       -49.2001      0.0625000
      3       -49.1943      0.0625000
      4       -49.1941      0.0625000
      5       -18.9830      0.0625000
      6       -18.9830      0.0625000
      7       -18.9246      0.0625000
      8       -18.9246      0.0625000
      9       -18.7463      0.0625000
     10       -18.7463      0.0625000
     11       -18.6924      0.0625000
     12       -18.6923      0.0625000
     13       -18.6605      0.0625000
     14       -18.6605      0.0625000
     15       -18.6421      0.0625000
     16       -18.6420      0.0625000
     17       -6.23729      0.0625000
     18       -6.23721      0.0625000
     19       -5.87213      0.0625000
     20       -5.87200      0.0625000
     21       -5.32394      0.0625000
     22       -5.32391      0.0625000
     23       -5.13844      0.0625000
     24       -5.13839      0.0625000
     25        6.29110      0.0625000
     26        6.29117      0.0625000
     27        6.48127      0.0625000
     28        6.48134      0.0625000
     29        6.76744      0.0625000
     30        6.76748      0.0625000
     31        7.22484      0.0625000
     32        7.22487      0.0625000
     33        7.74818      0.0625000
     34        7.74821      0.0625000
     35        7.97410      0.0625000
     36        7.97418      0.0625000
     37        8.57526      0.0625000
     38        8.57530      0.0625000
     39        8.89698      0.0625000
     40        8.89702      0.0625000
     41        9.31528      0.0625000
     42        9.31535      0.0625000
     43        9.37548      0.0625000
     44        9.37552      0.0625000
     45        9.66647      0.0625000
     46        9.66654      0.0625000
     47        10.1407      0.0625000
     48        10.1407      0.0625000
     49        15.6857        0.00000
     50        15.6858        0.00000
     51        16.0446        0.00000
     52        16.0447        0.00000
     53        16.4285        0.00000
     54        16.4286        0.00000
     55        16.9452        0.00000
     56        16.9453        0.00000
     57        17.4712        0.00000
     58        17.4713        0.00000
 Energy (eV) & Occupations  for spin=1 K-point=13
      1       -49.2043      0.0625000
      2       -49.1969      0.0625000
      3       -49.1938      0.0625000
      4       -49.1937      0.0625000
      5       -18.9540      0.0625000
      6       -18.9166      0.0625000
      7       -18.9056      0.0625000
      8       -18.8883      0.0625000
      9       -18.7830      0.0625000
     10       -18.7670      0.0625000
     11       -18.7233      0.0625000
     12       -18.7146      0.0625000
     13       -18.6751      0.0625000
     14       -18.6686      0.0625000
     15       -18.6519      0.0625000
     16       -18.6488      0.0625000
     17       -6.64013      0.0625000
     18       -6.00768      0.0625000
     19       -5.78877      0.0625000
     20       -5.72603      0.0625000
     21       -5.41632      0.0625000
     22       -5.26360      0.0625000
     23       -5.16050      0.0625000
     24       -5.06317      0.0625000
     25        5.60657      0.0625000
     26        5.84861      0.0625000
     27        6.37175      0.0625000
     28        6.46055      0.0625000
     29        6.66282      0.0625000
     30        6.84636      0.0625000
     31        6.98356      0.0625000
     32        6.98586      0.0625000
     33        7.26754      0.0625000
     34        7.98221      0.0625000
     35        7.98430      0.0625000
     36        8.07529      0.0625000
     37        8.47993      0.0625000
     38        8.54191      0.0625000
     39        8.90402      0.0625000
     40        9.07293      0.0625000
     41        9.22357      0.0625000
     42        9.23231      0.0625000
     43        9.81607      0.0625000
     44        9.84782      0.0625000
     45        10.0812      0.0625000
     46        10.3617      0.0625000
     47        10.4767      0.0625000
     48        10.5614      0.0625000
     49        15.7662        0.00000
     50        15.7834        0.00000
     51        16.0699        0.00000
     52        16.1580        0.00000
     53        16.6701        0.00000
     54        16.7455        0.00000
     55        16.7925        0.00000
     56        16.9068        0.00000
     57        17.7487        0.00000
     58        17.7896        0.00000
 Energy (eV) & Occupations  for spin=1 K-point=14
      1       -49.1996      0.0625000
      2       -49.1995      0.0625000
      3       -49.1948      0.0625000
      4       -49.1948      0.0625000
      5       -18.9105      0.0625000
      6       -18.9105      0.0625000
      7       -18.8800      0.0625000
      8       -18.8800      0.0625000
      9       -18.8025      0.0625000
     10       -18.8025      0.0625000
     11       -18.7279      0.0625000
     12       -18.7279      0.0625000
     13       -18.6819      0.0625000
     14       -18.6819      0.0625000
     15       -18.6498      0.0625000
     16       -18.6498      0.0625000
     17       -6.13774      0.0625000
     18       -6.13766      0.0625000
     19       -5.78102      0.0625000
     20       -5.78095      0.0625000
     21       -5.33815      0.0625000
     22       -5.33811      0.0625000
     23       -5.32894      0.0625000
     24       -5.32891      0.0625000
     25        6.39059      0.0625000
     26        6.39063      0.0625000
     27        6.55361      0.0625000
     28        6.55367      0.0625000
     29        6.87578      0.0625000
     30        6.87581      0.0625000
     31        7.11636      0.0625000
     32        7.11650      0.0625000
     33        7.66377      0.0625000
     34        7.66395      0.0625000
     35        7.99008      0.0625000
     36        7.99016      0.0625000
     37        8.21057      0.0625000
     38        8.21071      0.0625000
     39        8.74627      0.0625000
     40        8.74639      0.0625000
     41        9.22639      0.0625000
     42        9.22643      0.0625000
     43        9.34245      0.0625000
     44        9.34248      0.0625000
     45        9.85382      0.0625000
     46        9.85390      0.0625000
     47        10.1878      0.0625000
     48        10.1879      0.0625000
     49        16.0073        0.00000
     50        16.0074        0.00000
     51        16.1898        0.00000
     52        16.1899        0.00000
     53        16.9266        0.00000
     54        16.9267        0.00000
     55        17.0041        0.00000
     56        17.0042        0.00000
     57        17.6730        0.00000
     58        17.6731        0.00000
 Energy (eV) & Occupations  for spin=1 K-point=15
      1       -49.2005      0.0625000
      2       -49.1976      0.0625000
      3       -49.1958      0.0625000
      4       -49.1949      0.0625000
      5       -18.9484      0.0625000
      6       -18.9161      0.0625000
      7       -18.9080      0.0625000
      8       -18.9007      0.0625000
      9       -18.8157      0.0625000
     10       -18.7750      0.0625000
     11       -18.7533      0.0625000
     12       -18.7159      0.0625000
     13       -18.6626      0.0625000
     14       -18.6436      0.0625000
     15       -18.6358      0.0625000
     16       -18.6301      0.0625000
     17       -6.24642      0.0625000
     18       -5.91721      0.0625000
     19       -5.87273      0.0625000
     20       -5.68177      0.0625000
     21       -5.55205      0.0625000
     22       -5.42021      0.0625000
     23       -5.26439      0.0625000
     24       -5.21595      0.0625000
     25        6.03834      0.0625000
     26        6.33766      0.0625000
     27        6.40491      0.0625000
     28        6.58805      0.0625000
     29        6.62003      0.0625000
     30        6.91094      0.0625000
     31        6.92908      0.0625000
     32        7.23513      0.0625000
     33        7.29085      0.0625000
     34        7.80364      0.0625000
     35        7.89363      0.0625000
     36        8.24607      0.0625000
     37        8.56256      0.0625000
     38        8.76201      0.0625000
     39        8.85290      0.0625000
     40        8.98285      0.0625000
     41        9.02372      0.0625000
     42        9.32802      0.0625000
     43        9.35061      0.0625000
     44        9.50660      0.0625000
     45        10.0185      0.0625000
     46        10.0709      0.0625000
     47        10.3941      0.0625000
     48        10.4333      0.0625000
     49        15.5745        0.00000
     50        15.6468        0.00000
     51        15.8778        0.00000
     52        16.1804        0.00000
     53        16.3395        0.00000
     54        16.9242        0.00000
     55        17.0262        0.00000
     56        17.0884        0.00000
     57        17.2484        0.00000
     58        17.2760        0.00000
 Energy (eV) & Occupations  for spin=1 K-point=16
      1       -49.1989      0.0625000
      2       -49.1987      0.0625000
      3       -49.1956      0.0625000
      4       -49.1955      0.0625000
      5       -18.9984      0.0625000
      6       -18.9983      0.0625000
      7       -18.9659      0.0625000
      8       -18.9659      0.0625000
      9       -18.7048      0.0625000
     10       -18.7048      0.0625000
     11       -18.6753      0.0625000
     12       -18.6753      0.0625000
     13       -18.6639      0.0625000
     14       -18.6638      0.0625000
     15       -18.6385      0.0625000
     16       -18.6384      0.0625000
     17       -6.19427      0.0625000
     18       -6.19418      0.0625000
     19       -6.00094      0.0625000
     20       -6.00082      0.0625000
     21       -5.24510      0.0625000
     22       -5.24507      0.0625000
     23       -5.13435      0.0625000
     24       -5.13431      0.0625000
     25        6.42224      0.0625000
     26        6.42231      0.0625000
     27        6.60975      0.0625000
     28        6.60981      0.0625000
     29        6.82370      0.0625000
     30        6.82373      0.0625000
     31        6.97056      0.0625000
     32        6.97060      0.0625000
     33        7.78776      0.0625000
     34        7.78779      0.0625000
     35        8.16765      0.0625000
     36        8.16771      0.0625000
     37        8.55348      0.0625000
     38        8.55351      0.0625000
     39        8.86268      0.0625000
     40        8.86274      0.0625000
     41        9.22811      0.0625000
     42        9.22815      0.0625000
     43        9.35917      0.0625000
     44        9.35921      0.0625000
     45        9.66292      0.0625000
     46        9.66296      0.0625000
     47        10.0299      0.0625000
     48        10.0299      0.0625000
     49        15.5924        0.00000
     50        15.5925        0.00000
     51        15.8355        0.00000
     52        15.8355        0.00000
     53        16.5561        0.00000
     54        16.5562        0.00000
     55        16.8372        0.00000
     56        16.8373        0.00000
     57        17.4422        0.00000
     58        17.4423        0.00000
 Energy (eV) & Occupations  for spin=1 K-point=17
      1       -49.2007      0.0625000
      2       -49.2006      0.0625000
      3       -49.1938      0.0625000
      4       -49.1938      0.0625000
      5       -18.9259      0.0625000
      6       -18.9259      0.0625000
      7       -18.8726      0.0625000
      8       -18.8726      0.0625000
      9       -18.8119      0.0625000
     10       -18.8119      0.0625000
     11       -18.7107      0.0625000
     12       -18.7107      0.0625000
     13       -18.6658      0.0625000
     14       -18.6658      0.0625000
     15       -18.6635      0.0625000
     16       -18.6635      0.0625000
     17       -6.31957      0.0625000
     18       -6.31942      0.0625000
     19       -5.76961      0.0625000
     20       -5.76950      0.0625000
     21       -5.35102      0.0625000
     22       -5.35096      0.0625000
     23       -5.09700      0.0625000
     24       -5.09696      0.0625000
     25        5.77417      0.0625000
     26        5.77430      0.0625000
     27        6.61369      0.0625000
     28        6.61382      0.0625000
     29        6.74430      0.0625000
     30        6.74439      0.0625000
     31        6.97797      0.0625000
     32        6.97807      0.0625000
     33        7.29286      0.0625000
     34        7.29295      0.0625000
     35        8.23427      0.0625000
     36        8.23438      0.0625000
     37        8.45098      0.0625000
     38        8.45110      0.0625000
     39        8.91351      0.0625000
     40        8.91360      0.0625000
     41        9.14961      0.0625000
     42        9.14970      0.0625000
     43        9.86873      0.0625000
     44        9.86889      0.0625000
     45        10.2735      0.0625000
     46        10.2735      0.0625000
     47        10.4954      0.0625000
     48        10.4955      0.0625000
     49        15.7059        0.00000
     50        15.7061        0.00000
     51        16.1274        0.00000
     52        16.1275        0.00000
     53        16.6766        0.00000
     54        16.6768        0.00000
     55        16.9085        0.00000
     56        16.9086        0.00000
     57        17.8613        0.00000
     58        17.8616        0.00000
 Energy (eV) & Occupations  for spin=1 K-point=18
      1       -49.1973      0.0625000
      2       -49.1972      0.0625000
      3       -49.1972      0.0625000
      4       -49.1971      0.0625000
      5       -18.8969      0.0625000
      6       -18.8969      0.0625000
      7       -18.8968      0.0625000
      8       -18.8968      0.0625000
      9       -18.7662      0.0625000
     10       -18.7662      0.0625000
     11       -18.7662      0.0625000
     12       -18.7661      0.0625000
     13       -18.6638      0.0625000
     14       -18.6638      0.0625000
     15       -18.6637      0.0625000
     16       -18.6637      0.0625000
     17       -5.96039      0.0625000
     18       -5.96031      0.0625000
     19       -5.96020      0.0625000
     20       -5.96018      0.0625000
     21       -5.33438      0.0625000
     22       -5.33431      0.0625000
     23       -5.33429      0.0625000
     24       -5.33427      0.0625000
     25        6.50896      0.0625000
     26        6.50902      0.0625000
     27        6.50905      0.0625000
     28        6.50906      0.0625000
     29        7.00960      0.0625000
     30        7.00964      0.0625000
     31        7.00972      0.0625000
     32        7.00974      0.0625000
     33        7.81438      0.0625000
     34        7.81440      0.0625000
     35        7.81453      0.0625000
     36        7.81459      0.0625000
     37        8.46576      0.0625000
     38        8.46580      0.0625000
     39        8.46591      0.0625000
     40        8.46597      0.0625000
     41        9.23602      0.0625000
     42        9.23606      0.0625000
     43        9.23609      0.0625000
     44        9.23614      0.0625000
     45        10.0144      0.0625000
     46        10.0144      0.0625000
     47        10.0144      0.0625000
     48        10.0145      0.0625000
     49        16.0761        0.00000
     50        16.0762        0.00000
     51        16.0764        0.00000
     52        16.0764        0.00000
     53        16.9906        0.00000
     54        16.9906        0.00000
     55        16.9907        0.00000
     56        16.9908        0.00000
     57        17.8509        0.00000
     58        17.8509        0.00000
 Energy (eV) & Occupations  for spin=1 K-point=19
      1       -49.1981      0.0625000
      2       -49.1981      0.0625000
      3       -49.1963      0.0625000
      4       -49.1963      0.0625000
      5       -18.9393      0.0625000
      6       -18.9393      0.0625000
      7       -18.9109      0.0625000
      8       -18.9109      0.0625000
      9       -18.7862      0.0625000
     10       -18.7862      0.0625000
     11       -18.7447      0.0625000
     12       -18.7447      0.0625000
     13       -18.6428      0.0625000
     14       -18.6428      0.0625000
     15       -18.6286      0.0625000
     16       -18.6285      0.0625000
     17       -6.08670      0.0625000
     18       -6.08654      0.0625000
     19       -5.78431      0.0625000
     20       -5.78429      0.0625000
     21       -5.48158      0.0625000
     22       -5.48145      0.0625000
     23       -5.23862      0.0625000
     24       -5.23861      0.0625000
     25        6.20968      0.0625000
     26        6.20978      0.0625000
     27        6.50269      0.0625000
     28        6.50272      0.0625000
     29        6.91990      0.0625000
     30        6.92001      0.0625000
     31        6.97502      0.0625000
     32        6.97510      0.0625000
     33        7.56957      0.0625000
     34        7.56965      0.0625000
     35        8.03599      0.0625000
     36        8.03603      0.0625000
     37        8.78807      0.0625000
     38        8.78815      0.0625000
     39        8.92471      0.0625000
     40        8.92477      0.0625000
     41        9.08488      0.0625000
     42        9.08497      0.0625000
     43        9.31684      0.0625000
     44        9.31696      0.0625000
     45        10.0406      0.0625000
     46        10.0408      0.0625000
     47        10.3933      0.0625000
     48        10.3933      0.0625000
     49        15.5492        0.00000
     50        15.5493        0.00000
     51        15.9736        0.00000
     52        15.9737        0.00000
     53        16.6710        0.00000
     54        16.6711        0.00000
     55        17.0632        0.00000
     56        17.0633        0.00000
     57        17.1957        0.00000
     58        17.1958        0.00000
 Energy (eV) & Occupations  for spin=1 K-point=20
      1       -49.1973      0.0625000
      2       -49.1972      0.0625000
      3       -49.1971      0.0625000
      4       -49.1970      0.0625000
      5       -18.9924      0.0625000
      6       -18.9924      0.0625000
      7       -18.9924      0.0625000
      8       -18.9923      0.0625000
      9       -18.6821      0.0625000
     10       -18.6821      0.0625000
     11       -18.6820      0.0625000
     12       -18.6820      0.0625000
     13       -18.6484      0.0625000
     14       -18.6484      0.0625000
     15       -18.6484      0.0625000
     16       -18.6483      0.0625000
     17       -6.11439      0.0625000
     18       -6.11429      0.0625000
     19       -6.11423      0.0625000
     20       -6.11420      0.0625000
     21       -5.17367      0.0625000
     22       -5.17364      0.0625000
     23       -5.17360      0.0625000
     24       -5.17357      0.0625000
     25        6.57435      0.0625000
     26        6.57439      0.0625000
     27        6.57442      0.0625000
     28        6.57445      0.0625000
     29        6.85198      0.0625000
     30        6.85200      0.0625000
     31        6.85205      0.0625000
     32        6.85207      0.0625000
     33        8.04511      0.0625000
     34        8.04516      0.0625000
     35        8.04518      0.0625000
     36        8.04522      0.0625000
     37        8.62058      0.0625000
     38        8.62061      0.0625000
     39        8.62072      0.0625000
     40        8.62073      0.0625000
     41        9.29504      0.0625000
     42        9.29506      0.0625000
     43        9.29511      0.0625000
     44        9.29517      0.0625000
     45        9.85777      0.0625000
     46        9.85783      0.0625000
     47        9.85786      0.0625000
     48        9.85787      0.0625000
     49        15.6466        0.00000
     50        15.6466        0.00000
     51        15.6467        0.00000
     52        15.6467        0.00000
     53        16.7072        0.00000
     54        16.7073        0.00000
     55        16.7073        0.00000
     56        16.7074        0.00000
     57        17.5186        0.00000
     58        17.5187        0.00000
 Energy (eV) & Occupations  for spin=1 K-point=21
      1       -49.2043      0.0625000
      2       -49.1969      0.0625000
      3       -49.1938      0.0625000
      4       -49.1937      0.0625000
      5       -18.9540      0.0625000
      6       -18.9166      0.0625000
      7       -18.9056      0.0625000
      8       -18.8883      0.0625000
      9       -18.7830      0.0625000
     10       -18.7670      0.0625000
     11       -18.7233      0.0625000
     12       -18.7146      0.0625000
     13       -18.6751      0.0625000
     14       -18.6686      0.0625000
     15       -18.6519      0.0625000
     16       -18.6488      0.0625000
     17       -6.64013      0.0625000
     18       -6.00768      0.0625000
     19       -5.78877      0.0625000
     20       -5.72603      0.0625000
     21       -5.41632      0.0625000
     22       -5.26360      0.0625000
     23       -5.16050      0.0625000
     24       -5.06317      0.0625000
     25        5.60657      0.0625000
     26        5.84861      0.0625000
     27        6.37175      0.0625000
     28        6.46055      0.0625000
     29        6.66282      0.0625000
     30        6.84636      0.0625000
     31        6.98356      0.0625000
     32        6.98586      0.0625000
     33        7.26754      0.0625000
     34        7.98221      0.0625000
     35        7.98430      0.0625000
     36        8.07529      0.0625000
     37        8.47993      0.0625000
     38        8.54191      0.0625000
     39        8.90402      0.0625000
     40        9.07293      0.0625000
     41        9.22357      0.0625000
     42        9.23231      0.0625000
     43        9.81607      0.0625000
     44        9.84782      0.0625000
     45        10.0812      0.0625000
     46        10.3617      0.0625000
     47        10.4767      0.0625000
     48        10.5614      0.0625000
     49        15.7662        0.00000
     50        15.7834        0.00000
     51        16.0699        0.00000
     52        16.1580        0.00000
     53        16.6701        0.00000
     54        16.7455        0.00000
     55        16.7925        0.00000
     56        16.9068        0.00000
     57        17.7487        0.00000
     58        17.7896        0.00000
 Energy (eV) & Occupations  for spin=1 K-point=22
      1       -49.1996      0.0625000
      2       -49.1995      0.0625000
      3       -49.1948      0.0625000
      4       -49.1948      0.0625000
      5       -18.9105      0.0625000
      6       -18.9105      0.0625000
      7       -18.8800      0.0625000
      8       -18.8800      0.0625000
      9       -18.8025      0.0625000
     10       -18.8025      0.0625000
     11       -18.7279      0.0625000
     12       -18.7279      0.0625000
     13       -18.6819      0.0625000
     14       -18.6819      0.0625000
     15       -18.6498      0.0625000
     16       -18.6498      0.0625000
     17       -6.13774      0.0625000
     18       -6.13766      0.0625000
     19       -5.78102      0.0625000
     20       -5.78095      0.0625000
     21       -5.33815      0.0625000
     22       -5.33811      0.0625000
     23       -5.32894      0.0625000
     24       -5.32891      0.0625000
     25        6.39059      0.0625000
     26        6.39063      0.0625000
     27        6.55361      0.0625000
     28        6.55367      0.0625000
     29        6.87578      0.0625000
     30        6.87581      0.0625000
     31        7.11636      0.0625000
     32        7.11650      0.0625000
     33        7.66377      0.0625000
     34        7.66395      0.0625000
     35        7.99008      0.0625000
     36        7.99016      0.0625000
     37        8.21057      0.0625000
     38        8.21071      0.0625000
     39        8.74627      0.0625000
     40        8.74639      0.0625000
     41        9.22639      0.0625000
     42        9.22643      0.0625000
     43        9.34245      0.0625000
     44        9.34248      0.0625000
     45        9.85382      0.0625000
     46        9.85390      0.0625000
     47        10.1878      0.0625000
     48        10.1879      0.0625000
     49        16.0073        0.00000
     50        16.0074        0.00000
     51        16.1898        0.00000
     52        16.1899        0.00000
     53        16.9266        0.00000
     54        16.9267        0.00000
     55        17.0041        0.00000
     56        17.0042        0.00000
     57        17.6730        0.00000
     58        17.6731        0.00000
 Energy (eV) & Occupations  for spin=1 K-point=23
      1       -49.2005      0.0625000
      2       -49.1976      0.0625000
      3       -49.1958      0.0625000
      4       -49.1949      0.0625000
      5       -18.9484      0.0625000
      6       -18.9161      0.0625000
      7       -18.9080      0.0625000
      8       -18.9007      0.0625000
      9       -18.8157      0.0625000
     10       -18.7750      0.0625000
     11       -18.7533      0.0625000
     12       -18.7159      0.0625000
     13       -18.6626      0.0625000
     14       -18.6436      0.0625000
     15       -18.6358      0.0625000
     16       -18.6301      0.0625000
     17       -6.24642      0.0625000
     18       -5.91721      0.0625000
     19       -5.87273      0.0625000
     20       -5.68177      0.0625000
     21       -5.55205      0.0625000
     22       -5.42021      0.0625000
     23       -5.26439      0.0625000
     24       -5.21595      0.0625000
     25        6.03834      0.0625000
     26        6.33766      0.0625000
     27        6.40491      0.0625000
     28        6.58805      0.0625000
     29        6.62003      0.0625000
     30        6.91094      0.0625000
     31        6.92908      0.0625000
     32        7.23513      0.0625000
     33        7.29085      0.0625000
     34        7.80364      0.0625000
     35        7.89363      0.0625000
     36        8.24607      0.0625000
     37        8.56256      0.0625000
     38        8.76201      0.0625000
     39        8.85290      0.0625000
     40        8.98285      0.0625000
     41        9.02372      0.0625000
     42        9.32802      0.0625000
     43        9.35061      0.0625000
     44        9.50660      0.0625000
     45        10.0185      0.0625000
     46        10.0709      0.0625000
     47        10.3941      0.0625000
     48        10.4333      0.0625000
     49        15.5745        0.00000
     50        15.6468        0.00000
     51        15.8778        0.00000
     52        16.1804        0.00000
     53        16.3395        0.00000
     54        16.9242        0.00000
     55        17.0262        0.00000
     56        17.0884        0.00000
     57        17.2484        0.00000
     58        17.2760        0.00000
 Energy (eV) & Occupations  for spin=1 K-point=24
      1       -49.1989      0.0625000
      2       -49.1987      0.0625000
      3       -49.1956      0.0625000
      4       -49.1955      0.0625000
      5       -18.9984      0.0625000
      6       -18.9983      0.0625000
      7       -18.9659      0.0625000
      8       -18.9659      0.0625000
      9       -18.7048      0.0625000
     10       -18.7048      0.0625000
     11       -18.6753      0.0625000
     12       -18.6753      0.0625000
     13       -18.6639      0.0625000
     14       -18.6638      0.0625000
     15       -18.6385      0.0625000
     16       -18.6384      0.0625000
     17       -6.19427      0.0625000
     18       -6.19418      0.0625000
     19       -6.00094      0.0625000
     20       -6.00082      0.0625000
     21       -5.24510      0.0625000
     22       -5.24507      0.0625000
     23       -5.13435      0.0625000
     24       -5.13431      0.0625000
     25        6.42224      0.0625000
     26        6.42231      0.0625000
     27        6.60975      0.0625000
     28        6.60981      0.0625000
     29        6.82370      0.0625000
     30        6.82373      0.0625000
     31        6.97056      0.0625000
     32        6.97060      0.0625000
     33        7.78776      0.0625000
     34        7.78779      0.0625000
     35        8.16765      0.0625000
     36        8.16771      0.0625000
     37        8.55348      0.0625000
     38        8.55351      0.0625000
     39        8.86268      0.0625000
     40        8.86274      0.0625000
     41        9.22811      0.0625000
     42        9.22815      0.0625000
     43        9.35917      0.0625000
     44        9.35921      0.0625000
     45        9.66292      0.0625000
     46        9.66296      0.0625000
     47        10.0299      0.0625000
     48        10.0299      0.0625000
     49        15.5924        0.00000
     50        15.5925        0.00000
     51        15.8355        0.00000
     52        15.8355        0.00000
     53        16.5561        0.00000
     54        16.5562        0.00000
     55        16.8372        0.00000
     56        16.8373        0.00000
     57        17.4422        0.00000
     58        17.4423        0.00000
 Energy (eV) & Occupations  for spin=1 K-point=25
      1       -49.2075      0.0625000
      2       -49.1938      0.0625000
      3       -49.1938      0.0625000
      4       -49.1937      0.0625000
      5       -18.9720      0.0625000
      6       -18.9717      0.0625000
      7       -18.9480      0.0625000
      8       -18.8455      0.0625000
      9       -18.7427      0.0625000
     10       -18.7394      0.0625000
     11       -18.7332      0.0625000
     12       -18.7273      0.0625000
     13       -18.6841      0.0625000
     14       -18.6518      0.0625000
     15       -18.6406      0.0625000
     16       -18.6314      0.0625000
     17       -6.90877      0.0625000
     18       -5.80697      0.0625000
     19       -5.78381      0.0625000
     20       -5.66781      0.0625000
     21       -5.39477      0.0625000
     22       -5.24008      0.0625000
     23       -5.18436      0.0625000
     24       -5.06009      0.0625000
     25        5.56780      0.0625000
     26        5.63438      0.0625000
     27        5.94705      0.0625000
     28        6.29035      0.0625000
     29        6.44609      0.0625000
     30        7.04372      0.0625000
     31        7.10368      0.0625000
     32        7.22798      0.0625000
     33        7.47925      0.0625000
     34        7.89222      0.0625000
     35        7.97528      0.0625000
     36        8.27380      0.0625000
     37        8.32885      0.0625000
     38        8.79956      0.0625000
     39        9.20254      0.0625000
     40        9.21801      0.0625000
     41        9.23221      0.0625000
     42        9.38224      0.0625000
     43        9.73269      0.0625000
     44        9.79194      0.0625000
     45        9.81447      0.0625000
     46        10.4077      0.0625000
     47        10.5073      0.0625000
     48        10.6269      0.0625000
     49        15.8822        0.00000
     50        16.0066        0.00000
     51        16.0136        0.00000
     52        16.2015        0.00000
     53        16.6406        0.00000
     54        16.6743        0.00000
     55        16.8265        0.00000
     56        16.8315        0.00000
     57        17.3361        0.00000
     58        17.5683        0.00000
 Energy (eV) & Occupations  for spin=1 K-point=26
      1       -49.2017      0.0625000
      2       -49.2016      0.0625000
      3       -49.1928      0.0625000
      4       -49.1927      0.0625000
      5       -18.9171      0.0625000
      6       -18.9171      0.0625000
      7       -18.8721      0.0625000
      8       -18.8721      0.0625000
      9       -18.8243      0.0625000
     10       -18.8243      0.0625000
     11       -18.7078      0.0625000
     12       -18.7078      0.0625000
     13       -18.6855      0.0625000
     14       -18.6854      0.0625000
     15       -18.6434      0.0625000
     16       -18.6434      0.0625000
     17       -6.28575      0.0625000
     18       -6.28567      0.0625000
     19       -5.63113      0.0625000
     20       -5.63105      0.0625000
     21       -5.34236      0.0625000
     22       -5.34232      0.0625000
     23       -5.31827      0.0625000
     24       -5.31825      0.0625000
     25        6.26555      0.0625000
     26        6.26558      0.0625000
     27        6.46504      0.0625000
     28        6.46510      0.0625000
     29        6.83160      0.0625000
     30        6.83164      0.0625000
     31        7.08061      0.0625000
     32        7.08075      0.0625000
     33        7.56321      0.0625000
     34        7.56337      0.0625000
     35        8.07039      0.0625000
     36        8.07055      0.0625000
     37        8.31664      0.0625000
     38        8.31667      0.0625000
     39        8.75654      0.0625000
     40        8.75667      0.0625000
     41        9.23586      0.0625000
     42        9.23589      0.0625000
     43        9.54250      0.0625000
     44        9.54254      0.0625000
     45        9.89064      0.0625000
     46        9.89071      0.0625000
     47        10.2809      0.0625000
     48        10.2810      0.0625000
     49        15.9953        0.00000
     50        15.9953        0.00000
     51        16.3051        0.00000
     52        16.3053        0.00000
     53        16.8154        0.00000
     54        16.8154        0.00000
     55        17.0122        0.00000
     56        17.0122        0.00000
     57        17.5306        0.00000
     58        17.5306        0.00000
 Energy (eV) & Occupations  for spin=1 K-point=27
      1       -49.2025      0.0625000
      2       -49.1988      0.0625000
      3       -49.1939      0.0625000
      4       -49.1937      0.0625000
      5       -18.9436      0.0625000
      6       -18.8909      0.0625000
      7       -18.8903      0.0625000
      8       -18.8833      0.0625000
      9       -18.8264      0.0625000
     10       -18.8010      0.0625000
     11       -18.7261      0.0625000
     12       -18.7076      0.0625000
     13       -18.6757      0.0625000
     14       -18.6703      0.0625000
     15       -18.6477      0.0625000
     16       -18.6427      0.0625000
     17       -6.37645      0.0625000
     18       -5.93813      0.0625000
     19       -5.76142      0.0625000
     20       -5.61800      0.0625000
     21       -5.57858      0.0625000
     22       -5.38028      0.0625000
     23       -5.28673      0.0625000
     24       -5.20346      0.0625000
     25        5.89628      0.0625000
     26        6.14752      0.0625000
     27        6.40995      0.0625000
     28        6.46963      0.0625000
     29        6.69318      0.0625000
     30        6.81242      0.0625000
     31        6.88801      0.0625000
     32        7.01103      0.0625000
     33        7.47264      0.0625000
     34        7.62156      0.0625000
     35        8.15797      0.0625000
     36        8.27059      0.0625000
     37        8.36157      0.0625000
     38        8.63723      0.0625000
     39        8.91861      0.0625000
     40        9.04741      0.0625000
     41        9.14517      0.0625000
     42        9.31286      0.0625000
     43        9.61097      0.0625000
     44        9.75544      0.0625000
     45        10.0526      0.0625000
     46        10.1209      0.0625000
     47        10.4422      0.0625000
     48        10.4816      0.0625000
     49        15.7319        0.00000
     50        15.7364        0.00000
     51        15.8949        0.00000
     52        16.1449        0.00000
     53        16.3949        0.00000
     54        16.9837        0.00000
     55        17.0811        0.00000
     56        17.1262        0.00000
     57        17.3869        0.00000
     58        17.4123        0.00000
 Energy (eV) & Occupations  for spin=1 K-point=28
      1       -49.2002      0.0625000
      2       -49.2001      0.0625000
      3       -49.1943      0.0625000
      4       -49.1941      0.0625000
      5       -18.9830      0.0625000
      6       -18.9830      0.0625000
      7       -18.9246      0.0625000
      8       -18.9246      0.0625000
      9       -18.7463      0.0625000
     10       -18.7463      0.0625000
     11       -18.6924      0.0625000
     12       -18.6923      0.0625000
     13       -18.6605      0.0625000
     14       -18.6605      0.0625000
     15       -18.6421      0.0625000
     16       -18.6420      0.0625000
     17       -6.23729      0.0625000
     18       -6.23721      0.0625000
     19       -5.87213      0.0625000
     20       -5.87200      0.0625000
     21       -5.32394      0.0625000
     22       -5.32391      0.0625000
     23       -5.13844      0.0625000
     24       -5.13839      0.0625000
     25        6.29110      0.0625000
     26        6.29117      0.0625000
     27        6.48127      0.0625000
     28        6.48134      0.0625000
     29        6.76744      0.0625000
     30        6.76748      0.0625000
     31        7.22484      0.0625000
     32        7.22487      0.0625000
     33        7.74818      0.0625000
     34        7.74821      0.0625000
     35        7.97410      0.0625000
     36        7.97418      0.0625000
     37        8.57526      0.0625000
     38        8.57530      0.0625000
     39        8.89698      0.0625000
     40        8.89702      0.0625000
     41        9.31528      0.0625000
     42        9.31535      0.0625000
     43        9.37548      0.0625000
     44        9.37552      0.0625000
     45        9.66647      0.0625000
     46        9.66654      0.0625000
     47        10.1407      0.0625000
     48        10.1407      0.0625000
     49        15.6857        0.00000
     50        15.6858        0.00000
     51        16.0446        0.00000
     52        16.0447        0.00000
     53        16.4285        0.00000
     54        16.4286        0.00000
     55        16.9452        0.00000
     56        16.9453        0.00000
     57        17.4712        0.00000
     58        17.4713        0.00000
 Energy (eV) & Occupations  for spin=1 K-point=29
      1       -49.2095      0.0625000
      2       -49.1938      0.0625000
      3       -49.1937      0.0625000
      4       -49.1917      0.0625000
      5       -19.0096      0.0625000
      6       -18.9804      0.0625000
      7       -18.9770      0.0625000
      8       -18.8057      0.0625000
      9       -18.7592      0.0625000
     10       -18.7351      0.0625000
     11       -18.7275      0.0625000
     12       -18.7087      0.0625000
     13       -18.7020      0.0625000
     14       -18.6327      0.0625000
     15       -18.6212      0.0625000
     16       -18.6192      0.0625000
     17       -7.08590      0.0625000
     18       -5.76520      0.0625000
     19       -5.76315      0.0625000
     20       -5.61427      0.0625000
     21       -5.31026      0.0625000
     22       -5.28166      0.0625000
     23       -5.13011      0.0625000
     24       -5.07549      0.0625000
     25        5.43770      0.0625000
     26        5.57261      0.0625000
     27        5.67864      0.0625000
     28        6.20796      0.0625000
     29        6.35182      0.0625000
     30        6.64789      0.0625000
     31        7.42445      0.0625000
     32        7.54573      0.0625000
     33        7.59054      0.0625000
     34        7.92730      0.0625000
     35        8.11290      0.0625000
     36        8.30441      0.0625000
     37        8.40731      0.0625000
     38        8.86042      0.0625000
     39        9.17940      0.0625000
     40        9.18253      0.0625000
     41        9.46837      0.0625000
     42        9.49206      0.0625000
     43        9.49283      0.0625000
     44        9.68756      0.0625000
     45        9.94334      0.0625000
     46        10.4749      0.0625000
     47        10.5468      0.0625000
     48        10.6742      0.0625000
     49        15.9382        0.00000
     50        15.9998        0.00000
     51        16.2475        0.00000
     52        16.2782        0.00000
     53        16.5636        0.00000
     54        16.5715        0.00000
     55        16.8609        0.00000
     56        16.8687        0.00000
     57        16.8713        0.00000
     58        17.4036        0.00000
 Energy (eV) & Occupations  for spin=1 K-point=30
      1       -49.2030      0.0625000
      2       -49.2029      0.0625000
      3       -49.1914      0.0625000
      4       -49.1914      0.0625000
      5       -18.9179      0.0625000
      6       -18.9178      0.0625000
      7       -18.8800      0.0625000
      8       -18.8799      0.0625000
      9       -18.8270      0.0625000
     10       -18.8269      0.0625000
     11       -18.7143      0.0625000
     12       -18.7142      0.0625000
     13       -18.6643      0.0625000
     14       -18.6643      0.0625000
     15       -18.6444      0.0625000
     16       -18.6444      0.0625000
     17       -6.38339      0.0625000
     18       -6.38332      0.0625000
     19       -5.53741      0.0625000
     20       -5.53733      0.0625000
     21       -5.34682      0.0625000
     22       -5.34679      0.0625000
     23       -5.30106      0.0625000
     24       -5.30105      0.0625000
     25        6.16762      0.0625000
     26        6.16765      0.0625000
     27        6.34963      0.0625000
     28        6.34967      0.0625000
     29        6.81072      0.0625000
     30        6.81076      0.0625000
     31        7.02792      0.0625000
     32        7.02802      0.0625000
     33        7.50696      0.0625000
     34        7.50706      0.0625000
     35        8.08963      0.0625000
     36        8.08979      0.0625000
     37        8.51416      0.0625000
     38        8.51423      0.0625000
     39        8.75709      0.0625000
     40        8.75718      0.0625000
     41        9.18316      0.0625000
     42        9.18319      0.0625000
     43        9.66078      0.0625000
     44        9.66083      0.0625000
     45        10.0286      0.0625000
     46        10.0287      0.0625000
     47        10.3438      0.0625000
     48        10.3439      0.0625000
     49        16.0133        0.00000
     50        16.0134        0.00000
     51        16.3963        0.00000
     52        16.3964        0.00000
     53        16.6839        0.00000
     54        16.6840        0.00000
     55        17.0807        0.00000
     56        17.0807        0.00000
     57        17.4656        0.00000
     58        17.4657        0.00000
 Energy (eV) & Occupations  for spin=1 K-point=31
      1       -49.2039      0.0625000
      2       -49.1995      0.0625000
      3       -49.1930      0.0625000
      4       -49.1924      0.0625000
      5       -18.9311      0.0625000
      6       -18.8943      0.0625000
      7       -18.8661      0.0625000
      8       -18.8508      0.0625000
      9       -18.8187      0.0625000
     10       -18.8076      0.0625000
     11       -18.7316      0.0625000
     12       -18.7206      0.0625000
     13       -18.6890      0.0625000
     14       -18.6746      0.0625000
     15       -18.6641      0.0625000
     16       -18.6575      0.0625000
     17       -6.46103      0.0625000
     18       -5.97693      0.0625000
     19       -5.66534      0.0625000
     20       -5.64577      0.0625000
     21       -5.49142      0.0625000
     22       -5.36930      0.0625000
     23       -5.30140      0.0625000
     24       -5.20338      0.0625000
     25        5.82103      0.0625000
     26        5.90331      0.0625000
     27        6.43541      0.0625000
     28        6.48126      0.0625000
     29        6.62286      0.0625000
     30        6.80265      0.0625000
     31        6.80437      0.0625000
     32        6.89541      0.0625000
     33        7.50589      0.0625000
     34        7.50890      0.0625000
     35        8.20800      0.0625000
     36        8.27944      0.0625000
     37        8.33749      0.0625000
     38        8.58057      0.0625000
     39        9.02299      0.0625000
     40        9.08222      0.0625000
     41        9.25793      0.0625000
     42        9.40418      0.0625000
     43        9.74692      0.0625000
     44        9.76147      0.0625000
     45        10.1674      0.0625000
     46        10.2441      0.0625000
     47        10.5070      0.0625000
     48        10.5178      0.0625000
     49        15.6383        0.00000
     50        15.9467        0.00000
     51        15.9635        0.00000
     52        16.2935        0.00000
     53        16.5016        0.00000
     54        16.8947        0.00000
     55        17.0923        0.00000
     56        17.3209        0.00000
     57        17.4945        0.00000
     58        17.5451        0.00000
 Energy (eV) & Occupations  for spin=1 K-point=32
      1       -49.2012      0.0625000
      2       -49.2010      0.0625000
      3       -49.1933      0.0625000
      4       -49.1932      0.0625000
      5       -18.9517      0.0625000
      6       -18.9517      0.0625000
      7       -18.8810      0.0625000
      8       -18.8810      0.0625000
      9       -18.7980      0.0625000
     10       -18.7979      0.0625000
     11       -18.7035      0.0625000
     12       -18.7034      0.0625000
     13       -18.6768      0.0625000
     14       -18.6767      0.0625000
     15       -18.6402      0.0625000
     16       -18.6402      0.0625000
     17       -6.25236      0.0625000
     18       -6.25228      0.0625000
     19       -5.76396      0.0625000
     20       -5.76387      0.0625000
     21       -5.37632      0.0625000
     22       -5.37627      0.0625000
     23       -5.17661      0.0625000
     24       -5.17658      0.0625000
     25        6.19408      0.0625000
     26        6.19415      0.0625000
     27        6.34048      0.0625000
     28        6.34055      0.0625000
     29        6.74579      0.0625000
     30        6.74582      0.0625000
     31        7.48062      0.0625000
     32        7.48066      0.0625000
     33        7.74963      0.0625000
     34        7.74967      0.0625000
     35        7.95124      0.0625000
     36        7.95127      0.0625000
     37        8.41249      0.0625000
     38        8.41255      0.0625000
     39        8.64443      0.0625000
     40        8.64448      0.0625000
     41        9.32580      0.0625000
     42        9.32585      0.0625000
     43        9.53450      0.0625000
     44        9.53453      0.0625000
     45        9.86295      0.0625000
     46        9.86302      0.0625000
     47        10.2064      0.0625000
     48        10.2065      0.0625000
     49        15.8405        0.00000
     50        15.8406        0.00000
     51        16.0961        0.00000
     52        16.0962        0.00000
     53        16.4754        0.00000
     54        16.4754        0.00000
     55        16.9708        0.00000
     56        16.9709        0.00000
     57        17.5395        0.00000
     58        17.5396        0.00000

 Density error is 0.00000000000
----------------------------------------------------------
     Energy           Rydberg                 eV          
----------------------------------------------------------
 E_KohnSham     -719.0487485899      -9783.1601205926     
 E_KS(sigma->0) -719.0487485899      -9783.1601205926     
 E_Harris       -719.0487485899      -9783.1601205926     
 E_band         -39.6753875387       -539.8113408848      
 E_one_elec     -131.4614551783      -1788.6248577959     
 E_Hartree      120.4723304027       1639.1101448160      
 E_xc           -182.3690795431      -2481.2586208017     
 E_Ewald        -525.6905442713      -7152.3867868111     
 E_entropy(-TS) -0.0000000000        -0.0000000000        
 E_descf        0.0000000000         0.0000000000         
 E_exx          0.0000000000         0.0000000000         
 E_Fermi        1.0309462943         14.0267439345        
----------------------------------------------------------


 charge density convergence is achieved
 final etot is -9783.1601206 eV
 EFERMI = 14.026743934 eV

 STATE ENERGY(eV) AND OCCUPATIONS    NSPIN == 1
 1/32 kpoint (Cartesian) = 0.0000 0.0000 0.0000 (490 pws)
       1       -49.2102      0.0625000
       2       -49.1938      0.0625000
       3       -49.1937      0.0625000
       4       -49.1910      0.0625000
       5       -19.0227      0.0625000
       6       -18.9872      0.0625000
       7       -18.9829      0.0625000
       8       -18.7872      0.0625000
       9       -18.7657      0.0625000
      10       -18.7297      0.0625000
      11       -18.7277      0.0625000
      12       -18.7208      0.0625000
      13       -18.6979      0.0625000
      14       -18.6298      0.0625000
      15       -18.6148      0.0625000
      16       -18.6080      0.0625000
      17       -7.14765      0.0625000
      18       -5.76383      0.0625000
      19       -5.75425      0.0625000
      20       -5.59159      0.0625000
      21       -5.33956      0.0625000
      22       -5.22405      0.0625000
      23       -5.11085      0.0625000
      24       -5.08544      0.0625000
      25        5.36643      0.0625000
      26        5.44124      0.0625000
      27        5.80264      0.0625000
      28        6.17621      0.0625000
      29        6.32164      0.0625000
      30        6.40200      0.0625000
      31        7.50420      0.0625000
      32        7.58669      0.0625000
      33        7.78642      0.0625000
      34        7.91475      0.0625000
      35        8.21249      0.0625000
      36        8.41090      0.0625000
      37        8.43095      0.0625000
      38        8.87458      0.0625000
      39        9.05671      0.0625000
      40        9.14621      0.0625000
      41        9.28937      0.0625000
      42        9.52980      0.0625000
      43        9.54634      0.0625000
      44        9.67691      0.0625000
      45        10.0920      0.0625000
      46        10.5125      0.0625000
      47        10.5637      0.0625000
      48        10.6985      0.0625000
      49        15.9351        0.00000
      50        16.0154        0.00000
      51        16.3180        0.00000
      52        16.3258        0.00000
      53        16.4002        0.00000
      54        16.5744        0.00000
      55        16.7703        0.00000
      56        16.8571        0.00000
      57        17.0819        0.00000
      58        17.3379        0.00000

 2/32 kpoint (Cartesian) = 0.092907 -5.6661e-08 -8.5193e-07 (500 pws)
       1       -49.2035      0.0625000
       2       -49.2034      0.0625000
       3       -49.1910      0.0625000
       4       -49.1909      0.0625000
       5       -18.9172      0.0625000
       6       -18.9172      0.0625000
       7       -18.8850      0.0625000
       8       -18.8850      0.0625000
       9       -18.8267      0.0625000
      10       -18.8266      0.0625000
      11       -18.7161      0.0625000
      12       -18.7160      0.0625000
      13       -18.6517      0.0625000
      14       -18.6516      0.0625000
      15       -18.6501      0.0625000
      16       -18.6501      0.0625000
      17       -6.41746      0.0625000
      18       -6.41739      0.0625000
      19       -5.50753      0.0625000
      20       -5.50744      0.0625000
      21       -5.34893      0.0625000
      22       -5.34889      0.0625000
      23       -5.29079      0.0625000
      24       -5.29079      0.0625000
      25        6.12644      0.0625000
      26        6.12651      0.0625000
      27        6.30731      0.0625000
      28        6.30736      0.0625000
      29        6.79170      0.0625000
      30        6.79173      0.0625000
      31        7.01775      0.0625000
      32        7.01783      0.0625000
      33        7.50481      0.0625000
      34        7.50482      0.0625000
      35        8.04552      0.0625000
      36        8.04565      0.0625000
      37        8.62317      0.0625000
      38        8.62318      0.0625000
      39        8.80678      0.0625000
      40        8.80686      0.0625000
      41        9.11376      0.0625000
      42        9.11382      0.0625000
      43        9.75086      0.0625000
      44        9.75092      0.0625000
      45        10.0006      0.0625000
      46        10.0006      0.0625000
      47        10.4089      0.0625000
      48        10.4090      0.0625000
      49        16.0276        0.00000
      50        16.0277        0.00000
      51        16.4314        0.00000
      52        16.4315        0.00000
      53        16.6273        0.00000
      54        16.6274        0.00000
      55        17.1350        0.00000
      56        17.1351        0.00000
      57        17.4554        0.00000
      58        17.4554        0.00000

 3/32 kpoint (Cartesian) = -5.7396e-08 0.099111 9.2960e-07 (502 pws)
       1       -49.2043      0.0625000
       2       -49.1998      0.0625000
       3       -49.1928      0.0625000
       4       -49.1919      0.0625000
       5       -18.9239      0.0625000
       6       -18.8982      0.0625000
       7       -18.8518      0.0625000
       8       -18.8346      0.0625000
       9       -18.8264      0.0625000
      10       -18.7915      0.0625000
      11       -18.7443      0.0625000
      12       -18.7319      0.0625000
      13       -18.6910      0.0625000
      14       -18.6879      0.0625000
      15       -18.6660      0.0625000
      16       -18.6586      0.0625000
      17       -6.49034      0.0625000
      18       -5.98957      0.0625000
      19       -5.68266      0.0625000
      20       -5.60118      0.0625000
      21       -5.44919      0.0625000
      22       -5.37644      0.0625000
      23       -5.30646      0.0625000
      24       -5.20656      0.0625000
      25        5.80142      0.0625000
      26        5.81364      0.0625000
      27        6.42673      0.0625000
      28        6.53769      0.0625000
      29        6.54638      0.0625000
      30        6.73038      0.0625000
      31        6.84365      0.0625000
      32        6.86026      0.0625000
      33        7.46599      0.0625000
      34        7.48895      0.0625000
      35        8.18762      0.0625000
      36        8.26412      0.0625000
      37        8.40221      0.0625000
      38        8.56653      0.0625000
      39        9.07716      0.0625000
      40        9.09980      0.0625000
      41        9.22965      0.0625000
      42        9.55645      0.0625000
      43        9.69571      0.0625000
      44        9.77900      0.0625000
      45        10.1851      0.0625000
      46        10.3405      0.0625000
      47        10.5120      0.0625000
      48        10.5569      0.0625000
      49        15.5783        0.00000
      50        16.0005        0.00000
      51        16.0614        0.00000
      52        16.4409        0.00000
      53        16.5250        0.00000
      54        16.8222        0.00000
      55        17.1013        0.00000
      56        17.3472        0.00000
      57        17.4139        0.00000
      58        17.5341        0.00000

 4/32 kpoint (Cartesian) = 0.092907 0.099111 7.7670e-08 (502 pws)
       1       -49.2015      0.0625000
       2       -49.2013      0.0625000
       3       -49.1930      0.0625000
       4       -49.1928      0.0625000
       5       -18.9288      0.0625000
       6       -18.9288      0.0625000
       7       -18.8605      0.0625000
       8       -18.8604      0.0625000
       9       -18.8274      0.0625000
      10       -18.8273      0.0625000
      11       -18.7090      0.0625000
      12       -18.7089      0.0625000
      13       -18.6882      0.0625000
      14       -18.6882      0.0625000
      15       -18.6383      0.0625000
      16       -18.6383      0.0625000
      17       -6.25471      0.0625000
      18       -6.25463      0.0625000
      19       -5.72201      0.0625000
      20       -5.72198      0.0625000
      21       -5.38726      0.0625000
      22       -5.38718      0.0625000
      23       -5.20433      0.0625000
      24       -5.20430      0.0625000
      25        6.14950      0.0625000
      26        6.14956      0.0625000
      27        6.29337      0.0625000
      28        6.29344      0.0625000
      29        6.74730      0.0625000
      30        6.74733      0.0625000
      31        7.55775      0.0625000
      32        7.55780      0.0625000
      33        7.74860      0.0625000
      34        7.74869      0.0625000
      35        8.13355      0.0625000
      36        8.13362      0.0625000
      37        8.25566      0.0625000
      38        8.25570      0.0625000
      39        8.43812      0.0625000
      40        8.43816      0.0625000
      41        9.34455      0.0625000
      42        9.34458      0.0625000
      43        9.59191      0.0625000
      44        9.59195      0.0625000
      45        9.95115      0.0625000
      46        9.95121      0.0625000
      47        10.2368      0.0625000
      48        10.2368      0.0625000
      49        15.9234        0.00000
      50        15.9236        0.00000
      51        16.0675        0.00000
      52        16.0675        0.00000
      53        16.5672        0.00000
      54        16.5673        0.00000
      55        16.9334        0.00000
      56        16.9334        0.00000
      57        17.5762        0.00000
      58        17.5763        0.00000

 5/32 kpoint (Cartesian) = -2.1275e-07 2.3277e-07 0.024492 (495 pws)
       1       -49.2095      0.0625000
       2       -49.1938      0.0625000
       3       -49.1937      0.0625000
       4       -49.1917      0.0625000
       5       -19.0096      0.0625000
       6       -18.9804      0.0625000
       7       -18.9770      0.0625000
       8       -18.8057      0.0625000
       9       -18.7592      0.0625000
      10       -18.7351      0.0625000
      11       -18.7275      0.0625000
      12       -18.7087      0.0625000
      13       -18.7020      0.0625000
      14       -18.6327      0.0625000
      15       -18.6212      0.0625000
      16       -18.6192      0.0625000
      17       -7.08590      0.0625000
      18       -5.76520      0.0625000
      19       -5.76315      0.0625000
      20       -5.61427      0.0625000
      21       -5.31026      0.0625000
      22       -5.28166      0.0625000
      23       -5.13011      0.0625000
      24       -5.07549      0.0625000
      25        5.43770      0.0625000
      26        5.57261      0.0625000
      27        5.67864      0.0625000
      28        6.20796      0.0625000
      29        6.35182      0.0625000
      30        6.64789      0.0625000
      31        7.42445      0.0625000
      32        7.54573      0.0625000
      33        7.59054      0.0625000
      34        7.92730      0.0625000
      35        8.11290      0.0625000
      36        8.30441      0.0625000
      37        8.40731      0.0625000
      38        8.86042      0.0625000
      39        9.17940      0.0625000
      40        9.18253      0.0625000
      41        9.46837      0.0625000
      42        9.49206      0.0625000
      43        9.49283      0.0625000
      44        9.68756      0.0625000
      45        9.94334      0.0625000
      46        10.4749      0.0625000
      47        10.5468      0.0625000
      48        10.6742      0.0625000
      49        15.9382        0.00000
      50        15.9998        0.00000
      51        16.2475        0.00000
      52        16.2782        0.00000
      53        16.5636        0.00000
      54        16.5715        0.00000
      55        16.8609        0.00000
      56        16.8687        0.00000
      57        16.8713        0.00000
      58        17.4036        0.00000

 6/32 kpoint (Cartesian) = 0.092907 1.7611e-07 0.024491 (500 pws)
       1       -49.2030      0.0625000
       2       -49.2029      0.0625000
       3       -49.1914      0.0625000
       4       -49.1914      0.0625000
       5       -18.9179      0.0625000
       6       -18.9178      0.0625000
       7       -18.8800      0.0625000
       8       -18.8799      0.0625000
       9       -18.8270      0.0625000
      10       -18.8269      0.0625000
      11       -18.7143      0.0625000
      12       -18.7142      0.0625000
      13       -18.6643      0.0625000
      14       -18.6643      0.0625000
      15       -18.6444      0.0625000
      16       -18.6444      0.0625000
      17       -6.38339      0.0625000
      18       -6.38332      0.0625000
      19       -5.53741      0.0625000
      20       -5.53733      0.0625000
      21       -5.34682      0.0625000
      22       -5.34679      0.0625000
      23       -5.30106      0.0625000
      24       -5.30105      0.0625000
      25        6.16762      0.0625000
      26        6.16765      0.0625000
      27        6.34963      0.0625000
      28        6.34967      0.0625000
      29        6.81072      0.0625000
      30        6.81076      0.0625000
      31        7.02792      0.0625000
      32        7.02802      0.0625000
      33        7.50696      0.0625000
      34        7.50706      0.0625000
      35        8.08963      0.0625000
      36        8.08979      0.0625000
      37        8.51416      0.0625000
      38        8.51423      0.0625000
      39        8.75709      0.0625000
      40        8.75718      0.0625000
      41        9.18316      0.0625000
      42        9.18319      0.0625000
      43        9.66078      0.0625000
      44        9.66083      0.0625000
      45        10.0286      0.0625000
      46        10.0287      0.0625000
      47        10.3438      0.0625000
      48        10.3439      0.0625000
      49        16.0133        0.00000
      50        16.0134        0.00000
      51        16.3963        0.00000
      52        16.3964        0.00000
      53        16.6839        0.00000
      54        16.6840        0.00000
      55        17.0807        0.00000
      56        17.0807        0.00000
      57        17.4656        0.00000
      58        17.4657        0.00000

 7/32 kpoint (Cartesian) = -2.7014e-07 0.099111 0.024493 (500 pws)
       1       -49.2039      0.0625000
       2       -49.1995      0.0625000
       3       -49.1930      0.0625000
       4       -49.1924      0.0625000
       5       -18.9311      0.0625000
       6       -18.8943      0.0625000
       7       -18.8661      0.0625000
       8       -18.8508      0.0625000
       9       -18.8187      0.0625000
      10       -18.8076      0.0625000
      11       -18.7316      0.0625000
      12       -18.7206      0.0625000
      13       -18.6890      0.0625000
      14       -18.6746      0.0625000
      15       -18.6641      0.0625000
      16       -18.6575      0.0625000
      17       -6.46103      0.0625000
      18       -5.97693      0.0625000
      19       -5.66534      0.0625000
      20       -5.64577      0.0625000
      21       -5.49142      0.0625000
      22       -5.36930      0.0625000
      23       -5.30140      0.0625000
      24       -5.20338      0.0625000
      25        5.82103      0.0625000
      26        5.90331      0.0625000
      27        6.43541      0.0625000
      28        6.48126      0.0625000
      29        6.62286      0.0625000
      30        6.80265      0.0625000
      31        6.80437      0.0625000
      32        6.89541      0.0625000
      33        7.50589      0.0625000
      34        7.50890      0.0625000
      35        8.20800      0.0625000
      36        8.27944      0.0625000
      37        8.33749      0.0625000
      38        8.58057      0.0625000
      39        9.02299      0.0625000
      40        9.08222      0.0625000
      41        9.25793      0.0625000
      42        9.40418      0.0625000
      43        9.74692      0.0625000
      44        9.76147      0.0625000
      45        10.1674      0.0625000
      46        10.2441      0.0625000
      47        10.5070      0.0625000
      48        10.5178      0.0625000
      49        15.6383        0.00000
      50        15.9467        0.00000
      51        15.9635        0.00000
      52        16.2935        0.00000
      53        16.5016        0.00000
      54        16.8947        0.00000
      55        17.0923        0.00000
      56        17.3209        0.00000
      57        17.4945        0.00000
      58        17.5451        0.00000

 8/32 kpoint (Cartesian) = 0.092907 0.099111 0.024492 (500 pws)
       1       -49.2012      0.0625000
       2       -49.2010      0.0625000
       3       -49.1933      0.0625000
       4       -49.1932      0.0625000
       5       -18.9517      0.0625000
       6       -18.9517      0.0625000
       7       -18.8810      0.0625000
       8       -18.8810      0.0625000
       9       -18.7980      0.0625000
      10       -18.7979      0.0625000
      11       -18.7035      0.0625000
      12       -18.7034      0.0625000
      13       -18.6768      0.0625000
      14       -18.6767      0.0625000
      15       -18.6402      0.0625000
      16       -18.6402      0.0625000
      17       -6.25236      0.0625000
      18       -6.25228      0.0625000
      19       -5.76396      0.0625000
      20       -5.76387      0.0625000
      21       -5.37632      0.0625000
      22       -5.37627      0.0625000
      23       -5.17661      0.0625000
      24       -5.17658      0.0625000
      25        6.19408      0.0625000
      26        6.19415      0.0625000
      27        6.34048      0.0625000
      28        6.34055      0.0625000
      29        6.74579      0.0625000
      30        6.74582      0.0625000
      31        7.48062      0.0625000
      32        7.48066      0.0625000
      33        7.74963      0.0625000
      34        7.74967      0.0625000
      35        7.95124      0.0625000
      36        7.95127      0.0625000
      37        8.41249      0.0625000
      38        8.41255      0.0625000
      39        8.64443      0.0625000
      40        8.64448      0.0625000
      41        9.32580      0.0625000
      42        9.32585      0.0625000
      43        9.53450      0.0625000
      44        9.53453      0.0625000
      45        9.86295      0.0625000
      46        9.86302      0.0625000
      47        10.2064      0.0625000
      48        10.2065      0.0625000
      49        15.8405        0.00000
      50        15.8406        0.00000
      51        16.0961        0.00000
      52        16.0962        0.00000
      53        16.4754        0.00000
      54        16.4754        0.00000
      55        16.9708        0.00000
      56        16.9709        0.00000
      57        17.5395        0.00000
      58        17.5396        0.00000

 9/32 kpoint (Cartesian) = -4.2549e-07 4.6554e-07 0.048985 (496 pws)
       1       -49.2075      0.0625000
       2       -49.1938      0.0625000
       3       -49.1938      0.0625000
       4       -49.1937      0.0625000
       5       -18.9720      0.0625000
       6       -18.9717      0.0625000
       7       -18.9480      0.0625000
       8       -18.8455      0.0625000
       9       -18.7427      0.0625000
      10       -18.7394      0.0625000
      11       -18.7332      0.0625000
      12       -18.7273      0.0625000
      13       -18.6841      0.0625000
      14       -18.6518      0.0625000
      15       -18.6406      0.0625000
      16       -18.6314      0.0625000
      17       -6.90877      0.0625000
      18       -5.80697      0.0625000
      19       -5.78381      0.0625000
      20       -5.66781      0.0625000
      21       -5.39477      0.0625000
      22       -5.24008      0.0625000
      23       -5.18436      0.0625000
      24       -5.06009      0.0625000
      25        5.56780      0.0625000
      26        5.63438      0.0625000
      27        5.94705      0.0625000
      28        6.29035      0.0625000
      29        6.44609      0.0625000
      30        7.04372      0.0625000
      31        7.10368      0.0625000
      32        7.22798      0.0625000
      33        7.47925      0.0625000
      34        7.89222      0.0625000
      35        7.97528      0.0625000
      36        8.27380      0.0625000
      37        8.32885      0.0625000
      38        8.79956      0.0625000
      39        9.20254      0.0625000
      40        9.21801      0.0625000
      41        9.23221      0.0625000
      42        9.38224      0.0625000
      43        9.73269      0.0625000
      44        9.79194      0.0625000
      45        9.81447      0.0625000
      46        10.4077      0.0625000
      47        10.5073      0.0625000
      48        10.6269      0.0625000
      49        15.8822        0.00000
      50        16.0066        0.00000
      51        16.0136        0.00000
      52        16.2015        0.00000
      53        16.6406        0.00000
      54        16.6743        0.00000
      55        16.8265        0.00000
      56        16.8315        0.00000
      57        17.3361        0.00000
      58        17.5683        0.00000

 10/32 kpoint (Cartesian) = 0.092907 4.0887e-07 0.048984 (501 pws)
       1       -49.2017      0.0625000
       2       -49.2016      0.0625000
       3       -49.1928      0.0625000
       4       -49.1927      0.0625000
       5       -18.9171      0.0625000
       6       -18.9171      0.0625000
       7       -18.8721      0.0625000
       8       -18.8721      0.0625000
       9       -18.8243      0.0625000
      10       -18.8243      0.0625000
      11       -18.7078      0.0625000
      12       -18.7078      0.0625000
      13       -18.6855      0.0625000
      14       -18.6854      0.0625000
      15       -18.6434      0.0625000
      16       -18.6434      0.0625000
      17       -6.28575      0.0625000
      18       -6.28567      0.0625000
      19       -5.63113      0.0625000
      20       -5.63105      0.0625000
      21       -5.34236      0.0625000
      22       -5.34232      0.0625000
      23       -5.31827      0.0625000
      24       -5.31825      0.0625000
      25        6.26555      0.0625000
      26        6.26558      0.0625000
      27        6.46504      0.0625000
      28        6.46510      0.0625000
      29        6.83160      0.0625000
      30        6.83164      0.0625000
      31        7.08061      0.0625000
      32        7.08075      0.0625000
      33        7.56321      0.0625000
      34        7.56337      0.0625000
      35        8.07039      0.0625000
      36        8.07055      0.0625000
      37        8.31664      0.0625000
      38        8.31667      0.0625000
      39        8.75654      0.0625000
      40        8.75667      0.0625000
      41        9.23586      0.0625000
      42        9.23589      0.0625000
      43        9.54250      0.0625000
      44        9.54254      0.0625000
      45        9.89064      0.0625000
      46        9.89071      0.0625000
      47        10.2809      0.0625000
      48        10.2810      0.0625000
      49        15.9953        0.00000
      50        15.9953        0.00000
      51        16.3051        0.00000
      52        16.3053        0.00000
      53        16.8154        0.00000
      54        16.8154        0.00000
      55        17.0122        0.00000
      56        17.0122        0.00000
      57        17.5306        0.00000
      58        17.5306        0.00000

 11/32 kpoint (Cartesian) = -4.8289e-07 0.099112 0.048986 (497 pws)
       1       -49.2025      0.0625000
       2       -49.1988      0.0625000
       3       -49.1939      0.0625000
       4       -49.1937      0.0625000
       5       -18.9436      0.0625000
       6       -18.8909      0.0625000
       7       -18.8903      0.0625000
       8       -18.8833      0.0625000
       9       -18.8264      0.0625000
      10       -18.8010      0.0625000
      11       -18.7261      0.0625000
      12       -18.7076      0.0625000
      13       -18.6757      0.0625000
      14       -18.6703      0.0625000
      15       -18.6477      0.0625000
      16       -18.6427      0.0625000
      17       -6.37645      0.0625000
      18       -5.93813      0.0625000
      19       -5.76142      0.0625000
      20       -5.61800      0.0625000
      21       -5.57858      0.0625000
      22       -5.38028      0.0625000
      23       -5.28673      0.0625000
      24       -5.20346      0.0625000
      25        5.89628      0.0625000
      26        6.14752      0.0625000
      27        6.40995      0.0625000
      28        6.46963      0.0625000
      29        6.69318      0.0625000
      30        6.81242      0.0625000
      31        6.88801      0.0625000
      32        7.01103      0.0625000
      33        7.47264      0.0625000
      34        7.62156      0.0625000
      35        8.15797      0.0625000
      36        8.27059      0.0625000
      37        8.36157      0.0625000
      38        8.63723      0.0625000
      39        8.91861      0.0625000
      40        9.04741      0.0625000
      41        9.14517      0.0625000
      42        9.31286      0.0625000
      43        9.61097      0.0625000
      44        9.75544      0.0625000
      45        10.0526      0.0625000
      46        10.1209      0.0625000
      47        10.4422      0.0625000
      48        10.4816      0.0625000
      49        15.7319        0.00000
      50        15.7364        0.00000
      51        15.8949        0.00000
      52        16.1449        0.00000
      53        16.3949        0.00000
      54        16.9837        0.00000
      55        17.0811        0.00000
      56        17.1262        0.00000
      57        17.3869        0.00000
      58        17.4123        0.00000

 12/32 kpoint (Cartesian) = 0.092907 0.099112 0.048985 (500 pws)
       1       -49.2002      0.0625000
       2       -49.2001      0.0625000
       3       -49.1943      0.0625000
       4       -49.1941      0.0625000
       5       -18.9830      0.0625000
       6       -18.9830      0.0625000
       7       -18.9246      0.0625000
       8       -18.9246      0.0625000
       9       -18.7463      0.0625000
      10       -18.7463      0.0625000
      11       -18.6924      0.0625000
      12       -18.6923      0.0625000
      13       -18.6605      0.0625000
      14       -18.6605      0.0625000
      15       -18.6421      0.0625000
      16       -18.6420      0.0625000
      17       -6.23729      0.0625000
      18       -6.23721      0.0625000
      19       -5.87213      0.0625000
      20       -5.87200      0.0625000
      21       -5.32394      0.0625000
      22       -5.32391      0.0625000
      23       -5.13844      0.0625000
      24       -5.13839      0.0625000
      25        6.29110      0.0625000
      26        6.29117      0.0625000
      27        6.48127      0.0625000
      28        6.48134      0.0625000
      29        6.76744      0.0625000
      30        6.76748      0.0625000
      31        7.22484      0.0625000
      32        7.22487      0.0625000
      33        7.74818      0.0625000
      34        7.74821      0.0625000
      35        7.97410      0.0625000
      36        7.97418      0.0625000
      37        8.57526      0.0625000
      38        8.57530      0.0625000
      39        8.89698      0.0625000
      40        8.89702      0.0625000
      41        9.31528      0.0625000
      42        9.31535      0.0625000
      43        9.37548      0.0625000
      44        9.37552      0.0625000
      45        9.66647      0.0625000
      46        9.66654      0.0625000
      47        10.1407      0.0625000
      48        10.1407      0.0625000
      49        15.6857        0.00000
      50        15.6858        0.00000
      51        16.0446        0.00000
      52        16.0447        0.00000
      53        16.4285        0.00000
      54        16.4286        0.00000
      55        16.9452        0.00000
      56        16.9453        0.00000
      57        17.4712        0.00000
      58        17.4713        0.00000

 13/32 kpoint (Cartesian) = -6.3824e-07 6.9830e-07 0.073477 (496 pws)
       1       -49.2043      0.0625000
       2       -49.1969      0.0625000
       3       -49.1938      0.0625000
       4       -49.1937      0.0625000
       5       -18.9540      0.0625000
       6       -18.9166      0.0625000
       7       -18.9056      0.0625000
       8       -18.8883      0.0625000
       9       -18.7830      0.0625000
      10       -18.7670      0.0625000
      11       -18.7233      0.0625000
      12       -18.7146      0.0625000
      13       -18.6751      0.0625000
      14       -18.6686      0.0625000
      15       -18.6519      0.0625000
      16       -18.6488      0.0625000
      17       -6.64013      0.0625000
      18       -6.00768      0.0625000
      19       -5.78877      0.0625000
      20       -5.72603      0.0625000
      21       -5.41632      0.0625000
      22       -5.26360      0.0625000
      23       -5.16050      0.0625000
      24       -5.06317      0.0625000
      25        5.60657      0.0625000
      26        5.84861      0.0625000
      27        6.37175      0.0625000
      28        6.46055      0.0625000
      29        6.66282      0.0625000
      30        6.84636      0.0625000
      31        6.98356      0.0625000
      32        6.98586      0.0625000
      33        7.26754      0.0625000
      34        7.98221      0.0625000
      35        7.98430      0.0625000
      36        8.07529      0.0625000
      37        8.47993      0.0625000
      38        8.54191      0.0625000
      39        8.90402      0.0625000
      40        9.07293      0.0625000
      41        9.22357      0.0625000
      42        9.23231      0.0625000
      43        9.81607      0.0625000
      44        9.84782      0.0625000
      45        10.0812      0.0625000
      46        10.3617      0.0625000
      47        10.4767      0.0625000
      48        10.5614      0.0625000
      49        15.7662        0.00000
      50        15.7834        0.00000
      51        16.0699        0.00000
      52        16.1580        0.00000
      53        16.6701        0.00000
      54        16.7455        0.00000
      55        16.7925        0.00000
      56        16.9068        0.00000
      57        17.7487        0.00000
      58        17.7896        0.00000

 14/32 kpoint (Cartesian) = 0.092906 6.4164e-07 0.073476 (501 pws)
       1       -49.1996      0.0625000
       2       -49.1995      0.0625000
       3       -49.1948      0.0625000
       4       -49.1948      0.0625000
       5       -18.9105      0.0625000
       6       -18.9105      0.0625000
       7       -18.8800      0.0625000
       8       -18.8800      0.0625000
       9       -18.8025      0.0625000
      10       -18.8025      0.0625000
      11       -18.7279      0.0625000
      12       -18.7279      0.0625000
      13       -18.6819      0.0625000
      14       -18.6819      0.0625000
      15       -18.6498      0.0625000
      16       -18.6498      0.0625000
      17       -6.13774      0.0625000
      18       -6.13766      0.0625000
      19       -5.78102      0.0625000
      20       -5.78095      0.0625000
      21       -5.33815      0.0625000
      22       -5.33811      0.0625000
      23       -5.32894      0.0625000
      24       -5.32891      0.0625000
      25        6.39059      0.0625000
      26        6.39063      0.0625000
      27        6.55361      0.0625000
      28        6.55367      0.0625000
      29        6.87578      0.0625000
      30        6.87581      0.0625000
      31        7.11636      0.0625000
      32        7.11650      0.0625000
      33        7.66377      0.0625000
      34        7.66395      0.0625000
      35        7.99008      0.0625000
      36        7.99016      0.0625000
      37        8.21057      0.0625000
      38        8.21071      0.0625000
      39        8.74627      0.0625000
      40        8.74639      0.0625000
      41        9.22639      0.0625000
      42        9.22643      0.0625000
      43        9.34245      0.0625000
      44        9.34248      0.0625000
      45        9.85382      0.0625000
      46        9.85390      0.0625000
      47        10.1878      0.0625000
      48        10.1879      0.0625000
      49        16.0073        0.00000
      50        16.0074        0.00000
      51        16.1898        0.00000
      52        16.1899        0.00000
      53        16.9266        0.00000
      54        16.9267        0.00000
      55        17.0041        0.00000
      56        17.0042        0.00000
      57        17.6730        0.00000
      58        17.6731        0.00000

 15/32 kpoint (Cartesian) = -6.9564e-07 0.099112 0.073478 (497 pws)
       1       -49.2005      0.0625000
       2       -49.1976      0.0625000
       3       -49.1958      0.0625000
       4       -49.1949      0.0625000
       5       -18.9484      0.0625000
       6       -18.9161      0.0625000
       7       -18.9080      0.0625000
       8       -18.9007      0.0625000
       9       -18.8157      0.0625000
      10       -18.7750      0.0625000
      11       -18.7533      0.0625000
      12       -18.7159      0.0625000
      13       -18.6626      0.0625000
      14       -18.6436      0.0625000
      15       -18.6358      0.0625000
      16       -18.6301      0.0625000
      17       -6.24642      0.0625000
      18       -5.91721      0.0625000
      19       -5.87273      0.0625000
      20       -5.68177      0.0625000
      21       -5.55205      0.0625000
      22       -5.42021      0.0625000
      23       -5.26439      0.0625000
      24       -5.21595      0.0625000
      25        6.03834      0.0625000
      26        6.33766      0.0625000
      27        6.40491      0.0625000
      28        6.58805      0.0625000
      29        6.62003      0.0625000
      30        6.91094      0.0625000
      31        6.92908      0.0625000
      32        7.23513      0.0625000
      33        7.29085      0.0625000
      34        7.80364      0.0625000
      35        7.89363      0.0625000
      36        8.24607      0.0625000
      37        8.56256      0.0625000
      38        8.76201      0.0625000
      39        8.85290      0.0625000
      40        8.98285      0.0625000
      41        9.02372      0.0625000
      42        9.32802      0.0625000
      43        9.35061      0.0625000
      44        9.50660      0.0625000
      45        10.0185      0.0625000
      46        10.0709      0.0625000
      47        10.3941      0.0625000
      48        10.4333      0.0625000
      49        15.5745        0.00000
      50        15.6468        0.00000
      51        15.8778        0.00000
      52        16.1804        0.00000
      53        16.3395        0.00000
      54        16.9242        0.00000
      55        17.0262        0.00000
      56        17.0884        0.00000
      57        17.2484        0.00000
      58        17.2760        0.00000

 16/32 kpoint (Cartesian) = 0.092906 0.099112 0.073477 (499 pws)
       1       -49.1989      0.0625000
       2       -49.1987      0.0625000
       3       -49.1956      0.0625000
       4       -49.1955      0.0625000
       5       -18.9984      0.0625000
       6       -18.9983      0.0625000
       7       -18.9659      0.0625000
       8       -18.9659      0.0625000
       9       -18.7048      0.0625000
      10       -18.7048      0.0625000
      11       -18.6753      0.0625000
      12       -18.6753      0.0625000
      13       -18.6639      0.0625000
      14       -18.6638      0.0625000
      15       -18.6385      0.0625000
      16       -18.6384      0.0625000
      17       -6.19427      0.0625000
      18       -6.19418      0.0625000
      19       -6.00094      0.0625000
      20       -6.00082      0.0625000
      21       -5.24510      0.0625000
      22       -5.24507      0.0625000
      23       -5.13435      0.0625000
      24       -5.13431      0.0625000
      25        6.42224      0.0625000
      26        6.42231      0.0625000
      27        6.60975      0.0625000
      28        6.60981      0.0625000
      29        6.82370      0.0625000
      30        6.82373      0.0625000
      31        6.97056      0.0625000
      32        6.97060      0.0625000
      33        7.78776      0.0625000
      34        7.78779      0.0625000
      35        8.16765      0.0625000
      36        8.16771      0.0625000
      37        8.55348      0.0625000
      38        8.55351      0.0625000
      39        8.86268      0.0625000
      40        8.86274      0.0625000
      41        9.22811      0.0625000
      42        9.22815      0.0625000
      43        9.35917      0.0625000
      44        9.35921      0.0625000
      45        9.66292      0.0625000
      46        9.66296      0.0625000
      47        10.0299      0.0625000
      48        10.0299      0.0625000
      49        15.5924        0.00000
      50        15.5925        0.00000
      51        15.8355        0.00000
      52        15.8355        0.00000
      53        16.5561        0.00000
      54        16.5562        0.00000
      55        16.8372        0.00000
      56        16.8373        0.00000
      57        17.4422        0.00000
      58        17.4423        0.00000

 17/32 kpoint (Cartesian) = -8.5099e-07 9.3107e-07 0.097969 (498 pws)
       1       -49.2007      0.0625000
       2       -49.2006      0.0625000
       3       -49.1938      0.0625000
       4       -49.1938      0.0625000
       5       -18.9259      0.0625000
       6       -18.9259      0.0625000
       7       -18.8726      0.0625000
       8       -18.8726      0.0625000
       9       -18.8119      0.0625000
      10       -18.8119      0.0625000
      11       -18.7107      0.0625000
      12       -18.7107      0.0625000
      13       -18.6658      0.0625000
      14       -18.6658      0.0625000
      15       -18.6635      0.0625000
      16       -18.6635      0.0625000
      17       -6.31957      0.0625000
      18       -6.31942      0.0625000
      19       -5.76961      0.0625000
      20       -5.76950      0.0625000
      21       -5.35102      0.0625000
      22       -5.35096      0.0625000
      23       -5.09700      0.0625000
      24       -5.09696      0.0625000
      25        5.77417      0.0625000
      26        5.77430      0.0625000
      27        6.61369      0.0625000
      28        6.61382      0.0625000
      29        6.74430      0.0625000
      30        6.74439      0.0625000
      31        6.97797      0.0625000
      32        6.97807      0.0625000
      33        7.29286      0.0625000
      34        7.29295      0.0625000
      35        8.23427      0.0625000
      36        8.23438      0.0625000
      37        8.45098      0.0625000
      38        8.45110      0.0625000
      39        8.91351      0.0625000
      40        8.91360      0.0625000
      41        9.14961      0.0625000
      42        9.14970      0.0625000
      43        9.86873      0.0625000
      44        9.86889      0.0625000
      45        10.2735      0.0625000
      46        10.2735      0.0625000
      47        10.4954      0.0625000
      48        10.4955      0.0625000
      49        15.7059        0.00000
      50        15.7061        0.00000
      51        16.1274        0.00000
      52        16.1275        0.00000
      53        16.6766        0.00000
      54        16.6768        0.00000
      55        16.9085        0.00000
      56        16.9086        0.00000
      57        17.8613        0.00000
      58        17.8616        0.00000

 18/32 kpoint (Cartesian) = 0.092906 8.7441e-07 0.097969 (500 pws)
       1       -49.1973      0.0625000
       2       -49.1972      0.0625000
       3       -49.1972      0.0625000
       4       -49.1971      0.0625000
       5       -18.8969      0.0625000
       6       -18.8969      0.0625000
       7       -18.8968      0.0625000
       8       -18.8968      0.0625000
       9       -18.7662      0.0625000
      10       -18.7662      0.0625000
      11       -18.7662      0.0625000
      12       -18.7661      0.0625000
      13       -18.6638      0.0625000
      14       -18.6638      0.0625000
      15       -18.6637      0.0625000
      16       -18.6637      0.0625000
      17       -5.96039      0.0625000
      18       -5.96031      0.0625000
      19       -5.96020      0.0625000
      20       -5.96018      0.0625000
      21       -5.33438      0.0625000
      22       -5.33431      0.0625000
      23       -5.33429      0.0625000
      24       -5.33427      0.0625000
      25        6.50896      0.0625000
      26        6.50902      0.0625000
      27        6.50905      0.0625000
      28        6.50906      0.0625000
      29        7.00960      0.0625000
      30        7.00964      0.0625000
      31        7.00972      0.0625000
      32        7.00974      0.0625000
      33        7.81438      0.0625000
      34        7.81440      0.0625000
      35        7.81453      0.0625000
      36        7.81459      0.0625000
      37        8.46576      0.0625000
      38        8.46580      0.0625000
      39        8.46591      0.0625000
      40        8.46597      0.0625000
      41        9.23602      0.0625000
      42        9.23606      0.0625000
      43        9.23609      0.0625000
      44        9.23614      0.0625000
      45        10.0144      0.0625000
      46        10.0144      0.0625000
      47        10.0144      0.0625000
      48        10.0145      0.0625000
      49        16.0761        0.00000
      50        16.0762        0.00000
      51        16.0764        0.00000
      52        16.0764        0.00000
      53        16.9906        0.00000
      54        16.9906        0.00000
      55        16.9907        0.00000
      56        16.9908        0.00000
      57        17.8509        0.00000
      58        17.8509        0.00000

 19/32 kpoint (Cartesian) = -9.0839e-07 0.099112 0.097970 (498 pws)
       1       -49.1981      0.0625000
       2       -49.1981      0.0625000
       3       -49.1963      0.0625000
       4       -49.1963      0.0625000
       5       -18.9393      0.0625000
       6       -18.9393      0.0625000
       7       -18.9109      0.0625000
       8       -18.9109      0.0625000
       9       -18.7862      0.0625000
      10       -18.7862      0.0625000
      11       -18.7447      0.0625000
      12       -18.7447      0.0625000
      13       -18.6428      0.0625000
      14       -18.6428      0.0625000
      15       -18.6286      0.0625000
      16       -18.6285      0.0625000
      17       -6.08670      0.0625000
      18       -6.08654      0.0625000
      19       -5.78431      0.0625000
      20       -5.78429      0.0625000
      21       -5.48158      0.0625000
      22       -5.48145      0.0625000
      23       -5.23862      0.0625000
      24       -5.23861      0.0625000
      25        6.20968      0.0625000
      26        6.20978      0.0625000
      27        6.50269      0.0625000
      28        6.50272      0.0625000
      29        6.91990      0.0625000
      30        6.92001      0.0625000
      31        6.97502      0.0625000
      32        6.97510      0.0625000
      33        7.56957      0.0625000
      34        7.56965      0.0625000
      35        8.03599      0.0625000
      36        8.03603      0.0625000
      37        8.78807      0.0625000
      38        8.78815      0.0625000
      39        8.92471      0.0625000
      40        8.92477      0.0625000
      41        9.08488      0.0625000
      42        9.08497      0.0625000
      43        9.31684      0.0625000
      44        9.31696      0.0625000
      45        10.0406      0.0625000
      46        10.0408      0.0625000
      47        10.3933      0.0625000
      48        10.3933      0.0625000
      49        15.5492        0.00000
      50        15.5493        0.00000
      51        15.9736        0.00000
      52        15.9737        0.00000
      53        16.6710        0.00000
      54        16.6711        0.00000
      55        17.0632        0.00000
      56        17.0633        0.00000
      57        17.1957        0.00000
      58        17.1958        0.00000

 20/32 kpoint (Cartesian) = 0.092906 0.099112 0.097969 (498 pws)
       1       -49.1973      0.0625000
       2       -49.1972      0.0625000
       3       -49.1971      0.0625000
       4       -49.1970      0.0625000
       5       -18.9924      0.0625000
       6       -18.9924      0.0625000
       7       -18.9924      0.0625000
       8       -18.9923      0.0625000
       9       -18.6821      0.0625000
      10       -18.6821      0.0625000
      11       -18.6820      0.0625000
      12       -18.6820      0.0625000
      13       -18.6484      0.0625000
      14       -18.6484      0.0625000
      15       -18.6484      0.0625000
      16       -18.6483      0.0625000
      17       -6.11439      0.0625000
      18       -6.11429      0.0625000
      19       -6.11423      0.0625000
      20       -6.11420      0.0625000
      21       -5.17367      0.0625000
      22       -5.17364      0.0625000
      23       -5.17360      0.0625000
      24       -5.17357      0.0625000
      25        6.57435      0.0625000
      26        6.57439      0.0625000
      27        6.57442      0.0625000
      28        6.57445      0.0625000
      29        6.85198      0.0625000
      30        6.85200      0.0625000
      31        6.85205      0.0625000
      32        6.85207      0.0625000
      33        8.04511      0.0625000
      34        8.04516      0.0625000
      35        8.04518      0.0625000
      36        8.04522      0.0625000
      37        8.62058      0.0625000
      38        8.62061      0.0625000
      39        8.62072      0.0625000
      40        8.62073      0.0625000
      41        9.29504      0.0625000
      42        9.29506      0.0625000
      43        9.29511      0.0625000
      44        9.29517      0.0625000
      45        9.85777      0.0625000
      46        9.85783      0.0625000
      47        9.85786      0.0625000
      48        9.85787      0.0625000
      49        15.6466        0.00000
      50        15.6466        0.00000
      51        15.6467        0.00000
      52        15.6467        0.00000
      53        16.7072        0.00000
      54        16.7073        0.00000
      55        16.7073        0.00000
      56        16.7074        0.00000
      57        17.5186        0.00000
      58        17.5187        0.00000

 21/32 kpoint (Cartesian) = -1.0637e-06 1.1638e-06 0.12246 (496 pws)
       1       -49.2043      0.0625000
       2       -49.1969      0.0625000
       3       -49.1938      0.0625000
       4       -49.1937      0.0625000
       5       -18.9540      0.0625000
       6       -18.9166      0.0625000
       7       -18.9056      0.0625000
       8       -18.8883      0.0625000
       9       -18.7830      0.0625000
      10       -18.7670      0.0625000
      11       -18.7233      0.0625000
      12       -18.7146      0.0625000
      13       -18.6751      0.0625000
      14       -18.6686      0.0625000
      15       -18.6519      0.0625000
      16       -18.6488      0.0625000
      17       -6.64013      0.0625000
      18       -6.00768      0.0625000
      19       -5.78877      0.0625000
      20       -5.72603      0.0625000
      21       -5.41632      0.0625000
      22       -5.26360      0.0625000
      23       -5.16050      0.0625000
      24       -5.06317      0.0625000
      25        5.60657      0.0625000
      26        5.84861      0.0625000
      27        6.37175      0.0625000
      28        6.46055      0.0625000
      29        6.66282      0.0625000
      30        6.84636      0.0625000
      31        6.98356      0.0625000
      32        6.98586      0.0625000
      33        7.26754      0.0625000
      34        7.98221      0.0625000
      35        7.98430      0.0625000
      36        8.07529      0.0625000
      37        8.47993      0.0625000
      38        8.54191      0.0625000
      39        8.90402      0.0625000
      40        9.07293      0.0625000
      41        9.22357      0.0625000
      42        9.23231      0.0625000
      43        9.81607      0.0625000
      44        9.84782      0.0625000
      45        10.0812      0.0625000
      46        10.3617      0.0625000
      47        10.4767      0.0625000
      48        10.5614      0.0625000
      49        15.7662        0.00000
      50        15.7834        0.00000
      51        16.0699        0.00000
      52        16.1580        0.00000
      53        16.6701        0.00000
      54        16.7455        0.00000
      55        16.7925        0.00000
      56        16.9068        0.00000
      57        17.7487        0.00000
      58        17.7896        0.00000

 22/32 kpoint (Cartesian) = 0.092906 1.1072e-06 0.12246 (501 pws)
       1       -49.1996      0.0625000
       2       -49.1995      0.0625000
       3       -49.1948      0.0625000
       4       -49.1948      0.0625000
       5       -18.9105      0.0625000
       6       -18.9105      0.0625000
       7       -18.8800      0.0625000
       8       -18.8800      0.0625000
       9       -18.8025      0.0625000
      10       -18.8025      0.0625000
      11       -18.7279      0.0625000
      12       -18.7279      0.0625000
      13       -18.6819      0.0625000
      14       -18.6819      0.0625000
      15       -18.6498      0.0625000
      16       -18.6498      0.0625000
      17       -6.13774      0.0625000
      18       -6.13766      0.0625000
      19       -5.78102      0.0625000
      20       -5.78095      0.0625000
      21       -5.33815      0.0625000
      22       -5.33811      0.0625000
      23       -5.32894      0.0625000
      24       -5.32891      0.0625000
      25        6.39059      0.0625000
      26        6.39063      0.0625000
      27        6.55361      0.0625000
      28        6.55367      0.0625000
      29        6.87578      0.0625000
      30        6.87581      0.0625000
      31        7.11636      0.0625000
      32        7.11650      0.0625000
      33        7.66377      0.0625000
      34        7.66395      0.0625000
      35        7.99008      0.0625000
      36        7.99016      0.0625000
      37        8.21057      0.0625000
      38        8.21071      0.0625000
      39        8.74627      0.0625000
      40        8.74639      0.0625000
      41        9.22639      0.0625000
      42        9.22643      0.0625000
      43        9.34245      0.0625000
      44        9.34248      0.0625000
      45        9.85382      0.0625000
      46        9.85390      0.0625000
      47        10.1878      0.0625000
      48        10.1879      0.0625000
      49        16.0073        0.00000
      50        16.0074        0.00000
      51        16.1898        0.00000
      52        16.1899        0.00000
      53        16.9266        0.00000
      54        16.9267        0.00000
      55        17.0041        0.00000
      56        17.0042        0.00000
      57        17.6730        0.00000
      58        17.6731        0.00000

 23/32 kpoint (Cartesian) = -1.1211e-06 0.099112 0.12246 (497 pws)
       1       -49.2005      0.0625000
       2       -49.1976      0.0625000
       3       -49.1958      0.0625000
       4       -49.1949      0.0625000
       5       -18.9484      0.0625000
       6       -18.9161      0.0625000
       7       -18.9080      0.0625000
       8       -18.9007      0.0625000
       9       -18.8157      0.0625000
      10       -18.7750      0.0625000
      11       -18.7533      0.0625000
      12       -18.7159      0.0625000
      13       -18.6626      0.0625000
      14       -18.6436      0.0625000
      15       -18.6358      0.0625000
      16       -18.6301      0.0625000
      17       -6.24642      0.0625000
      18       -5.91721      0.0625000
      19       -5.87273      0.0625000
      20       -5.68177      0.0625000
      21       -5.55205      0.0625000
      22       -5.42021      0.0625000
      23       -5.26439      0.0625000
      24       -5.21595      0.0625000
      25        6.03834      0.0625000
      26        6.33766      0.0625000
      27        6.40491      0.0625000
      28        6.58805      0.0625000
      29        6.62003      0.0625000
      30        6.91094      0.0625000
      31        6.92908      0.0625000
      32        7.23513      0.0625000
      33        7.29085      0.0625000
      34        7.80364      0.0625000
      35        7.89363      0.0625000
      36        8.24607      0.0625000
      37        8.56256      0.0625000
      38        8.76201      0.0625000
      39        8.85290      0.0625000
      40        8.98285      0.0625000
      41        9.02372      0.0625000
      42        9.32802      0.0625000
      43        9.35061      0.0625000
      44        9.50660      0.0625000
      45        10.0185      0.0625000
      46        10.0709      0.0625000
      47        10.3941      0.0625000
      48        10.4333      0.0625000
      49        15.5745        0.00000
      50        15.6468        0.00000
      51        15.8778        0.00000
      52        16.1804        0.00000
      53        16.3395        0.00000
      54        16.9242        0.00000
      55        17.0262        0.00000
      56        17.0884        0.00000
      57        17.2484        0.00000
      58        17.2760        0.00000

 24/32 kpoint (Cartesian) = 0.092906 0.099112 0.12246 (499 pws)
       1       -49.1989      0.0625000
       2       -49.1987      0.0625000
       3       -49.1956      0.0625000
       4       -49.1955      0.0625000
       5       -18.9984      0.0625000
       6       -18.9983      0.0625000
       7       -18.9659      0.0625000
       8       -18.9659      0.0625000
       9       -18.7048      0.0625000
      10       -18.7048      0.0625000
      11       -18.6753      0.0625000
      12       -18.6753      0.0625000
      13       -18.6639      0.0625000
      14       -18.6638      0.0625000
      15       -18.6385      0.0625000
      16       -18.6384      0.0625000
      17       -6.19427      0.0625000
      18       -6.19418      0.0625000
      19       -6.00094      0.0625000
      20       -6.00082      0.0625000
      21       -5.24510      0.0625000
      22       -5.24507      0.0625000
      23       -5.13435      0.0625000
      24       -5.13431      0.0625000
      25        6.42224      0.0625000
      26        6.42231      0.0625000
      27        6.60975      0.0625000
      28        6.60981      0.0625000
      29        6.82370      0.0625000
      30        6.82373      0.0625000
      31        6.97056      0.0625000
      32        6.97060      0.0625000
      33        7.78776      0.0625000
      34        7.78779      0.0625000
      35        8.16765      0.0625000
      36        8.16771      0.0625000
      37        8.55348      0.0625000
      38        8.55351      0.0625000
      39        8.86268      0.0625000
      40        8.86274      0.0625000
      41        9.22811      0.0625000
      42        9.22815      0.0625000
      43        9.35917      0.0625000
      44        9.35921      0.0625000
      45        9.66292      0.0625000
      46        9.66296      0.0625000
      47        10.0299      0.0625000
      48        10.0299      0.0625000
      49        15.5924        0.00000
      50        15.5925        0.00000
      51        15.8355        0.00000
      52        15.8355        0.00000
      53        16.5561        0.00000
      54        16.5562        0.00000
      55        16.8372        0.00000
      56        16.8373        0.00000
      57        17.4422        0.00000
      58        17.4423        0.00000

 25/32 kpoint (Cartesian) = -1.2765e-06 1.3966e-06 0.14695 (496 pws)
       1       -49.2075      0.0625000
       2       -49.1938      0.0625000
       3       -49.1938      0.0625000
       4       -49.1937      0.0625000
       5       -18.9720      0.0625000
       6       -18.9717      0.0625000
       7       -18.9480      0.0625000
       8       -18.8455      0.0625000
       9       -18.7427      0.0625000
      10       -18.7394      0.0625000
      11       -18.7332      0.0625000
      12       -18.7273      0.0625000
      13       -18.6841      0.0625000
      14       -18.6518      0.0625000
      15       -18.6406      0.0625000
      16       -18.6314      0.0625000
      17       -6.90877      0.0625000
      18       -5.80697      0.0625000
      19       -5.78381      0.0625000
      20       -5.66781      0.0625000
      21       -5.39477      0.0625000
      22       -5.24008      0.0625000
      23       -5.18436      0.0625000
      24       -5.06009      0.0625000
      25        5.56780      0.0625000
      26        5.63438      0.0625000
      27        5.94705      0.0625000
      28        6.29035      0.0625000
      29        6.44609      0.0625000
      30        7.04372      0.0625000
      31        7.10368      0.0625000
      32        7.22798      0.0625000
      33        7.47925      0.0625000
      34        7.89222      0.0625000
      35        7.97528      0.0625000
      36        8.27380      0.0625000
      37        8.32885      0.0625000
      38        8.79956      0.0625000
      39        9.20254      0.0625000
      40        9.21801      0.0625000
      41        9.23221      0.0625000
      42        9.38224      0.0625000
      43        9.73269      0.0625000
      44        9.79194      0.0625000
      45        9.81447      0.0625000
      46        10.4077      0.0625000
      47        10.5073      0.0625000
      48        10.6269      0.0625000
      49        15.8822        0.00000
      50        16.0066        0.00000
      51        16.0136        0.00000
      52        16.2015        0.00000
      53        16.6406        0.00000
      54        16.6743        0.00000
      55        16.8265        0.00000
      56        16.8315        0.00000
      57        17.3361        0.00000
      58        17.5683        0.00000

 26/32 kpoint (Cartesian) = 0.092906 1.3399e-06 0.14695 (501 pws)
       1       -49.2017      0.0625000
       2       -49.2016      0.0625000
       3       -49.1928      0.0625000
       4       -49.1927      0.0625000
       5       -18.9171      0.0625000
       6       -18.9171      0.0625000
       7       -18.8721      0.0625000
       8       -18.8721      0.0625000
       9       -18.8243      0.0625000
      10       -18.8243      0.0625000
      11       -18.7078      0.0625000
      12       -18.7078      0.0625000
      13       -18.6855      0.0625000
      14       -18.6854      0.0625000
      15       -18.6434      0.0625000
      16       -18.6434      0.0625000
      17       -6.28575      0.0625000
      18       -6.28567      0.0625000
      19       -5.63113      0.0625000
      20       -5.63105      0.0625000
      21       -5.34236      0.0625000
      22       -5.34232      0.0625000
      23       -5.31827      0.0625000
      24       -5.31825      0.0625000
      25        6.26555      0.0625000
      26        6.26558      0.0625000
      27        6.46504      0.0625000
      28        6.46510      0.0625000
      29        6.83160      0.0625000
      30        6.83164      0.0625000
      31        7.08061      0.0625000
      32        7.08075      0.0625000
      33        7.56321      0.0625000
      34        7.56337      0.0625000
      35        8.07039      0.0625000
      36        8.07055      0.0625000
      37        8.31664      0.0625000
      38        8.31667      0.0625000
      39        8.75654      0.0625000
      40        8.75667      0.0625000
      41        9.23586      0.0625000
      42        9.23589      0.0625000
      43        9.54250      0.0625000
      44        9.54254      0.0625000
      45        9.89064      0.0625000
      46        9.89071      0.0625000
      47        10.2809      0.0625000
      48        10.2810      0.0625000
      49        15.9953        0.00000
      50        15.9953        0.00000
      51        16.3051        0.00000
      52        16.3053        0.00000
      53        16.8154        0.00000
      54        16.8154        0.00000
      55        17.0122        0.00000
      56        17.0122        0.00000
      57        17.5306        0.00000
      58        17.5306        0.00000

 27/32 kpoint (Cartesian) = -1.3339e-06 0.099113 0.14695 (497 pws)
       1       -49.2025      0.0625000
       2       -49.1988      0.0625000
       3       -49.1939      0.0625000
       4       -49.1937      0.0625000
       5       -18.9436      0.0625000
       6       -18.8909      0.0625000
       7       -18.8903      0.0625000
       8       -18.8833      0.0625000
       9       -18.8264      0.0625000
      10       -18.8010      0.0625000
      11       -18.7261      0.0625000
      12       -18.7076      0.0625000
      13       -18.6757      0.0625000
      14       -18.6703      0.0625000
      15       -18.6477      0.0625000
      16       -18.6427      0.0625000
      17       -6.37645      0.0625000
      18       -5.93813      0.0625000
      19       -5.76142      0.0625000
      20       -5.61800      0.0625000
      21       -5.57858      0.0625000
      22       -5.38028      0.0625000
      23       -5.28673      0.0625000
      24       -5.20346      0.0625000
      25        5.89628      0.0625000
      26        6.14752      0.0625000
      27        6.40995      0.0625000
      28        6.46963      0.0625000
      29        6.69318      0.0625000
      30        6.81242      0.0625000
      31        6.88801      0.0625000
      32        7.01103      0.0625000
      33        7.47264      0.0625000
      34        7.62156      0.0625000
      35        8.15797      0.0625000
      36        8.27059      0.0625000
      37        8.36157      0.0625000
      38        8.63723      0.0625000
      39        8.91861      0.0625000
      40        9.04741      0.0625000
      41        9.14517      0.0625000
      42        9.31286      0.0625000
      43        9.61097      0.0625000
      44        9.75544      0.0625000
      45        10.0526      0.0625000
      46        10.1209      0.0625000
      47        10.4422      0.0625000
      48        10.4816      0.0625000
      49        15.7319        0.00000
      50        15.7364        0.00000
      51        15.8949        0.00000
      52        16.1449        0.00000
      53        16.3949        0.00000
      54        16.9837        0.00000
      55        17.0811        0.00000
      56        17.1262        0.00000
      57        17.3869        0.00000
      58        17.4123        0.00000

 28/32 kpoint (Cartesian) = 0.092906 0.099112 0.14695 (500 pws)
       1       -49.2002      0.0625000
       2       -49.2001      0.0625000
       3       -49.1943      0.0625000
       4       -49.1941      0.0625000
       5       -18.9830      0.0625000
       6       -18.9830      0.0625000
       7       -18.9246      0.0625000
       8       -18.9246      0.0625000
       9       -18.7463      0.0625000
      10       -18.7463      0.0625000
      11       -18.6924      0.0625000
      12       -18.6923      0.0625000
      13       -18.6605      0.0625000
      14       -18.6605      0.0625000
      15       -18.6421      0.0625000
      16       -18.6420      0.0625000
      17       -6.23729      0.0625000
      18       -6.23721      0.0625000
      19       -5.87213      0.0625000
      20       -5.87200      0.0625000
      21       -5.32394      0.0625000
      22       -5.32391      0.0625000
      23       -5.13844      0.0625000
      24       -5.13839      0.0625000
      25        6.29110      0.0625000
      26        6.29117      0.0625000
      27        6.48127      0.0625000
      28        6.48134      0.0625000
      29        6.76744      0.0625000
      30        6.76748      0.0625000
      31        7.22484      0.0625000
      32        7.22487      0.0625000
      33        7.74818      0.0625000
      34        7.74821      0.0625000
      35        7.97410      0.0625000
      36        7.97418      0.0625000
      37        8.57526      0.0625000
      38        8.57530      0.0625000
      39        8.89698      0.0625000
      40        8.89702      0.0625000
      41        9.31528      0.0625000
      42        9.31535      0.0625000
      43        9.37548      0.0625000
      44        9.37552      0.0625000
      45        9.66647      0.0625000
      46        9.66654      0.0625000
      47        10.1407      0.0625000
      48        10.1407      0.0625000
      49        15.6857        0.00000
      50        15.6858        0.00000
      51        16.0446        0.00000
      52        16.0447        0.00000
      53        16.4285        0.00000
      54        16.4286        0.00000
      55        16.9452        0.00000
      56        16.9453        0.00000
      57        17.4712        0.00000
      58        17.4713        0.00000

 29/32 kpoint (Cartesian) = -1.4892e-06 1.6294e-06 0.17145 (495 pws)
       1       -49.2095      0.0625000
       2       -49.1938      0.0625000
       3       -49.1937      0.0625000
       4       -49.1917      0.0625000
       5       -19.0096      0.0625000
       6       -18.9804      0.0625000
       7       -18.9770      0.0625000
       8       -18.8057      0.0625000
       9       -18.7592      0.0625000
      10       -18.7351      0.0625000
      11       -18.7275      0.0625000
      12       -18.7087      0.0625000
      13       -18.7020      0.0625000
      14       -18.6327      0.0625000
      15       -18.6212      0.0625000
      16       -18.6192      0.0625000
      17       -7.08590      0.0625000
      18       -5.76520      0.0625000
      19       -5.76315      0.0625000
      20       -5.61427      0.0625000
      21       -5.31026      0.0625000
      22       -5.28166      0.0625000
      23       -5.13011      0.0625000
      24       -5.07549      0.0625000
      25        5.43770      0.0625000
      26        5.57261      0.0625000
      27        5.67864      0.0625000
      28        6.20796      0.0625000
      29        6.35182      0.0625000
      30        6.64789      0.0625000
      31        7.42445      0.0625000
      32        7.54573      0.0625000
      33        7.59054      0.0625000
      34        7.92730      0.0625000
      35        8.11290      0.0625000
      36        8.30441      0.0625000
      37        8.40731      0.0625000
      38        8.86042      0.0625000
      39        9.17940      0.0625000
      40        9.18253      0.0625000
      41        9.46837      0.0625000
      42        9.49206      0.0625000
      43        9.49283      0.0625000
      44        9.68756      0.0625000
      45        9.94334      0.0625000
      46        10.4749      0.0625000
      47        10.5468      0.0625000
      48        10.6742      0.0625000
      49        15.9382        0.00000
      50        15.9998        0.00000
      51        16.2475        0.00000
      52        16.2782        0.00000
      53        16.5636        0.00000
      54        16.5715        0.00000
      55        16.8609        0.00000
      56        16.8687        0.00000
      57        16.8713        0.00000
      58        17.4036        0.00000

 30/32 kpoint (Cartesian) = 0.092906 1.5727e-06 0.17145 (500 pws)
       1       -49.2030      0.0625000
       2       -49.2029      0.0625000
       3       -49.1914      0.0625000
       4       -49.1914      0.0625000
       5       -18.9179      0.0625000
       6       -18.9178      0.0625000
       7       -18.8800      0.0625000
       8       -18.8799      0.0625000
       9       -18.8270      0.0625000
      10       -18.8269      0.0625000
      11       -18.7143      0.0625000
      12       -18.7142      0.0625000
      13       -18.6643      0.0625000
      14       -18.6643      0.0625000
      15       -18.6444      0.0625000
      16       -18.6444      0.0625000
      17       -6.38339      0.0625000
      18       -6.38332      0.0625000
      19       -5.53741      0.0625000
      20       -5.53733      0.0625000
      21       -5.34682      0.0625000
      22       -5.34679      0.0625000
      23       -5.30106      0.0625000
      24       -5.30105      0.0625000
      25        6.16762      0.0625000
      26        6.16765      0.0625000
      27        6.34963      0.0625000
      28        6.34967      0.0625000
      29        6.81072      0.0625000
      30        6.81076      0.0625000
      31        7.02792      0.0625000
      32        7.02802      0.0625000
      33        7.50696      0.0625000
      34        7.50706      0.0625000
      35        8.08963      0.0625000
      36        8.08979      0.0625000
      37        8.51416      0.0625000
      38        8.51423      0.0625000
      39        8.75709      0.0625000
      40        8.75718      0.0625000
      41        9.18316      0.0625000
      42        9.18319      0.0625000
      43        9.66078      0.0625000
      44        9.66083      0.0625000
      45        10.0286      0.0625000
      46        10.0287      0.0625000
      47        10.3438      0.0625000
      48        10.3439      0.0625000
      49        16.0133        0.00000
      50        16.0134        0.00000
      51        16.3963        0.00000
      52        16.3964        0.00000
      53        16.6839        0.00000
      54        16.6840        0.00000
      55        17.0807        0.00000
      56        17.0807        0.00000
      57        17.4656        0.00000
      58        17.4657        0.00000

 31/32 kpoint (Cartesian) = -1.5466e-06 0.099113 0.17145 (500 pws)
       1       -49.2039      0.0625000
       2       -49.1995      0.0625000
       3       -49.1930      0.0625000
       4       -49.1924      0.0625000
       5       -18.9311      0.0625000
       6       -18.8943      0.0625000
       7       -18.8661      0.0625000
       8       -18.8508      0.0625000
       9       -18.8187      0.0625000
      10       -18.8076      0.0625000
      11       -18.7316      0.0625000
      12       -18.7206      0.0625000
      13       -18.6890      0.0625000
      14       -18.6746      0.0625000
      15       -18.6641      0.0625000
      16       -18.6575      0.0625000
      17       -6.46103      0.0625000
      18       -5.97693      0.0625000
      19       -5.66534      0.0625000
      20       -5.64577      0.0625000
      21       -5.49142      0.0625000
      22       -5.36930      0.0625000
      23       -5.30140      0.0625000
      24       -5.20338      0.0625000
      25        5.82103      0.0625000
      26        5.90331      0.0625000
      27        6.43541      0.0625000
      28        6.48126      0.0625000
      29        6.62286      0.0625000
      30        6.80265      0.0625000
      31        6.80437      0.0625000
      32        6.89541      0.0625000
      33        7.50589      0.0625000
      34        7.50890      0.0625000
      35        8.20800      0.0625000
      36        8.27944      0.0625000
      37        8.33749      0.0625000
      38        8.58057      0.0625000
      39        9.02299      0.0625000
      40        9.08222      0.0625000
      41        9.25793      0.0625000
      42        9.40418      0.0625000
      43        9.74692      0.0625000
      44        9.76147      0.0625000
      45        10.1674      0.0625000
      46        10.2441      0.0625000
      47        10.5070      0.0625000
      48        10.5178      0.0625000
      49        15.6383        0.00000
      50        15.9467        0.00000
      51        15.9635        0.00000
      52        16.2935        0.00000
      53        16.5016        0.00000
      54        16.8947        0.00000
      55        17.0923        0.00000
      56        17.3209        0.00000
      57        17.4945        0.00000
      58        17.5451        0.00000

 32/32 kpoint (Cartesian) = 0.092905 0.099113 0.17145 (500 pws)
       1       -49.2012      0.0625000
       2       -49.2010      0.0625000
       3       -49.1933      0.0625000
       4       -49.1932      0.0625000
       5       -18.9517      0.0625000
       6       -18.9517      0.0625000
       7       -18.8810      0.0625000
       8       -18.8810      0.0625000
       9       -18.7980      0.0625000
      10       -18.7979      0.0625000
      11       -18.7035      0.0625000
      12       -18.7034      0.0625000
      13       -18.6768      0.0625000
      14       -18.6767      0.0625000
      15       -18.6402      0.0625000
      16       -18.6402      0.0625000
      17       -6.25236      0.0625000
      18       -6.25228      0.0625000
      19       -5.76396      0.0625000
      20       -5.76387      0.0625000
      21       -5.37632      0.0625000
      22       -5.37627      0.0625000
      23       -5.17661      0.0625000
      24       -5.17658      0.0625000
      25        6.19408      0.0625000
      26        6.19415      0.0625000
      27        6.34048      0.0625000
      28        6.34055      0.0625000
      29        6.74579      0.0625000
      30        6.74582      0.0625000
      31        7.48062      0.0625000
      32        7.48066      0.0625000
      33        7.74963      0.0625000
      34        7.74967      0.0625000
      35        7.95124      0.0625000
      36        7.95127      0.0625000
      37        8.41249      0.0625000
      38        8.41255      0.0625000
      39        8.64443      0.0625000
      40        8.64448      0.0625000
      41        9.32580      0.0625000
      42        9.32585      0.0625000
      43        9.53450      0.0625000
      44        9.53453      0.0625000
      45        9.86295      0.0625000
      46        9.86302      0.0625000
      47        10.2064      0.0625000
      48        10.2065      0.0625000
      49        15.8405        0.00000
      50        15.8406        0.00000
      51        16.0961        0.00000
      52        16.0962        0.00000
      53        16.4754        0.00000
      54        16.4754        0.00000
      55        16.9708        0.00000
      56        16.9709        0.00000
      57        17.5395        0.00000
      58        17.5396        0.00000


 Warning_Memory_Consuming allocated:  ORB::Jl(x) 921.868 MB




 >>>>>>>>>>>>>>>>>>>>>>>>>>>>>>>>>>>>>>>>>>>>>>>>>>>>>>>>>>>>>>>>>>>>>>
 |                                                                    |
 | POLARIZATION CALCULATION:                                          |
 |                  Modern Theory of Polarization                     |
 | calculate the Macroscopic polarization of a crystalline insulator  |
 | by using Berry Phase method.                                       |
 |                                                                    |
 <<<<<<<<<<<<<<<<<<<<<<<<<<<<<<<<<<<<<<<<<<<<<<<<<<<<<<<<<<<<<<<<<<<<<<




 VALUES OF POLARIZATION

  The Ionic Phase:   -0.27082
 Electronic Phase:    0.79471

The calculated polarization direction is in R3 direction

 P =    5.0525888  (mod   19.2889508)  (   0.0000463,  -0.0000474,   5.0525888) (e/Omega).bohr

 P =    0.0054034  (mod    0.0206283)  (   0.0000000,  -0.0000001,   0.0054034) e/bohr^2

 P =    0.3089226  (mod    1.1793544)  (   0.0000028,  -0.0000029,   0.3089226) C/m^2



 --------------------------------------------
 !FINAL_ETOT_IS -9783.1601205926290277 eV
 --------------------------------------------






 >>>>>>>>>>>>>>>>>>>>>>>>>>>>>>>>>>>>>>>>>>>>>>>>>>>>>>>>>>>>>>>>>>>>>>
 |                                                                    |
 | Post-processing of data:                                           |
 | DOS (density of states) and bands will be output here.             |
 | If atomic orbitals are used, Mulliken charge analysis can be done. |
 | Also the .bxsf file containing fermi surface information can be    |
 | done here.                                                         |
 |                                                                    |
 <<<<<<<<<<<<<<<<<<<<<<<<<<<<<<<<<<<<<<<<<<<<<<<<<<<<<<<<<<<<<<<<<<<<<<





 Output bands in file: OUT.ABACUS/BANDS_1.dat
TIME STATISTICS
----------------------------------------------------------------------------------
   CLASS_NAME                   NAME                TIME/s  CALLS   AVG/s  PER/%  
----------------------------------------------------------------------------------
                 total                              31.11  11       2.83   100.00 
 Driver          reading                            0.57   1        0.57   1.84   
 Input_Conv      Convert                            0.00   1        0.00   0.00   
 Driver          driver_line                        30.53  1        30.53  98.16  
 UnitCell        check_tau                          0.00   1        0.00   0.00   
 ESolver_KS_LCAO before_all_runners                 0.74   1        0.74   2.38   
 PW_Basis_Sup    setuptransform                     0.01   1        0.01   0.04   
 PW_Basis_Sup    distributeg                        0.00   1        0.00   0.01   
 mymath          heapsort                           0.00   3        0.00   0.00   
 Charge_Mixing   init_mixing                        0.00   1        0.00   0.00   
 PW_Basis_K      setuptransform                     0.00   1        0.00   0.01   
 PW_Basis_K      distributeg                        0.00   1        0.00   0.01   
 PW_Basis        setup_struc_factor                 0.00   1        0.00   0.01   
 NOrbital_Lm     extra_uniform                      0.27   323      0.00   0.86   
 Mathzone_Add1   SplineD2                           0.01   323      0.00   0.02   
 Mathzone_Add1   Cubic_Spline_Interpolation         0.13   323      0.00   0.42   
 ppcell_vl       init_vloc                          0.13   1        0.13   0.42   
 Ions            opt_ions                           29.75  1        29.75  95.65  
 ESolver_KS_LCAO runner                             29.68  1        29.68  95.43  
 ESolver_KS_LCAO before_scf                         0.52   1        0.52   1.66   
 atom_arrange    search                             0.00   1        0.00   0.00   
 atom_arrange    grid_d.init                        0.00   1        0.00   0.00   
 Grid            Construct_Adjacent_expand          0.00   1        0.00   0.00   
 Grid            Construct_Adjacent_expand_periodic 0.00   12       0.00   0.00   
 Grid_Technique  init                               0.14   1        0.14   0.45   
 Grid_BigCell    grid_expansion_index               0.03   2        0.02   0.10   
 Grid_Driver     Find_atom                          0.00   96       0.00   0.01   
 Record_adj      for_2d                             0.04   1        0.04   0.14   
 LCAO_domain     grid_prepare                       0.00   1        0.00   0.00   
 Veff            initialize_HR                      0.00   1        0.00   0.01   
 OverlapNew      initialize_SR                      0.00   1        0.00   0.01   
 EkineticNew     initialize_HR                      0.00   1        0.00   0.02   
 NonlocalNew     initialize_HR                      0.03   1        0.03   0.08   
 Charge          set_rho_core                       0.14   1        0.14   0.46   
 PW_Basis_Sup    recip2real                         0.03   13       0.00   0.09   
 PW_Basis_Sup    gathers_scatterp                   0.02   13       0.00   0.08   
 ModuleIO        read_rhog                          0.00   1        0.00   0.00   
 Potential       init_pot                           0.02   1        0.02   0.06   
 Potential       update_from_charge                 0.03   2        0.01   0.09   
 Potential       cal_fixed_v                        0.00   1        0.00   0.00   
 PotLocal        cal_fixed_v                        0.00   1        0.00   0.00   
 Potential       cal_v_eff                          0.03   2        0.01   0.08   
 H_Hartree_pw    v_hartree                          0.01   2        0.00   0.02   
 PW_Basis_Sup    real2recip                         0.01   13       0.00   0.05   
 PW_Basis_Sup    gatherp_scatters                   0.01   13       0.00   0.04   
 PotXC           cal_v_eff                          0.02   2        0.01   0.06   
 XC_Functional   v_xc                               0.02   2        0.01   0.06   
 Potential       interpolate_vrs                    0.00   2        0.00   0.00   
 H_Ewald_pw      compute_ewald                      0.00   1        0.00   0.00   
 HSolverLCAO     solve                              8.09   1        8.09   26.00  
 HamiltLCAO      updateHk                           3.42   32       0.11   11.00  
 OperatorLCAO    init                               3.30   96       0.03   10.59  
 Veff            contributeHR                       2.84   1        2.84   9.13   
 Gint_interface  cal_gint                           2.07   1        2.07   6.66   
 Gint_interface  cal_gint_vlocal                    2.07   1        2.07   6.65   
 Gint_Tools      cal_psir_ylm                       0.09   576      0.00   0.29   
 Gint_k          transfer_pvpR                      0.77   1        0.77   2.47   
 OverlapNew      calculate_SR                       0.12   1        0.12   0.38   
 OverlapNew      contributeHk                       0.01   32       0.00   0.02   
 EkineticNew     contributeHR                       0.12   1        0.12   0.39   
 EkineticNew     calculate_HR                       0.12   1        0.12   0.39   
 NonlocalNew     contributeHR                       0.33   1        0.33   1.05   
 NonlocalNew     calculate_HR                       0.32   1        0.32   1.04   
 OperatorLCAO    contributeHk                       0.01   32       0.00   0.03   
 HSolverLCAO     hamiltSolvePsiK                    4.58   32       0.14   14.73  
 DiagoElpa       elpa_solve                         3.62   32       0.11   11.64  
 elecstate       cal_dm                             0.06   1        0.06   0.20   
 psiMulPsiMpi    pdgemm                             0.06   32       0.00   0.20   
 DensityMatrix   cal_DMR                            0.02   1        0.02   0.05   
 Charge_Mixing   get_drho                           0.01   1        0.01   0.03   
 ModuleIO        write_rhog                         0.04   1        0.04   0.12   
 ESolver_KS_LCAO after_scf                          20.99  1        20.99  67.49  
 Charge          atomic_rho                         0.15   1        0.15   0.48   
 ORB_gaunt_table init_Gaunt_CH                      0.00   1        0.00   0.01   
 ORB_gaunt_table Calc_Gaunt_CH                      0.00   1631     0.00   0.00   
 ORB_gaunt_table init_Gaunt                         0.02   1        0.02   0.05   
 ORB_gaunt_table Get_Gaunt_SH                       0.01   25313    0.00   0.02   
 Center2_Orb     cal_ST_Phi12_R                     10.58  769      0.01   34.02  
 ESolver_KS_LCAO after_all_runners                  0.01   1        0.01   0.05   
 ModuleIO        nscf_band                          0.01   1        0.01   0.05   
----------------------------------------------------------------------------------


 NAME-------------------------|MEMORY(MB)--------
                         total     31223.4880
                    ORB::Jl(x)     29499.7681
                  Gint::hRGint       396.3816
                 Gint::DMRGint       396.0691
       TwoCenterTable: Kinetic       137.3855
       TwoCenterTable: Overlap       137.3855
      TwoCenterTable: Nonlocal       136.0217
                  meshball_pos        71.5466
               GT::ind_bigcell        68.4882
         GT::in_this_processor        68.4882
              GT::index2normal        68.4882
               GT::index2ucell        68.4882
                HamiltLCAO::hR        25.3434
            DensityMatrix::DMR        25.0309
            DensityMatrix::DMK        21.9453
                HamiltLCAO::sR        17.1600
      GT::bigcell_on_processor        17.1220
                    index_ball        11.9244
                  PW_B_K::gcar        11.7715
                GT::which_atom         3.9874
             GT::which_bigcell         3.9874
            GT::which_unitcell         3.9874
                   PW_B_K::gk2         3.9238
                  SF::strucFac         3.8565
                RealGauntTable         3.7773
                  SF::eigts123         2.3452
                      Chg::rho         2.2500
                 Chg::rho_save         2.2500
                 Chg::rho_core         2.2500
                 Pot::veff_fix         2.2500
                     Pot::veff         2.2500
              Pot::veff_smooth         2.2500
                 ORB::Gaunt_CH         2.0508
 -------------   < 1.0 MB has been ignored ----------------
 ----------------------------------------------------------

 Start  Time  : Fri Oct  9 19:18:55 2026
 Finish Time  : Fri Oct  9 19:19:26 2026
 Total  Time  : 0 h 0 mins 31 secs 
