                                                                                     
                              ABACUS v3.10.0

               Atomic-orbital Based Ab-initio Computation at UStc                    

                     Website: http://abacus.ustc.edu.cn/                             
               Documentation: https://abacus.deepmodeling.com/                       
                  Repository: https://github.com/abacusmodeling/abacus-develop       
                              https://github.com/deepmodeling/abacus-develop         
                      Commit: f7cb1d3 (Mon May 12 16:53:30 2025 +0800)

    Start Time is Fri Oct  9 19:07:23 2026
                                                                                     
 ------------------------------------------------------------------------------------

 READING GENERAL INFORMATION
                           global_out_dir = OUT.ABACUS/
                           global_in_card = INPUT
                               pseudo_dir = 
                              orbital_dir = 
                                    DRANK = 1
                                    DSIZE = 32
                                   DCOLOR = 1
                                    GRANK = 1
                                    GSIZE = 1




 >>>>>>>>>>>>>>>>>>>>>>>>>>>>>>>>>>>>>>>>>>>>>>>>>>>>>>>>>>>>>>>>>>>>>>
 |                                                                    |
 | Reading atom information in unitcell:                              |
 | From the input file and the structure file we know the number of   |
 | different elments in this unitcell, then we list the detail        |
 | information for each element, especially the zeta and polar atomic |
 | orbital number for each element. The total atom number is counted. |
 | We calculate the nearest atom distance for each atom and show the  |
 | Cartesian and Direct coordinates for each atom. We list the file   |
 | address for atomic orbitals. The volume and the lattice vectors    |
 | in real and reciprocal space is also shown.                        |
 |                                                                    |
 <<<<<<<<<<<<<<<<<<<<<<<<<<<<<<<<<<<<<<<<<<<<<<<<<<<<<<<<<<<<<<<<<<<<<<




 READING UNITCELL INFORMATION
                                    ntype = 2
                  lattice constant (Bohr) = 1.88973
              lattice constant (Angstrom) = 1

 READING ATOM TYPE 1
                               atom label = Hf
                      L=0, number of zeta = 4
                      L=1, number of zeta = 2
                      L=2, number of zeta = 2
                      L=3, number of zeta = 1
             number of atom for this type = 4

 READING ATOM TYPE 2
                               atom label = O
                      L=0, number of zeta = 2
                      L=1, number of zeta = 2
                      L=2, number of zeta = 1
             number of atom for this type = 8

                        TOTAL ATOM NUMBER = 12
DIRECT COORDINATES
    atom                   x                   y                   z     mag                  vx                  vy                  vz
taud_Hf1            0.0153503920        0.0066270485        0.9854343754  0.0000        0.0000000000        0.0000000000        0.0000000000
taud_Hf2            0.9514355794        0.4771243365        0.4854316941  0.0000        0.0000000000        0.0000000000        0.0000000000
taud_Hf3            0.4514354073        0.0066312756        0.4854313583  0.0000        0.0000000000        0.0000000000        0.0000000000
taud_Hf4            0.5153504491        0.4771280105        0.9854356831  0.0000        0.0000000000        0.0000000000        0.0000000000
taud_O1            0.2594144827        0.2748874594        0.2332517770  0.0000        0.0000000000        0.0000000000        0.0000000000
taud_O2            0.2073348200        0.2748816664        0.7332513121  0.0000        0.0000000000        0.0000000000        0.0000000000
taud_O3            0.1221125228        0.8050789353        0.3350566885  0.0000        0.0000000000        0.0000000000        0.0000000000
taud_O4            0.3446526085        0.8050753573        0.8350559276  0.0000        0.0000000000        0.0000000000        0.0000000000
taud_O5            0.7594147802        0.2088627655        0.2332564194  0.0000        0.0000000000        0.0000000000        0.0000000000
taud_O6            0.7073347987        0.2088684706        0.7332558206  0.0000        0.0000000000        0.0000000000        0.0000000000
taud_O7            0.6221117002        0.6786720120        0.3350582509  0.0000        0.0000000000        0.0000000000        0.0000000000
taud_O8            0.8446535960        0.6786752100        0.8350581626  0.0000        0.0000000000        0.0000000000        0.0000000000



                          Volume (Bohr^3) = 915.671
                             Volume (A^3) = 135.688

 Lattice vectors: (Cartesian coordinate: in unit of a_0)
             +5.28036        +4.38383e-06        +5.87232e-06
         +4.16111e-06            +5.05312        -6.48376e-06
         +6.41941e-06        -6.51518e-06            +5.08534
 Reciprocal vectors: (Cartesian coordinate: in unit of 2 pi/a_0)
            +0.189381        -1.55951e-07        -2.39063e-07
         -1.64298e-07           +0.197898        +2.53541e-07
         -2.18689e-07        +2.52318e-07           +0.196644
 The esolver type has been set to : ksdft_lcao

 RUNNING WITH DEVICE  : CPU / AMD EPYC 7702 64-Core Processor




 >>>>>>>>>>>>>>>>>>>>>>>>>>>>>>>>>>>>>>>>>>>>>>>>>>>>>>>>>>>>>>>>>>>>>>
 |                                                                    |
 | Reading pseudopotentials files:                                    |
 | The pseudopotential file is in UPF format. The 'NC' indicates that |
 | the type of pseudopotential is 'norm conserving'. Functional of    |
 | exchange and correlation is decided by 4 given parameters in UPF   |
 | file.  We also read in the 'core correction' if there exists.      |
 | Also we can read the valence electrons number and the maximal      |
 | angular momentum used in this pseudopotential. We also read in the |
 | trail wave function, trail atomic density and local-pseudopotential|
 | on logrithmic grid. The non-local pseudopotential projector is also|
 | read in if there is any.                                           |
 |                                                                    |
 <<<<<<<<<<<<<<<<<<<<<<<<<<<<<<<<<<<<<<<<<<<<<<<<<<<<<<<<<<<<<<<<<<<<<<




                PAO radial cut off (Bohr) = 15

 Read in pseudopotential file is Hf.upf
                     pseudopotential type = NC
          exchange-correlation functional = PBE
                 nonlocal core correction = 1
                        valence electrons = 12
                                     lmax = 3
                           number of zeta = 4
                     number of projectors = 8
                           L of projector = 0
                           L of projector = 0
                           L of projector = 1
                           L of projector = 1
                           L of projector = 2
                           L of projector = 2
                           L of projector = 3
                           L of projector = 3
                PAO radial cut off (Bohr) = 15

 Read in pseudopotential file is O.upf
                     pseudopotential type = NC
          exchange-correlation functional = PBE
                 nonlocal core correction = 1
                        valence electrons = 6
                                     lmax = 2
                           number of zeta = 2
                     number of projectors = 5
                           L of projector = 0
                           L of projector = 0
                           L of projector = 1
                           L of projector = 1
                           L of projector = 2
     initial pseudo atomic orbital number = 72

 SETUP THE ELECTRONS NUMBER
            electron number of element Hf = 12
      total electron number of element Hf = 48
             electron number of element O = 6
       total electron number of element O = 48
            AUTOSET number of electrons:  = 96
                           occupied bands = 48
                                   NLOCAL = 212
                                   NBANDS = 58
                                   NBANDS = 58
                                   NLOCAL = 212

%%%%%%%%%%%%%%%%%%%%%%%%%%%%%%%%%%%%%%%%%%%%%%%%%%%%%%%%%%%%%%%%%%%%%%%%%%%%%%%%%%%%%%%%%%%%%%%%%%%%%%%%%%
 Warning: the number of valence electrons in pseudopotential > 4 for Hf: [Xe] 4f14 5d2 6s2
 Pseudopotentials with additional electrons can yield (more) accurate outcomes, but may be less efficient.
 If you're confident that your chosen pseudopotential is appropriate, you can safely ignore this warning.
%%%%%%%%%%%%%%%%%%%%%%%%%%%%%%%%%%%%%%%%%%%%%%%%%%%%%%%%%%%%%%%%%%%%%%%%%%%%%%%%%%%%%%%%%%%%%%%%%%%%%%%%%%
                  




 >>>>>>>>>>>>>>>>>>>>>>>>>>>>>>>>>>>>>>>>>>>>>>>>>>>>>>>>>>>>>>>>>>>>>>
 |                                                                    |
 | Setup plane waves of charge/potential:                             |
 | Use the energy cutoff and the lattice vectors to generate the      |
 | dimensions of FFT grid. The number of FFT grid on each processor   |
 | is 'nrxx'. The number of plane wave basis in reciprocal space is   |
 | different for charege/potential and wave functions. We also set    |
 | the 'sticks' for the parallel of FFT. The number of plane waves    |
 | is 'npw' in each processor.                                        |
 <<<<<<<<<<<<<<<<<<<<<<<<<<<<<<<<<<<<<<<<<<<<<<<<<<<<<<<<<<<<<<<<<<<<<<





 SETUP THE PLANE WAVE BASIS
 energy cutoff for charge/potential (unit:Ry) = 400
            fft grid for charge/potential = [ 64, 64, 64 ]
                        fft grid division = [ 2, 2, 2 ]
        big fft grid for charge/potential = [ 32, 32, 32 ]
                                     nbxx = 1024
                                     nrxx = 8192

 SETUP PLANE WAVES FOR CHARGE/POTENTIAL
                    number of plane waves = 123675
                         number of sticks = 3031

 PARALLEL PW FOR CHARGE/POTENTIAL
     PROC   COLUMNS(POT)             PW
        1             94           3864
        2             94           3864
        3             94           3864
        4             94           3864
        5             94           3864
        6             95           3867
        7             95           3867
        8             95           3867
        9             95           3867
       10             95           3867
       11             95           3867
       12             95           3867
       13             95           3867
       14             95           3867
       15             95           3867
       16             95           3865
       17             95           3865
       18             95           3865
       19             95           3865
       20             95           3865
       21             95           3865
       22             95           3865
       23             95           3865
       24             95           3863
       25             95           3863
       26             95           3863
       27             95           3863
       28             94           3862
       29             94           3862
       30             95           3865
       31             94           3862
       32             94           3862
 --------------- sum -------------------
       32           3031         123675
                            number of |g| = 3739
                                  max |g| = 36.166
                                  min |g| = 0.300114
 DONE : SETUP UNITCELL Time : 0.555755 (SEC)


----------- Double Check Mixing Parameters Begin ------------
mixing_type: broyden
mixing_beta: 0.3
mixing_gg0: 1
mixing_gg0_min: 0.1
mixing_ndim: 8
----------- Double Check Mixing Parameters End ------------




 >>>>>>>>>>>>>>>>>>>>>>>>>>>>>>>>>>>>>>>>>>>>>>>>>>>>>>>>>>>>>>>>>>>>>>
 |                                                                    |
 | Setup K-points                                                     |
 | We setup the k-points according to input parameters.               |
 | The reduced k-points are set according to symmetry operations.     |
 | We treat the spin as another set of k-points.                      |
 |                                                                    |
 <<<<<<<<<<<<<<<<<<<<<<<<<<<<<<<<<<<<<<<<<<<<<<<<<<<<<<<<<<<<<<<<<<<<<<





 SETUP K-POINTS
                                    nspin = 1
                   Input type of k points = Monkhorst-Pack(Gamma)
                                   nkstot = 16
K-POINTS DIRECT COORDINATES
 KPOINTS    DIRECT_X    DIRECT_Y    DIRECT_Z  WEIGHT
       1  0.00000000  0.00000000  0.00000000  0.0625
       2  0.50000000  0.00000000  0.00000000  0.0625
       3  0.00000000  0.50000000  0.00000000  0.0625
       4  0.50000000  0.50000000  0.00000000  0.0625
       5  0.00000000  0.00000000  0.25000000  0.0625
       6  0.50000000  0.00000000  0.25000000  0.0625
       7  0.00000000  0.50000000  0.25000000  0.0625
       8  0.50000000  0.50000000  0.25000000  0.0625
       9  0.00000000  0.00000000  0.50000000  0.0625
      10  0.50000000  0.00000000  0.50000000  0.0625
      11  0.00000000  0.50000000  0.50000000  0.0625
      12  0.50000000  0.50000000  0.50000000  0.0625
      13  0.00000000  0.00000000  0.75000000  0.0625
      14  0.50000000  0.00000000  0.75000000  0.0625
      15  0.00000000  0.50000000  0.75000000  0.0625
      16  0.50000000  0.50000000  0.75000000  0.0625


           k-point number in this process = 16
       minimum distributed K point number = 16

K-POINTS CARTESIAN COORDINATES
 KPOINTS CARTESIAN_X CARTESIAN_Y CARTESIAN_Z  WEIGHT
       1  0.00000000  0.00000000  0.00000000  0.1250
       2  0.09469042 -0.00000008 -0.00000012  0.1250
       3 -0.00000008  0.09894882  0.00000013  0.1250
       4  0.09469034  0.09894874  0.00000001  0.1250
       5 -0.00000005  0.00000006  0.04916096  0.1250
       6  0.09469037 -0.00000001  0.04916084  0.1250
       7 -0.00000014  0.09894888  0.04916109  0.1250
       8  0.09469029  0.09894880  0.04916097  0.1250
       9 -0.00000011  0.00000013  0.09832192  0.1250
      10  0.09469031  0.00000005  0.09832180  0.1250
      11 -0.00000019  0.09894895  0.09832204  0.1250
      12  0.09469023  0.09894887  0.09832193  0.1250
      13 -0.00000016  0.00000019  0.14748288  0.1250
      14  0.09469026  0.00000011  0.14748276  0.1250
      15 -0.00000025  0.09894901  0.14748300  0.1250
      16  0.09469018  0.09894893  0.14748288  0.1250


K-POINTS DIRECT COORDINATES
 KPOINTS    DIRECT_X    DIRECT_Y    DIRECT_Z  WEIGHT
       1  0.00000000  0.00000000  0.00000000  0.1250
       2  0.50000000  0.00000000  0.00000000  0.1250
       3  0.00000000  0.50000000  0.00000000  0.1250
       4  0.50000000  0.50000000  0.00000000  0.1250
       5  0.00000000  0.00000000  0.25000000  0.1250
       6  0.50000000  0.00000000  0.25000000  0.1250
       7  0.00000000  0.50000000  0.25000000  0.1250
       8  0.50000000  0.50000000  0.25000000  0.1250
       9  0.00000000  0.00000000  0.50000000  0.1250
      10  0.50000000  0.00000000  0.50000000  0.1250
      11  0.00000000  0.50000000  0.50000000  0.1250
      12  0.50000000  0.50000000  0.50000000  0.1250
      13  0.00000000  0.00000000  0.75000000  0.1250
      14  0.50000000  0.00000000  0.75000000  0.1250
      15  0.00000000  0.50000000  0.75000000  0.1250
      16  0.50000000  0.50000000  0.75000000  0.1250

 DONE : INIT K-POINTS Time : 0.583038 (SEC)





 >>>>>>>>>>>>>>>>>>>>>>>>>>>>>>>>>>>>>>>>>>>>>>>>>>>>>>>>>>>>>>>>>>>>>>
 |                                                                    |
 | Setup plane waves of wave functions:                               |
 | Use the energy cutoff and the lattice vectors to generate the      |
 | dimensions of FFT grid. The number of FFT grid on each processor   |
 | is 'nrxx'. The number of plane wave basis in reciprocal space is   |
 | different for charege/potential and wave functions. We also set    |
 | the 'sticks' for the parallel of FFT. The number of plane wave of  |
 | each k-point is 'npwk[ik]' in each processor                       |
 <<<<<<<<<<<<<<<<<<<<<<<<<<<<<<<<<<<<<<<<<<<<<<<<<<<<<<<<<<<<<<<<<<<<<<





 SETUP PLANE WAVES FOR WAVE FUNCTIONS
     energy cutoff for wavefunc (unit:Ry) = 100
              fft grid for wave functions = [ 64, 64, 64 ]
                    number of plane waves = 18773
                         number of sticks = 865

 PARALLEL PW FOR WAVE FUNCTIONS
     PROC   COLUMNS(POT)             PW
        1             27            587
        2             27            587
        3             27            587
        4             27            587
        5             27            587
        6             27            587
        7             27            587
        8             27            587
        9             27            587
       10             27            587
       11             27            587
       12             27            587
       13             27            587
       14             27            587
       15             27            587
       16             27            587
       17             27            587
       18             27            587
       19             27            587
       20             27            587
       21             27            587
       22             27            587
       23             27            587
       24             27            587
       25             27            587
       26             28            588
       27             27            585
       28             27            585
       29             27            585
       30             27            585
       31             27            585
       32             27            585
 --------------- sum -------------------
       32            865          18773
 DONE : INIT PLANEWAVE Time : 0.592814 (SEC)

 SET NONLOCAL PSEUDOPOTENTIAL PROJECTORS
 SET NONLOCAL PSEUDOPOTENTIAL PROJECTORS
 max number of nonlocal projetors among all species is 8
 DONE : LOCAL POTENTIAL Time : 1.09246 (SEC)


 -------------------------------------------
 NONSELF-CONSISTENT
 -------------------------------------------




 >>>>>>>>>>>>>>>>>>>>>>>>>>>>>>>>>>>>>>>>>>>>>>>>>>>>>>>>>>>>>>>>>>>>>>
 |                                                                    |
 | Search adjacent atoms:                                             |
 | Set the adjacent atoms for each atom and set the periodic boundary |
 | condition for the atoms on real space FFT grid. For k-dependent    |
 | algorithm, we also need to set the sparse H and S matrix element   |
 | for each atom.                                                     |
 |                                                                    |
 <<<<<<<<<<<<<<<<<<<<<<<<<<<<<<<<<<<<<<<<<<<<<<<<<<<<<<<<<<<<<<<<<<<<<<





 SETUP SEARCHING RADIUS FOR PROGRAM TO SEARCH ADJACENT ATOMS
                  longest orb rcut (Bohr) = 10
   longest nonlocal projector rcut (Bohr) = 2.46
                     search radius (Bohr) = 24.9
              searching radius is (Bohr)) = 24.9
         searching radius unit is (Bohr)) = 1.89
                         PeriodicBoundary = 1
                        Radius(unit:lat0) = 13.2
                                   glayer = [ 4, 4, 4 ]
                             glayer_minus = [ 3, 3, 3 ]

Find the coordinate range of the input atom(unit:lat0).
                                  min_tau = [ -15.8, -15.1, -14.1 ]
                                  max_tau = [ 20.9, 19.2, 20.3 ]
                                BoxNumber = [ 7, 7, 7 ]

 SETUP EXTENDED REAL SPACE GRID FOR GRID INTEGRATION
                          real space grid = [ 64, 64, 64 ]
                 big cell numbers in grid = [ 32, 32, 32 ]
             meshcell numbers in big cell = [ 2, 2, 2 ]
                        extended fft grid = [ 33, 34, 34 ]
                dimension of extened grid = [ 99, 101, 101 ]
                            UnitCellTotal = 125
              Atom number in sub-FFT-grid = 12
    Local orbitals number in sub-FFT-grid = 212
                                ParaV.nnr = 77513

 Warning_Memory_Consuming allocated:  Gint::hRGint 12.7 MB

 Warning_Memory_Consuming allocated:  Gint::DMRGint 12.7 MB
                                 init_chg = file
 try to read charge from file
 Find the file OUT.ABACUS//SPIN1_CHG.cube , try to read it.
 Read in the charge density: OUT.ABACUS//SPIN1_CHG.cube
 DONE : INIT SCF Time : 1.71215 (SEC)


 LCAO ALGORITHM --------------- ION=   1  ELEC=   1--------------------------------
 Energy (eV) & Occupations  for spin=1 K-point=1
      1       -48.8490       0.125000
      2       -48.8308       0.125000
      3       -48.8308       0.125000
      4       -48.8287       0.125000
      5       -18.6597       0.125000
      6       -18.6358       0.125000
      7       -18.6293       0.125000
      8       -18.4171       0.125000
      9       -18.3841       0.125000
     10       -18.3608       0.125000
     11       -18.3484       0.125000
     12       -18.3458       0.125000
     13       -18.3381       0.125000
     14       -18.2453       0.125000
     15       -18.2415       0.125000
     16       -18.2377       0.125000
     17       -6.91039       0.125000
     18       -5.53619       0.125000
     19       -5.39422       0.125000
     20       -5.30481       0.125000
     21       -4.91932       0.125000
     22       -4.87733       0.125000
     23       -4.74769       0.125000
     24       -4.66324       0.125000
     25        5.65405       0.125000
     26        5.71056       0.125000
     27        5.90187       0.125000
     28        6.48778       0.125000
     29        6.66163       0.125000
     30        6.69789       0.125000
     31        7.90409       0.125000
     32        7.93933       0.125000
     33        8.04232       0.125000
     34        8.08900       0.125000
     35        8.51764       0.125000
     36        8.82659       0.125000
     37        8.88635       0.125000
     38        9.29419       0.125000
     39        9.34202       0.125000
     40        9.51902       0.125000
     41        9.74647       0.125000
     42        9.88192       0.125000
     43        9.99694       0.125000
     44        10.0845       0.125000
     45        10.4216       0.125000
     46        10.9180       0.125000
     47        11.0361       0.125000
     48        11.1812       0.125000
     49        16.1467        0.00000
     50        16.3933        0.00000
     51        16.5987        0.00000
     52        16.9165        0.00000
     53        16.9565        0.00000
     54        17.0527        0.00000
     55        17.1731        0.00000
     56        17.1950        0.00000
     57        17.4583        0.00000
     58        18.0079        0.00000
 Energy (eV) & Occupations  for spin=1 K-point=2
      1       -48.8412       0.125000
      2       -48.8412       0.125000
      3       -48.8286       0.125000
      4       -48.8286       0.125000
      5       -18.5432       0.125000
      6       -18.5432       0.125000
      7       -18.5264       0.125000
      8       -18.5263       0.125000
      9       -18.4450       0.125000
     10       -18.4449       0.125000
     11       -18.3496       0.125000
     12       -18.3496       0.125000
     13       -18.2869       0.125000
     14       -18.2869       0.125000
     15       -18.2834       0.125000
     16       -18.2834       0.125000
     17       -6.12725       0.125000
     18       -6.12723       0.125000
     19       -5.23773       0.125000
     20       -5.23773       0.125000
     21       -5.00622       0.125000
     22       -5.00616       0.125000
     23       -4.85966       0.125000
     24       -4.85959       0.125000
     25        6.27284       0.125000
     26        6.27286       0.125000
     27        6.61831       0.125000
     28        6.61834       0.125000
     29        7.14277       0.125000
     30        7.14286       0.125000
     31        7.25454       0.125000
     32        7.25458       0.125000
     33        7.71073       0.125000
     34        7.71076       0.125000
     35        8.51613       0.125000
     36        8.51619       0.125000
     37        8.94818       0.125000
     38        8.94821       0.125000
     39        9.25147       0.125000
     40        9.25152       0.125000
     41        9.53201       0.125000
     42        9.53206       0.125000
     43        10.2683       0.125000
     44        10.2683       0.125000
     45        10.4676       0.125000
     46        10.4676       0.125000
     47        10.7774       0.125000
     48        10.7774       0.125000
     49        16.4135        0.00000
     50        16.4135        0.00000
     51        16.8598        0.00000
     52        16.8598        0.00000
     53        16.8961        0.00000
     54        16.8962        0.00000
     55        17.3162        0.00000
     56        17.3162        0.00000
     57        18.1021        0.00000
     58        18.1022        0.00000
 Energy (eV) & Occupations  for spin=1 K-point=3
      1       -48.8433       0.125000
      2       -48.8366       0.125000
      3       -48.8302       0.125000
      4       -48.8293       0.125000
      5       -18.5696       0.125000
      6       -18.5429       0.125000
      7       -18.4774       0.125000
      8       -18.4766       0.125000
      9       -18.4488       0.125000
     10       -18.4232       0.125000
     11       -18.3801       0.125000
     12       -18.3582       0.125000
     13       -18.3218       0.125000
     14       -18.3134       0.125000
     15       -18.2909       0.125000
     16       -18.2749       0.125000
     17       -6.30990       0.125000
     18       -5.55363       0.125000
     19       -5.46407       0.125000
     20       -5.31372       0.125000
     21       -5.18624       0.125000
     22       -4.94905       0.125000
     23       -4.86173       0.125000
     24       -4.79015       0.125000
     25        5.97515       0.125000
     26        6.00550       0.125000
     27        6.71718       0.125000
     28        6.75911       0.125000
     29        6.78265       0.125000
     30        6.97516       0.125000
     31        7.15561       0.125000
     32        7.29193       0.125000
     33        7.85136       0.125000
     34        8.05731       0.125000
     35        8.51375       0.125000
     36        8.54833       0.125000
     37        8.72187       0.125000
     38        8.88340       0.125000
     39        9.47237       0.125000
     40        9.50581       0.125000
     41        9.80772       0.125000
     42        9.85198       0.125000
     43        10.0850       0.125000
     44        10.2835       0.125000
     45        10.3676       0.125000
     46        10.6857       0.125000
     47        11.0025       0.125000
     48        11.0273       0.125000
     49        15.8293    2.30371e-15
     50        16.1691        0.00000
     51        16.2558        0.00000
     52        16.7480        0.00000
     53        16.8348        0.00000
     54        17.3785        0.00000
     55        17.5955        0.00000
     56        17.7811        0.00000
     57        18.0647        0.00000
     58        18.1704        0.00000
 Energy (eV) & Occupations  for spin=1 K-point=4
      1       -48.8391       0.125000
      2       -48.8391       0.125000
      3       -48.8306       0.125000
      4       -48.8306       0.125000
      5       -18.5705       0.125000
      6       -18.5704       0.125000
      7       -18.4896       0.125000
      8       -18.4896       0.125000
      9       -18.4629       0.125000
     10       -18.4629       0.125000
     11       -18.3429       0.125000
     12       -18.3429       0.125000
     13       -18.3112       0.125000
     14       -18.3112       0.125000
     15       -18.2620       0.125000
     16       -18.2620       0.125000
     17       -5.97916       0.125000
     18       -5.97915       0.125000
     19       -5.33911       0.125000
     20       -5.33907       0.125000
     21       -5.09646       0.125000
     22       -5.09640       0.125000
     23       -4.82782       0.125000
     24       -4.82775       0.125000
     25        6.35975       0.125000
     26        6.35975       0.125000
     27        6.68623       0.125000
     28        6.68623       0.125000
     29        7.02882       0.125000
     30        7.02888       0.125000
     31        7.90459       0.125000
     32        7.90465       0.125000
     33        8.06495       0.125000
     34        8.06500       0.125000
     35        8.46846       0.125000
     36        8.46850       0.125000
     37        8.52568       0.125000
     38        8.52572       0.125000
     39        8.85976       0.125000
     40        8.85980       0.125000
     41        9.60949       0.125000
     42        9.60953       0.125000
     43        10.0324       0.125000
     44        10.0324       0.125000
     45        10.4361       0.125000
     46        10.4361       0.125000
     47        10.6620       0.125000
     48        10.6620       0.125000
     49        15.9854        0.00000
     50        15.9855        0.00000
     51        16.3679        0.00000
     52        16.3680        0.00000
     53        16.8899        0.00000
     54        16.8899        0.00000
     55        17.4997        0.00000
     56        17.4997        0.00000
     57        18.0434        0.00000
     58        18.0434        0.00000
 Energy (eV) & Occupations  for spin=1 K-point=5
      1       -48.8460       0.125000
      2       -48.8317       0.125000
      3       -48.8308       0.125000
      4       -48.8307       0.125000
      5       -18.6088       0.125000
      6       -18.6079       0.125000
      7       -18.5968       0.125000
      8       -18.4640       0.125000
      9       -18.3848       0.125000
     10       -18.3708       0.125000
     11       -18.3632       0.125000
     12       -18.3532       0.125000
     13       -18.3112       0.125000
     14       -18.2817       0.125000
     15       -18.2605       0.125000
     16       -18.2555       0.125000
     17       -6.66871       0.125000
     18       -5.50674       0.125000
     19       -5.50380       0.125000
     20       -5.34185       0.125000
     21       -5.03086       0.125000
     22       -4.83968       0.125000
     23       -4.81268       0.125000
     24       -4.68563       0.125000
     25        5.79659       0.125000
     26        5.93407       0.125000
     27        6.22389       0.125000
     28        6.57322       0.125000
     29        6.81337       0.125000
     30        7.21604       0.125000
     31        7.46998       0.125000
     32        7.59898       0.125000
     33        7.81808       0.125000
     34        8.17172       0.125000
     35        8.23800       0.125000
     36        8.75670       0.125000
     37        8.86990       0.125000
     38        9.07463       0.125000
     39        9.37966       0.125000
     40        9.53692       0.125000
     41        9.64355       0.125000
     42        9.75200       0.125000
     43        10.0988       0.125000
     44        10.1001       0.125000
     45        10.3189       0.125000
     46        10.8377       0.125000
     47        10.9591       0.125000
     48        11.0499       0.125000
     49        15.9916        0.00000
     50        16.3263        0.00000
     51        16.3876        0.00000
     52        16.7755        0.00000
     53        17.0567        0.00000
     54        17.1789        0.00000
     55        17.2085        0.00000
     56        17.3121        0.00000
     57        17.9928        0.00000
     58        18.3044        0.00000
 Energy (eV) & Occupations  for spin=1 K-point=6
      1       -48.8394       0.125000
      2       -48.8393       0.125000
      3       -48.8305       0.125000
      4       -48.8304       0.125000
      5       -18.5473       0.125000
      6       -18.5473       0.125000
      7       -18.5151       0.125000
      8       -18.5151       0.125000
      9       -18.4482       0.125000
     10       -18.4482       0.125000
     11       -18.3432       0.125000
     12       -18.3432       0.125000
     13       -18.3127       0.125000
     14       -18.3126       0.125000
     15       -18.2708       0.125000
     16       -18.2708       0.125000
     17       -6.00282       0.125000
     18       -6.00280       0.125000
     19       -5.37493       0.125000
     20       -5.37490       0.125000
     21       -4.98119       0.125000
     22       -4.98113       0.125000
     23       -4.88720       0.125000
     24       -4.88713       0.125000
     25        6.51429       0.125000
     26        6.51436       0.125000
     27        6.75566       0.125000
     28        6.75568       0.125000
     29        7.15687       0.125000
     30        7.15691       0.125000
     31        7.38362       0.125000
     32        7.38369       0.125000
     33        7.73198       0.125000
     34        7.73210       0.125000
     35        8.41340       0.125000
     36        8.41349       0.125000
     37        8.72505       0.125000
     38        8.72519       0.125000
     39        9.22171       0.125000
     40        9.22177       0.125000
     41        9.61223       0.125000
     42        9.61228       0.125000
     43        9.99086       0.125000
     44        9.99097       0.125000
     45        10.3314       0.125000
     46        10.3315       0.125000
     47        10.6777       0.125000
     48        10.6778       0.125000
     49        16.3293        0.00000
     50        16.3294        0.00000
     51        16.6972        0.00000
     52        16.6973        0.00000
     53        17.0918        0.00000
     54        17.0920        0.00000
     55        17.3186        0.00000
     56        17.3190        0.00000
     57        18.1886        0.00000
     58        18.1887        0.00000
 Energy (eV) & Occupations  for spin=1 K-point=7
      1       -48.8412       0.125000
      2       -48.8356       0.125000
      3       -48.8313       0.125000
      4       -48.8311       0.125000
      5       -18.5839       0.125000
      6       -18.5240       0.125000
      7       -18.5188       0.125000
      8       -18.5135       0.125000
      9       -18.4636       0.125000
     10       -18.4248       0.125000
     11       -18.3584       0.125000
     12       -18.3444       0.125000
     13       -18.2976       0.125000
     14       -18.2955       0.125000
     15       -18.2801       0.125000
     16       -18.2745       0.125000
     17       -6.17924       0.125000
     18       -5.51026       0.125000
     19       -5.48693       0.125000
     20       -5.38613       0.125000
     21       -5.24831       0.125000
     22       -5.02581       0.125000
     23       -4.84808       0.125000
     24       -4.78694       0.125000
     25        6.06866       0.125000
     26        6.34162       0.125000
     27        6.67129       0.125000
     28        6.80832       0.125000
     29        6.97935       0.125000
     30        7.09985       0.125000
     31        7.10821       0.125000
     32        7.46491       0.125000
     33        7.95782       0.125000
     34        8.02428       0.125000
     35        8.48036       0.125000
     36        8.57183       0.125000
     37        8.64753       0.125000
     38        9.01325       0.125000
     39        9.36093       0.125000
     40        9.44965       0.125000
     41        9.65106       0.125000
     42        9.78673       0.125000
     43        9.96125       0.125000
     44        9.98450       0.125000
     45        10.3299       0.125000
     46        10.3383       0.125000
     47        10.9151       0.125000
     48        10.9479       0.125000
     49        15.9307    6.93889e-18
     50        16.0352        0.00000
     51        16.1042        0.00000
     52        16.5514        0.00000
     53        16.5779        0.00000
     54        17.5297        0.00000
     55        17.5820        0.00000
     56        17.6989        0.00000
     57        17.7406        0.00000
     58        18.0728        0.00000
 Energy (eV) & Occupations  for spin=1 K-point=8
      1       -48.8378       0.125000
      2       -48.8378       0.125000
      3       -48.8319       0.125000
      4       -48.8318       0.125000
      5       -18.6218       0.125000
      6       -18.6218       0.125000
      7       -18.5701       0.125000
      8       -18.5701       0.125000
      9       -18.3689       0.125000
     10       -18.3689       0.125000
     11       -18.3162       0.125000
     12       -18.3161       0.125000
     13       -18.2928       0.125000
     14       -18.2928       0.125000
     15       -18.2655       0.125000
     16       -18.2654       0.125000
     17       -5.95433       0.125000
     18       -5.95432       0.125000
     19       -5.56766       0.125000
     20       -5.56760       0.125000
     21       -4.93614       0.125000
     22       -4.93610       0.125000
     23       -4.78626       0.125000
     24       -4.78618       0.125000
     25        6.61013       0.125000
     26        6.61017       0.125000
     27        6.78997       0.125000
     28        6.78998       0.125000
     29        7.09828       0.125000
     30        7.09836       0.125000
     31        7.53015       0.125000
     32        7.53025       0.125000
     33        8.12512       0.125000
     34        8.12519       0.125000
     35        8.28526       0.125000
     36        8.28531       0.125000
     37        8.90503       0.125000
     38        8.90505       0.125000
     39        9.10949       0.125000
     40        9.10967       0.125000
     41        9.65304       0.125000
     42        9.65313       0.125000
     43        9.82607       0.125000
     44        9.82611       0.125000
     45        10.0693       0.125000
     46        10.0694       0.125000
     47        10.5688       0.125000
     48        10.5688       0.125000
     49        15.8280    2.46331e-15
     50        15.8281    2.45637e-15
     51        16.4274        0.00000
     52        16.4274        0.00000
     53        16.7036        0.00000
     54        16.7038        0.00000
     55        17.4442        0.00000
     56        17.4444        0.00000
     57        17.9763        0.00000
     58        17.9764        0.00000
 Energy (eV) & Occupations  for spin=1 K-point=9
      1       -48.8389       0.125000
      2       -48.8389       0.125000
      3       -48.8307       0.125000
      4       -48.8307       0.125000
      5       -18.5468       0.125000
      6       -18.5468       0.125000
      7       -18.5210       0.125000
      8       -18.5210       0.125000
      9       -18.4409       0.125000
     10       -18.4409       0.125000
     11       -18.3521       0.125000
     12       -18.3520       0.125000
     13       -18.2915       0.125000
     14       -18.2915       0.125000
     15       -18.2844       0.125000
     16       -18.2843       0.125000
     17       -6.07133       0.125000
     18       -6.07130       0.125000
     19       -5.42559       0.125000
     20       -5.42553       0.125000
     21       -4.96067       0.125000
     22       -4.96064       0.125000
     23       -4.75492       0.125000
     24       -4.75484       0.125000
     25        6.07992       0.125000
     26        6.07998       0.125000
     27        6.86559       0.125000
     28        6.86563       0.125000
     29        7.09227       0.125000
     30        7.09229       0.125000
     31        7.38689       0.125000
     32        7.38705       0.125000
     33        7.61206       0.125000
     34        7.61211       0.125000
     35        8.64898       0.125000
     36        8.64911       0.125000
     37        8.65374       0.125000
     38        8.65395       0.125000
     39        9.34618       0.125000
     40        9.34623       0.125000
     41        9.35861       0.125000
     42        9.35875       0.125000
     43        10.1981       0.125000
     44        10.1982       0.125000
     45        10.7577       0.125000
     46        10.7578       0.125000
     47        10.9097       0.125000
     48        10.9098       0.125000
     49        15.8800    1.45717e-16
     50        15.8802    1.45717e-16
     51        16.5150        0.00000
     52        16.5152        0.00000
     53        17.2221        0.00000
     54        17.2223        0.00000
     55        17.3595        0.00000
     56        17.3595        0.00000
     57        18.5946        0.00000
     58        18.5947        0.00000
 Energy (eV) & Occupations  for spin=1 K-point=10
      1       -48.8349       0.125000
      2       -48.8349       0.125000
      3       -48.8348       0.125000
      4       -48.8348       0.125000
      5       -18.5339       0.125000
      6       -18.5339       0.125000
      7       -18.5339       0.125000
      8       -18.5339       0.125000
      9       -18.4012       0.125000
     10       -18.4012       0.125000
     11       -18.4012       0.125000
     12       -18.4011       0.125000
     13       -18.2851       0.125000
     14       -18.2851       0.125000
     15       -18.2851       0.125000
     16       -18.2851       0.125000
     17       -5.69465       0.125000
     18       -5.69462       0.125000
     19       -5.69459       0.125000
     20       -5.69454       0.125000
     21       -4.93554       0.125000
     22       -4.93547       0.125000
     23       -4.93545       0.125000
     24       -4.93543       0.125000
     25        6.80463       0.125000
     26        6.80464       0.125000
     27        6.80465       0.125000
     28        6.80467       0.125000
     29        7.41823       0.125000
     30        7.41825       0.125000
     31        7.41831       0.125000
     32        7.41834       0.125000
     33        7.98789       0.125000
     34        7.98793       0.125000
     35        7.98814       0.125000
     36        7.98819       0.125000
     37        8.80849       0.125000
     38        8.80851       0.125000
     39        8.80867       0.125000
     40        8.80868       0.125000
     41        9.66446       0.125000
     42        9.66450       0.125000
     43        9.66468       0.125000
     44        9.66469       0.125000
     45        10.4550       0.125000
     46        10.4551       0.125000
     47        10.4552       0.125000
     48        10.4552       0.125000
     49        16.3831        0.00000
     50        16.3831        0.00000
     51        16.3833        0.00000
     52        16.3834        0.00000
     53        17.3808        0.00000
     54        17.3808        0.00000
     55        17.3811        0.00000
     56        17.3811        0.00000
     57        18.3141        0.00000
     58        18.3141        0.00000
 Energy (eV) & Occupations  for spin=1 K-point=11
      1       -48.8363       0.125000
      2       -48.8362       0.125000
      3       -48.8333       0.125000
      4       -48.8333       0.125000
      5       -18.5743       0.125000
      6       -18.5743       0.125000
      7       -18.5327       0.125000
      8       -18.5327       0.125000
      9       -18.4256       0.125000
     10       -18.4256       0.125000
     11       -18.3669       0.125000
     12       -18.3669       0.125000
     13       -18.2801       0.125000
     14       -18.2801       0.125000
     15       -18.2605       0.125000
     16       -18.2604       0.125000
     17       -5.84980       0.125000
     18       -5.84977       0.125000
     19       -5.38766       0.125000
     20       -5.38755       0.125000
     21       -5.20611       0.125000
     22       -5.20594       0.125000
     23       -4.81294       0.125000
     24       -4.81286       0.125000
     25        6.38983       0.125000
     26        6.38986       0.125000
     27        6.80465       0.125000
     28        6.80475       0.125000
     29        7.22538       0.125000
     30        7.22558       0.125000
     31        7.39276       0.125000
     32        7.39285       0.125000
     33        7.92806       0.125000
     34        7.92819       0.125000
     35        8.40435       0.125000
     36        8.40446       0.125000
     37        9.02893       0.125000
     38        9.02907       0.125000
     39        9.34468       0.125000
     40        9.34479       0.125000
     41        9.50755       0.125000
     42        9.50767       0.125000
     43        9.74854       0.125000
     44        9.74876       0.125000
     45        10.2087       0.125000
     46        10.2090       0.125000
     47        10.8285       0.125000
     48        10.8286       0.125000
     49        15.7994    1.11092e-14
     50        15.7997    1.09426e-14
     51        16.1617        0.00000
     52        16.1621        0.00000
     53        17.1789        0.00000
     54        17.1791        0.00000
     55        17.5727        0.00000
     56        17.5727        0.00000
     57        17.7477        0.00000
     58        17.7478        0.00000
 Energy (eV) & Occupations  for spin=1 K-point=12
      1       -48.8348       0.125000
      2       -48.8348       0.125000
      3       -48.8348       0.125000
      4       -48.8347       0.125000
      5       -18.6356       0.125000
      6       -18.6356       0.125000
      7       -18.6356       0.125000
      8       -18.6356       0.125000
      9       -18.3046       0.125000
     10       -18.3046       0.125000
     11       -18.3046       0.125000
     12       -18.3045       0.125000
     13       -18.2756       0.125000
     14       -18.2756       0.125000
     15       -18.2755       0.125000
     16       -18.2755       0.125000
     17       -5.82765       0.125000
     18       -5.82762       0.125000
     19       -5.82759       0.125000
     20       -5.82752       0.125000
     21       -4.79581       0.125000
     22       -4.79576       0.125000
     23       -4.79573       0.125000
     24       -4.79570       0.125000
     25        6.89948       0.125000
     26        6.89951       0.125000
     27        6.89956       0.125000
     28        6.89956       0.125000
     29        7.24442       0.125000
     30        7.24445       0.125000
     31        7.24465       0.125000
     32        7.24467       0.125000
     33        8.29620       0.125000
     34        8.29622       0.125000
     35        8.29650       0.125000
     36        8.29653       0.125000
     37        8.94371       0.125000
     38        8.94376       0.125000
     39        8.94385       0.125000
     40        8.94386       0.125000
     41        9.59271       0.125000
     42        9.59275       0.125000
     43        9.59282       0.125000
     44        9.59284       0.125000
     45        10.2902       0.125000
     46        10.2902       0.125000
     47        10.2902       0.125000
     48        10.2903       0.125000
     49        15.9079    2.77556e-17
     50        15.9080    2.77556e-17
     51        15.9082    2.77556e-17
     52        15.9082    2.77556e-17
     53        17.1162        0.00000
     54        17.1163        0.00000
     55        17.1165        0.00000
     56        17.1166        0.00000
     57        18.1162        0.00000
     58        18.1162        0.00000
 Energy (eV) & Occupations  for spin=1 K-point=13
      1       -48.8460       0.125000
      2       -48.8317       0.125000
      3       -48.8308       0.125000
      4       -48.8307       0.125000
      5       -18.6088       0.125000
      6       -18.6079       0.125000
      7       -18.5968       0.125000
      8       -18.4640       0.125000
      9       -18.3848       0.125000
     10       -18.3708       0.125000
     11       -18.3632       0.125000
     12       -18.3532       0.125000
     13       -18.3112       0.125000
     14       -18.2817       0.125000
     15       -18.2605       0.125000
     16       -18.2555       0.125000
     17       -6.66871       0.125000
     18       -5.50674       0.125000
     19       -5.50380       0.125000
     20       -5.34185       0.125000
     21       -5.03086       0.125000
     22       -4.83968       0.125000
     23       -4.81268       0.125000
     24       -4.68563       0.125000
     25        5.79659       0.125000
     26        5.93407       0.125000
     27        6.22389       0.125000
     28        6.57322       0.125000
     29        6.81337       0.125000
     30        7.21604       0.125000
     31        7.46998       0.125000
     32        7.59898       0.125000
     33        7.81808       0.125000
     34        8.17172       0.125000
     35        8.23800       0.125000
     36        8.75670       0.125000
     37        8.86990       0.125000
     38        9.07463       0.125000
     39        9.37966       0.125000
     40        9.53692       0.125000
     41        9.64355       0.125000
     42        9.75200       0.125000
     43        10.0988       0.125000
     44        10.1001       0.125000
     45        10.3189       0.125000
     46        10.8377       0.125000
     47        10.9591       0.125000
     48        11.0499       0.125000
     49        15.9916        0.00000
     50        16.3263        0.00000
     51        16.3876        0.00000
     52        16.7755        0.00000
     53        17.0567        0.00000
     54        17.1789        0.00000
     55        17.2085        0.00000
     56        17.3121        0.00000
     57        17.9928        0.00000
     58        18.3044        0.00000
 Energy (eV) & Occupations  for spin=1 K-point=14
      1       -48.8394       0.125000
      2       -48.8393       0.125000
      3       -48.8305       0.125000
      4       -48.8304       0.125000
      5       -18.5473       0.125000
      6       -18.5473       0.125000
      7       -18.5151       0.125000
      8       -18.5151       0.125000
      9       -18.4482       0.125000
     10       -18.4482       0.125000
     11       -18.3432       0.125000
     12       -18.3432       0.125000
     13       -18.3127       0.125000
     14       -18.3126       0.125000
     15       -18.2708       0.125000
     16       -18.2708       0.125000
     17       -6.00282       0.125000
     18       -6.00280       0.125000
     19       -5.37493       0.125000
     20       -5.37490       0.125000
     21       -4.98119       0.125000
     22       -4.98113       0.125000
     23       -4.88720       0.125000
     24       -4.88713       0.125000
     25        6.51429       0.125000
     26        6.51436       0.125000
     27        6.75566       0.125000
     28        6.75568       0.125000
     29        7.15687       0.125000
     30        7.15691       0.125000
     31        7.38362       0.125000
     32        7.38369       0.125000
     33        7.73198       0.125000
     34        7.73210       0.125000
     35        8.41340       0.125000
     36        8.41349       0.125000
     37        8.72505       0.125000
     38        8.72519       0.125000
     39        9.22171       0.125000
     40        9.22177       0.125000
     41        9.61223       0.125000
     42        9.61228       0.125000
     43        9.99086       0.125000
     44        9.99097       0.125000
     45        10.3314       0.125000
     46        10.3315       0.125000
     47        10.6777       0.125000
     48        10.6778       0.125000
     49        16.3293        0.00000
     50        16.3294        0.00000
     51        16.6972        0.00000
     52        16.6973        0.00000
     53        17.0918        0.00000
     54        17.0920        0.00000
     55        17.3186        0.00000
     56        17.3190        0.00000
     57        18.1886        0.00000
     58        18.1887        0.00000
 Energy (eV) & Occupations  for spin=1 K-point=15
      1       -48.8412       0.125000
      2       -48.8356       0.125000
      3       -48.8313       0.125000
      4       -48.8311       0.125000
      5       -18.5839       0.125000
      6       -18.5240       0.125000
      7       -18.5188       0.125000
      8       -18.5135       0.125000
      9       -18.4636       0.125000
     10       -18.4248       0.125000
     11       -18.3584       0.125000
     12       -18.3444       0.125000
     13       -18.2976       0.125000
     14       -18.2955       0.125000
     15       -18.2801       0.125000
     16       -18.2745       0.125000
     17       -6.17924       0.125000
     18       -5.51026       0.125000
     19       -5.48693       0.125000
     20       -5.38613       0.125000
     21       -5.24831       0.125000
     22       -5.02581       0.125000
     23       -4.84808       0.125000
     24       -4.78694       0.125000
     25        6.06866       0.125000
     26        6.34162       0.125000
     27        6.67129       0.125000
     28        6.80832       0.125000
     29        6.97935       0.125000
     30        7.09985       0.125000
     31        7.10821       0.125000
     32        7.46491       0.125000
     33        7.95782       0.125000
     34        8.02428       0.125000
     35        8.48036       0.125000
     36        8.57183       0.125000
     37        8.64753       0.125000
     38        9.01325       0.125000
     39        9.36093       0.125000
     40        9.44965       0.125000
     41        9.65106       0.125000
     42        9.78673       0.125000
     43        9.96125       0.125000
     44        9.98450       0.125000
     45        10.3299       0.125000
     46        10.3383       0.125000
     47        10.9151       0.125000
     48        10.9479       0.125000
     49        15.9307    6.93889e-18
     50        16.0352        0.00000
     51        16.1042        0.00000
     52        16.5514        0.00000
     53        16.5779        0.00000
     54        17.5297        0.00000
     55        17.5820        0.00000
     56        17.6989        0.00000
     57        17.7406        0.00000
     58        18.0728        0.00000
 Energy (eV) & Occupations  for spin=1 K-point=16
      1       -48.8378       0.125000
      2       -48.8378       0.125000
      3       -48.8319       0.125000
      4       -48.8318       0.125000
      5       -18.6218       0.125000
      6       -18.6218       0.125000
      7       -18.5701       0.125000
      8       -18.5701       0.125000
      9       -18.3689       0.125000
     10       -18.3689       0.125000
     11       -18.3162       0.125000
     12       -18.3161       0.125000
     13       -18.2928       0.125000
     14       -18.2928       0.125000
     15       -18.2655       0.125000
     16       -18.2654       0.125000
     17       -5.95433       0.125000
     18       -5.95432       0.125000
     19       -5.56766       0.125000
     20       -5.56760       0.125000
     21       -4.93614       0.125000
     22       -4.93610       0.125000
     23       -4.78626       0.125000
     24       -4.78618       0.125000
     25        6.61013       0.125000
     26        6.61017       0.125000
     27        6.78997       0.125000
     28        6.78998       0.125000
     29        7.09828       0.125000
     30        7.09836       0.125000
     31        7.53015       0.125000
     32        7.53025       0.125000
     33        8.12512       0.125000
     34        8.12519       0.125000
     35        8.28526       0.125000
     36        8.28531       0.125000
     37        8.90503       0.125000
     38        8.90505       0.125000
     39        9.10949       0.125000
     40        9.10967       0.125000
     41        9.65304       0.125000
     42        9.65313       0.125000
     43        9.82607       0.125000
     44        9.82611       0.125000
     45        10.0693       0.125000
     46        10.0694       0.125000
     47        10.5688       0.125000
     48        10.5688       0.125000
     49        15.8280    2.46331e-15
     50        15.8281    2.45637e-15
     51        16.4274        0.00000
     52        16.4274        0.00000
     53        16.7036        0.00000
     54        16.7038        0.00000
     55        17.4442        0.00000
     56        17.4444        0.00000
     57        17.9763        0.00000
     58        17.9764        0.00000

 Density error is 0.00000000000
----------------------------------------------------------
     Energy           Rydberg                 eV          
----------------------------------------------------------
 E_KohnSham     -719.0567030804      -9783.2683469880     
 E_KS(sigma->0) -719.0567030804      -9783.2683469880     
 E_Harris       -719.0567030804      -9783.2683469880     
 E_band         -37.1999572239       -506.1313836009      
 E_one_elec     -122.2732517524      -1663.6129368207     
 E_Hartree      117.1537107425       1593.9580079417      
 E_xc           -182.4217750996      -2481.9755806287     
 E_Ewald        -531.5153869710      -7231.6378374802     
 E_entropy(-TS) -0.0000000000        -0.0000000000        
 E_descf        0.0000000000         0.0000000000         
 E_exx          0.0000000000         0.0000000000         
 E_Fermi        1.0831226562         14.7366397576        
----------------------------------------------------------


 charge density convergence is achieved
 final etot is -9783.2683470 eV
 EFERMI = 14.736639758 eV

 STATE ENERGY(eV) AND OCCUPATIONS    NSPIN == 1
 1/16 kpoint (Cartesian) = 0.0000 0.0000 0.0000 (477 pws)
       1       -48.8490       0.125000
       2       -48.8308       0.125000
       3       -48.8308       0.125000
       4       -48.8287       0.125000
       5       -18.6597       0.125000
       6       -18.6358       0.125000
       7       -18.6293       0.125000
       8       -18.4171       0.125000
       9       -18.3841       0.125000
      10       -18.3608       0.125000
      11       -18.3484       0.125000
      12       -18.3458       0.125000
      13       -18.3381       0.125000
      14       -18.2453       0.125000
      15       -18.2415       0.125000
      16       -18.2377       0.125000
      17       -6.91039       0.125000
      18       -5.53619       0.125000
      19       -5.39422       0.125000
      20       -5.30481       0.125000
      21       -4.91932       0.125000
      22       -4.87733       0.125000
      23       -4.74769       0.125000
      24       -4.66324       0.125000
      25        5.65405       0.125000
      26        5.71056       0.125000
      27        5.90187       0.125000
      28        6.48778       0.125000
      29        6.66163       0.125000
      30        6.69789       0.125000
      31        7.90409       0.125000
      32        7.93933       0.125000
      33        8.04232       0.125000
      34        8.08900       0.125000
      35        8.51764       0.125000
      36        8.82659       0.125000
      37        8.88635       0.125000
      38        9.29419       0.125000
      39        9.34202       0.125000
      40        9.51902       0.125000
      41        9.74647       0.125000
      42        9.88192       0.125000
      43        9.99694       0.125000
      44        10.0845       0.125000
      45        10.4216       0.125000
      46        10.9180       0.125000
      47        11.0361       0.125000
      48        11.1812       0.125000
      49        16.1467        0.00000
      50        16.3933        0.00000
      51        16.5987        0.00000
      52        16.9165        0.00000
      53        16.9565        0.00000
      54        17.0527        0.00000
      55        17.1731        0.00000
      56        17.1950        0.00000
      57        17.4583        0.00000
      58        18.0079        0.00000

 2/16 kpoint (Cartesian) = 0.094690 -7.7975e-08 -1.1953e-07 (480 pws)
       1       -48.8412       0.125000
       2       -48.8412       0.125000
       3       -48.8286       0.125000
       4       -48.8286       0.125000
       5       -18.5432       0.125000
       6       -18.5432       0.125000
       7       -18.5264       0.125000
       8       -18.5263       0.125000
       9       -18.4450       0.125000
      10       -18.4449       0.125000
      11       -18.3496       0.125000
      12       -18.3496       0.125000
      13       -18.2869       0.125000
      14       -18.2869       0.125000
      15       -18.2834       0.125000
      16       -18.2834       0.125000
      17       -6.12725       0.125000
      18       -6.12723       0.125000
      19       -5.23773       0.125000
      20       -5.23773       0.125000
      21       -5.00622       0.125000
      22       -5.00616       0.125000
      23       -4.85966       0.125000
      24       -4.85959       0.125000
      25        6.27284       0.125000
      26        6.27286       0.125000
      27        6.61831       0.125000
      28        6.61834       0.125000
      29        7.14277       0.125000
      30        7.14286       0.125000
      31        7.25454       0.125000
      32        7.25458       0.125000
      33        7.71073       0.125000
      34        7.71076       0.125000
      35        8.51613       0.125000
      36        8.51619       0.125000
      37        8.94818       0.125000
      38        8.94821       0.125000
      39        9.25147       0.125000
      40        9.25152       0.125000
      41        9.53201       0.125000
      42        9.53206       0.125000
      43        10.2683       0.125000
      44        10.2683       0.125000
      45        10.4676       0.125000
      46        10.4676       0.125000
      47        10.7774       0.125000
      48        10.7774       0.125000
      49        16.4135        0.00000
      50        16.4135        0.00000
      51        16.8598        0.00000
      52        16.8598        0.00000
      53        16.8961        0.00000
      54        16.8962        0.00000
      55        17.3162        0.00000
      56        17.3162        0.00000
      57        18.1021        0.00000
      58        18.1022        0.00000

 3/16 kpoint (Cartesian) = -8.2149e-08 0.098949 1.2677e-07 (473 pws)
       1       -48.8433       0.125000
       2       -48.8366       0.125000
       3       -48.8302       0.125000
       4       -48.8293       0.125000
       5       -18.5696       0.125000
       6       -18.5429       0.125000
       7       -18.4774       0.125000
       8       -18.4766       0.125000
       9       -18.4488       0.125000
      10       -18.4232       0.125000
      11       -18.3801       0.125000
      12       -18.3582       0.125000
      13       -18.3218       0.125000
      14       -18.3134       0.125000
      15       -18.2909       0.125000
      16       -18.2749       0.125000
      17       -6.30990       0.125000
      18       -5.55363       0.125000
      19       -5.46407       0.125000
      20       -5.31372       0.125000
      21       -5.18624       0.125000
      22       -4.94905       0.125000
      23       -4.86173       0.125000
      24       -4.79015       0.125000
      25        5.97515       0.125000
      26        6.00550       0.125000
      27        6.71718       0.125000
      28        6.75911       0.125000
      29        6.78265       0.125000
      30        6.97516       0.125000
      31        7.15561       0.125000
      32        7.29193       0.125000
      33        7.85136       0.125000
      34        8.05731       0.125000
      35        8.51375       0.125000
      36        8.54833       0.125000
      37        8.72187       0.125000
      38        8.88340       0.125000
      39        9.47237       0.125000
      40        9.50581       0.125000
      41        9.80772       0.125000
      42        9.85198       0.125000
      43        10.0850       0.125000
      44        10.2835       0.125000
      45        10.3676       0.125000
      46        10.6857       0.125000
      47        11.0025       0.125000
      48        11.0273       0.125000
      49        15.8293    2.30371e-15
      50        16.1691        0.00000
      51        16.2558        0.00000
      52        16.7480        0.00000
      53        16.8348        0.00000
      54        17.3785        0.00000
      55        17.5955        0.00000
      56        17.7811        0.00000
      57        18.0647        0.00000
      58        18.1704        0.00000

 4/16 kpoint (Cartesian) = 0.094690 0.098949 7.2391e-09 (471 pws)
       1       -48.8391       0.125000
       2       -48.8391       0.125000
       3       -48.8306       0.125000
       4       -48.8306       0.125000
       5       -18.5705       0.125000
       6       -18.5704       0.125000
       7       -18.4896       0.125000
       8       -18.4896       0.125000
       9       -18.4629       0.125000
      10       -18.4629       0.125000
      11       -18.3429       0.125000
      12       -18.3429       0.125000
      13       -18.3112       0.125000
      14       -18.3112       0.125000
      15       -18.2620       0.125000
      16       -18.2620       0.125000
      17       -5.97916       0.125000
      18       -5.97915       0.125000
      19       -5.33911       0.125000
      20       -5.33907       0.125000
      21       -5.09646       0.125000
      22       -5.09640       0.125000
      23       -4.82782       0.125000
      24       -4.82775       0.125000
      25        6.35975       0.125000
      26        6.35975       0.125000
      27        6.68623       0.125000
      28        6.68623       0.125000
      29        7.02882       0.125000
      30        7.02888       0.125000
      31        7.90459       0.125000
      32        7.90465       0.125000
      33        8.06495       0.125000
      34        8.06500       0.125000
      35        8.46846       0.125000
      36        8.46850       0.125000
      37        8.52568       0.125000
      38        8.52572       0.125000
      39        8.85976       0.125000
      40        8.85980       0.125000
      41        9.60949       0.125000
      42        9.60953       0.125000
      43        10.0324       0.125000
      44        10.0324       0.125000
      45        10.4361       0.125000
      46        10.4361       0.125000
      47        10.6620       0.125000
      48        10.6620       0.125000
      49        15.9854        0.00000
      50        15.9855        0.00000
      51        16.3679        0.00000
      52        16.3680        0.00000
      53        16.8899        0.00000
      54        16.8899        0.00000
      55        17.4997        0.00000
      56        17.4997        0.00000
      57        18.0434        0.00000
      58        18.0434        0.00000

 5/16 kpoint (Cartesian) = -5.4672e-08 6.3080e-08 0.049161 (476 pws)
       1       -48.8460       0.125000
       2       -48.8317       0.125000
       3       -48.8308       0.125000
       4       -48.8307       0.125000
       5       -18.6088       0.125000
       6       -18.6079       0.125000
       7       -18.5968       0.125000
       8       -18.4640       0.125000
       9       -18.3848       0.125000
      10       -18.3708       0.125000
      11       -18.3632       0.125000
      12       -18.3532       0.125000
      13       -18.3112       0.125000
      14       -18.2817       0.125000
      15       -18.2605       0.125000
      16       -18.2555       0.125000
      17       -6.66871       0.125000
      18       -5.50674       0.125000
      19       -5.50380       0.125000
      20       -5.34185       0.125000
      21       -5.03086       0.125000
      22       -4.83968       0.125000
      23       -4.81268       0.125000
      24       -4.68563       0.125000
      25        5.79659       0.125000
      26        5.93407       0.125000
      27        6.22389       0.125000
      28        6.57322       0.125000
      29        6.81337       0.125000
      30        7.21604       0.125000
      31        7.46998       0.125000
      32        7.59898       0.125000
      33        7.81808       0.125000
      34        8.17172       0.125000
      35        8.23800       0.125000
      36        8.75670       0.125000
      37        8.86990       0.125000
      38        9.07463       0.125000
      39        9.37966       0.125000
      40        9.53692       0.125000
      41        9.64355       0.125000
      42        9.75200       0.125000
      43        10.0988       0.125000
      44        10.1001       0.125000
      45        10.3189       0.125000
      46        10.8377       0.125000
      47        10.9591       0.125000
      48        11.0499       0.125000
      49        15.9916        0.00000
      50        16.3263        0.00000
      51        16.3876        0.00000
      52        16.7755        0.00000
      53        17.0567        0.00000
      54        17.1789        0.00000
      55        17.2085        0.00000
      56        17.3121        0.00000
      57        17.9928        0.00000
      58        18.3044        0.00000

 6/16 kpoint (Cartesian) = 0.094690 -1.4896e-08 0.049161 (478 pws)
       1       -48.8394       0.125000
       2       -48.8393       0.125000
       3       -48.8305       0.125000
       4       -48.8304       0.125000
       5       -18.5473       0.125000
       6       -18.5473       0.125000
       7       -18.5151       0.125000
       8       -18.5151       0.125000
       9       -18.4482       0.125000
      10       -18.4482       0.125000
      11       -18.3432       0.125000
      12       -18.3432       0.125000
      13       -18.3127       0.125000
      14       -18.3126       0.125000
      15       -18.2708       0.125000
      16       -18.2708       0.125000
      17       -6.00282       0.125000
      18       -6.00280       0.125000
      19       -5.37493       0.125000
      20       -5.37490       0.125000
      21       -4.98119       0.125000
      22       -4.98113       0.125000
      23       -4.88720       0.125000
      24       -4.88713       0.125000
      25        6.51429       0.125000
      26        6.51436       0.125000
      27        6.75566       0.125000
      28        6.75568       0.125000
      29        7.15687       0.125000
      30        7.15691       0.125000
      31        7.38362       0.125000
      32        7.38369       0.125000
      33        7.73198       0.125000
      34        7.73210       0.125000
      35        8.41340       0.125000
      36        8.41349       0.125000
      37        8.72505       0.125000
      38        8.72519       0.125000
      39        9.22171       0.125000
      40        9.22177       0.125000
      41        9.61223       0.125000
      42        9.61228       0.125000
      43        9.99086       0.125000
      44        9.99097       0.125000
      45        10.3314       0.125000
      46        10.3315       0.125000
      47        10.6777       0.125000
      48        10.6778       0.125000
      49        16.3293        0.00000
      50        16.3294        0.00000
      51        16.6972        0.00000
      52        16.6973        0.00000
      53        17.0918        0.00000
      54        17.0920        0.00000
      55        17.3186        0.00000
      56        17.3190        0.00000
      57        18.1886        0.00000
      58        18.1887        0.00000

 7/16 kpoint (Cartesian) = -1.3682e-07 0.098949 0.049161 (474 pws)
       1       -48.8412       0.125000
       2       -48.8356       0.125000
       3       -48.8313       0.125000
       4       -48.8311       0.125000
       5       -18.5839       0.125000
       6       -18.5240       0.125000
       7       -18.5188       0.125000
       8       -18.5135       0.125000
       9       -18.4636       0.125000
      10       -18.4248       0.125000
      11       -18.3584       0.125000
      12       -18.3444       0.125000
      13       -18.2976       0.125000
      14       -18.2955       0.125000
      15       -18.2801       0.125000
      16       -18.2745       0.125000
      17       -6.17924       0.125000
      18       -5.51026       0.125000
      19       -5.48693       0.125000
      20       -5.38613       0.125000
      21       -5.24831       0.125000
      22       -5.02581       0.125000
      23       -4.84808       0.125000
      24       -4.78694       0.125000
      25        6.06866       0.125000
      26        6.34162       0.125000
      27        6.67129       0.125000
      28        6.80832       0.125000
      29        6.97935       0.125000
      30        7.09985       0.125000
      31        7.10821       0.125000
      32        7.46491       0.125000
      33        7.95782       0.125000
      34        8.02428       0.125000
      35        8.48036       0.125000
      36        8.57183       0.125000
      37        8.64753       0.125000
      38        9.01325       0.125000
      39        9.36093       0.125000
      40        9.44965       0.125000
      41        9.65106       0.125000
      42        9.78673       0.125000
      43        9.96125       0.125000
      44        9.98450       0.125000
      45        10.3299       0.125000
      46        10.3383       0.125000
      47        10.9151       0.125000
      48        10.9479       0.125000
      49        15.9307    6.93889e-18
      50        16.0352        0.00000
      51        16.1042        0.00000
      52        16.5514        0.00000
      53        16.5779        0.00000
      54        17.5297        0.00000
      55        17.5820        0.00000
      56        17.6989        0.00000
      57        17.7406        0.00000
      58        18.0728        0.00000

 8/16 kpoint (Cartesian) = 0.094690 0.098949 0.049161 (468 pws)
       1       -48.8378       0.125000
       2       -48.8378       0.125000
       3       -48.8319       0.125000
       4       -48.8318       0.125000
       5       -18.6218       0.125000
       6       -18.6218       0.125000
       7       -18.5701       0.125000
       8       -18.5701       0.125000
       9       -18.3689       0.125000
      10       -18.3689       0.125000
      11       -18.3162       0.125000
      12       -18.3161       0.125000
      13       -18.2928       0.125000
      14       -18.2928       0.125000
      15       -18.2655       0.125000
      16       -18.2654       0.125000
      17       -5.95433       0.125000
      18       -5.95432       0.125000
      19       -5.56766       0.125000
      20       -5.56760       0.125000
      21       -4.93614       0.125000
      22       -4.93610       0.125000
      23       -4.78626       0.125000
      24       -4.78618       0.125000
      25        6.61013       0.125000
      26        6.61017       0.125000
      27        6.78997       0.125000
      28        6.78998       0.125000
      29        7.09828       0.125000
      30        7.09836       0.125000
      31        7.53015       0.125000
      32        7.53025       0.125000
      33        8.12512       0.125000
      34        8.12519       0.125000
      35        8.28526       0.125000
      36        8.28531       0.125000
      37        8.90503       0.125000
      38        8.90505       0.125000
      39        9.10949       0.125000
      40        9.10967       0.125000
      41        9.65304       0.125000
      42        9.65313       0.125000
      43        9.82607       0.125000
      44        9.82611       0.125000
      45        10.0693       0.125000
      46        10.0694       0.125000
      47        10.5688       0.125000
      48        10.5688       0.125000
      49        15.8280    2.46331e-15
      50        15.8281    2.45637e-15
      51        16.4274        0.00000
      52        16.4274        0.00000
      53        16.7036        0.00000
      54        16.7038        0.00000
      55        17.4442        0.00000
      56        17.4444        0.00000
      57        17.9763        0.00000
      58        17.9764        0.00000

 9/16 kpoint (Cartesian) = -1.0934e-07 1.2616e-07 0.098322 (482 pws)
       1       -48.8389       0.125000
       2       -48.8389       0.125000
       3       -48.8307       0.125000
       4       -48.8307       0.125000
       5       -18.5468       0.125000
       6       -18.5468       0.125000
       7       -18.5210       0.125000
       8       -18.5210       0.125000
       9       -18.4409       0.125000
      10       -18.4409       0.125000
      11       -18.3521       0.125000
      12       -18.3520       0.125000
      13       -18.2915       0.125000
      14       -18.2915       0.125000
      15       -18.2844       0.125000
      16       -18.2843       0.125000
      17       -6.07133       0.125000
      18       -6.07130       0.125000
      19       -5.42559       0.125000
      20       -5.42553       0.125000
      21       -4.96067       0.125000
      22       -4.96064       0.125000
      23       -4.75492       0.125000
      24       -4.75484       0.125000
      25        6.07992       0.125000
      26        6.07998       0.125000
      27        6.86559       0.125000
      28        6.86563       0.125000
      29        7.09227       0.125000
      30        7.09229       0.125000
      31        7.38689       0.125000
      32        7.38705       0.125000
      33        7.61206       0.125000
      34        7.61211       0.125000
      35        8.64898       0.125000
      36        8.64911       0.125000
      37        8.65374       0.125000
      38        8.65395       0.125000
      39        9.34618       0.125000
      40        9.34623       0.125000
      41        9.35861       0.125000
      42        9.35875       0.125000
      43        10.1981       0.125000
      44        10.1982       0.125000
      45        10.7577       0.125000
      46        10.7578       0.125000
      47        10.9097       0.125000
      48        10.9098       0.125000
      49        15.8800    1.45717e-16
      50        15.8802    1.45717e-16
      51        16.5150        0.00000
      52        16.5152        0.00000
      53        17.2221        0.00000
      54        17.2223        0.00000
      55        17.3595        0.00000
      56        17.3595        0.00000
      57        18.5946        0.00000
      58        18.5947        0.00000

 10/16 kpoint (Cartesian) = 0.094690 4.8184e-08 0.098322 (480 pws)
       1       -48.8349       0.125000
       2       -48.8349       0.125000
       3       -48.8348       0.125000
       4       -48.8348       0.125000
       5       -18.5339       0.125000
       6       -18.5339       0.125000
       7       -18.5339       0.125000
       8       -18.5339       0.125000
       9       -18.4012       0.125000
      10       -18.4012       0.125000
      11       -18.4012       0.125000
      12       -18.4011       0.125000
      13       -18.2851       0.125000
      14       -18.2851       0.125000
      15       -18.2851       0.125000
      16       -18.2851       0.125000
      17       -5.69465       0.125000
      18       -5.69462       0.125000
      19       -5.69459       0.125000
      20       -5.69454       0.125000
      21       -4.93554       0.125000
      22       -4.93547       0.125000
      23       -4.93545       0.125000
      24       -4.93543       0.125000
      25        6.80463       0.125000
      26        6.80464       0.125000
      27        6.80465       0.125000
      28        6.80467       0.125000
      29        7.41823       0.125000
      30        7.41825       0.125000
      31        7.41831       0.125000
      32        7.41834       0.125000
      33        7.98789       0.125000
      34        7.98793       0.125000
      35        7.98814       0.125000
      36        7.98819       0.125000
      37        8.80849       0.125000
      38        8.80851       0.125000
      39        8.80867       0.125000
      40        8.80868       0.125000
      41        9.66446       0.125000
      42        9.66450       0.125000
      43        9.66468       0.125000
      44        9.66469       0.125000
      45        10.4550       0.125000
      46        10.4551       0.125000
      47        10.4552       0.125000
      48        10.4552       0.125000
      49        16.3831        0.00000
      50        16.3831        0.00000
      51        16.3833        0.00000
      52        16.3834        0.00000
      53        17.3808        0.00000
      54        17.3808        0.00000
      55        17.3811        0.00000
      56        17.3811        0.00000
      57        18.3141        0.00000
      58        18.3141        0.00000

 11/16 kpoint (Cartesian) = -1.9149e-07 0.098949 0.098322 (474 pws)
       1       -48.8363       0.125000
       2       -48.8362       0.125000
       3       -48.8333       0.125000
       4       -48.8333       0.125000
       5       -18.5743       0.125000
       6       -18.5743       0.125000
       7       -18.5327       0.125000
       8       -18.5327       0.125000
       9       -18.4256       0.125000
      10       -18.4256       0.125000
      11       -18.3669       0.125000
      12       -18.3669       0.125000
      13       -18.2801       0.125000
      14       -18.2801       0.125000
      15       -18.2605       0.125000
      16       -18.2604       0.125000
      17       -5.84980       0.125000
      18       -5.84977       0.125000
      19       -5.38766       0.125000
      20       -5.38755       0.125000
      21       -5.20611       0.125000
      22       -5.20594       0.125000
      23       -4.81294       0.125000
      24       -4.81286       0.125000
      25        6.38983       0.125000
      26        6.38986       0.125000
      27        6.80465       0.125000
      28        6.80475       0.125000
      29        7.22538       0.125000
      30        7.22558       0.125000
      31        7.39276       0.125000
      32        7.39285       0.125000
      33        7.92806       0.125000
      34        7.92819       0.125000
      35        8.40435       0.125000
      36        8.40446       0.125000
      37        9.02893       0.125000
      38        9.02907       0.125000
      39        9.34468       0.125000
      40        9.34479       0.125000
      41        9.50755       0.125000
      42        9.50767       0.125000
      43        9.74854       0.125000
      44        9.74876       0.125000
      45        10.2087       0.125000
      46        10.2090       0.125000
      47        10.8285       0.125000
      48        10.8286       0.125000
      49        15.7994    1.11092e-14
      50        15.7997    1.09426e-14
      51        16.1617        0.00000
      52        16.1621        0.00000
      53        17.1789        0.00000
      54        17.1791        0.00000
      55        17.5727        0.00000
      56        17.5727        0.00000
      57        17.7477        0.00000
      58        17.7478        0.00000

 12/16 kpoint (Cartesian) = 0.094690 0.098949 0.098322 (470 pws)
       1       -48.8348       0.125000
       2       -48.8348       0.125000
       3       -48.8348       0.125000
       4       -48.8347       0.125000
       5       -18.6356       0.125000
       6       -18.6356       0.125000
       7       -18.6356       0.125000
       8       -18.6356       0.125000
       9       -18.3046       0.125000
      10       -18.3046       0.125000
      11       -18.3046       0.125000
      12       -18.3045       0.125000
      13       -18.2756       0.125000
      14       -18.2756       0.125000
      15       -18.2755       0.125000
      16       -18.2755       0.125000
      17       -5.82765       0.125000
      18       -5.82762       0.125000
      19       -5.82759       0.125000
      20       -5.82752       0.125000
      21       -4.79581       0.125000
      22       -4.79576       0.125000
      23       -4.79573       0.125000
      24       -4.79570       0.125000
      25        6.89948       0.125000
      26        6.89951       0.125000
      27        6.89956       0.125000
      28        6.89956       0.125000
      29        7.24442       0.125000
      30        7.24445       0.125000
      31        7.24465       0.125000
      32        7.24467       0.125000
      33        8.29620       0.125000
      34        8.29622       0.125000
      35        8.29650       0.125000
      36        8.29653       0.125000
      37        8.94371       0.125000
      38        8.94376       0.125000
      39        8.94385       0.125000
      40        8.94386       0.125000
      41        9.59271       0.125000
      42        9.59275       0.125000
      43        9.59282       0.125000
      44        9.59284       0.125000
      45        10.2902       0.125000
      46        10.2902       0.125000
      47        10.2902       0.125000
      48        10.2903       0.125000
      49        15.9079    2.77556e-17
      50        15.9080    2.77556e-17
      51        15.9082    2.77556e-17
      52        15.9082    2.77556e-17
      53        17.1162        0.00000
      54        17.1163        0.00000
      55        17.1165        0.00000
      56        17.1166        0.00000
      57        18.1162        0.00000
      58        18.1162        0.00000

 13/16 kpoint (Cartesian) = -1.6402e-07 1.8924e-07 0.14748 (476 pws)
       1       -48.8460       0.125000
       2       -48.8317       0.125000
       3       -48.8308       0.125000
       4       -48.8307       0.125000
       5       -18.6088       0.125000
       6       -18.6079       0.125000
       7       -18.5968       0.125000
       8       -18.4640       0.125000
       9       -18.3848       0.125000
      10       -18.3708       0.125000
      11       -18.3632       0.125000
      12       -18.3532       0.125000
      13       -18.3112       0.125000
      14       -18.2817       0.125000
      15       -18.2605       0.125000
      16       -18.2555       0.125000
      17       -6.66871       0.125000
      18       -5.50674       0.125000
      19       -5.50380       0.125000
      20       -5.34185       0.125000
      21       -5.03086       0.125000
      22       -4.83968       0.125000
      23       -4.81268       0.125000
      24       -4.68563       0.125000
      25        5.79659       0.125000
      26        5.93407       0.125000
      27        6.22389       0.125000
      28        6.57322       0.125000
      29        6.81337       0.125000
      30        7.21604       0.125000
      31        7.46998       0.125000
      32        7.59898       0.125000
      33        7.81808       0.125000
      34        8.17172       0.125000
      35        8.23800       0.125000
      36        8.75670       0.125000
      37        8.86990       0.125000
      38        9.07463       0.125000
      39        9.37966       0.125000
      40        9.53692       0.125000
      41        9.64355       0.125000
      42        9.75200       0.125000
      43        10.0988       0.125000
      44        10.1001       0.125000
      45        10.3189       0.125000
      46        10.8377       0.125000
      47        10.9591       0.125000
      48        11.0499       0.125000
      49        15.9916        0.00000
      50        16.3263        0.00000
      51        16.3876        0.00000
      52        16.7755        0.00000
      53        17.0567        0.00000
      54        17.1789        0.00000
      55        17.2085        0.00000
      56        17.3121        0.00000
      57        17.9928        0.00000
      58        18.3044        0.00000

 14/16 kpoint (Cartesian) = 0.094690 1.1126e-07 0.14748 (478 pws)
       1       -48.8394       0.125000
       2       -48.8393       0.125000
       3       -48.8305       0.125000
       4       -48.8304       0.125000
       5       -18.5473       0.125000
       6       -18.5473       0.125000
       7       -18.5151       0.125000
       8       -18.5151       0.125000
       9       -18.4482       0.125000
      10       -18.4482       0.125000
      11       -18.3432       0.125000
      12       -18.3432       0.125000
      13       -18.3127       0.125000
      14       -18.3126       0.125000
      15       -18.2708       0.125000
      16       -18.2708       0.125000
      17       -6.00282       0.125000
      18       -6.00280       0.125000
      19       -5.37493       0.125000
      20       -5.37490       0.125000
      21       -4.98119       0.125000
      22       -4.98113       0.125000
      23       -4.88720       0.125000
      24       -4.88713       0.125000
      25        6.51429       0.125000
      26        6.51436       0.125000
      27        6.75566       0.125000
      28        6.75568       0.125000
      29        7.15687       0.125000
      30        7.15691       0.125000
      31        7.38362       0.125000
      32        7.38369       0.125000
      33        7.73198       0.125000
      34        7.73210       0.125000
      35        8.41340       0.125000
      36        8.41349       0.125000
      37        8.72505       0.125000
      38        8.72519       0.125000
      39        9.22171       0.125000
      40        9.22177       0.125000
      41        9.61223       0.125000
      42        9.61228       0.125000
      43        9.99086       0.125000
      44        9.99097       0.125000
      45        10.3314       0.125000
      46        10.3315       0.125000
      47        10.6777       0.125000
      48        10.6778       0.125000
      49        16.3293        0.00000
      50        16.3294        0.00000
      51        16.6972        0.00000
      52        16.6973        0.00000
      53        17.0918        0.00000
      54        17.0920        0.00000
      55        17.3186        0.00000
      56        17.3190        0.00000
      57        18.1886        0.00000
      58        18.1887        0.00000

 15/16 kpoint (Cartesian) = -2.4617e-07 0.098949 0.14748 (474 pws)
       1       -48.8412       0.125000
       2       -48.8356       0.125000
       3       -48.8313       0.125000
       4       -48.8311       0.125000
       5       -18.5839       0.125000
       6       -18.5240       0.125000
       7       -18.5188       0.125000
       8       -18.5135       0.125000
       9       -18.4636       0.125000
      10       -18.4248       0.125000
      11       -18.3584       0.125000
      12       -18.3444       0.125000
      13       -18.2976       0.125000
      14       -18.2955       0.125000
      15       -18.2801       0.125000
      16       -18.2745       0.125000
      17       -6.17924       0.125000
      18       -5.51026       0.125000
      19       -5.48693       0.125000
      20       -5.38613       0.125000
      21       -5.24831       0.125000
      22       -5.02581       0.125000
      23       -4.84808       0.125000
      24       -4.78694       0.125000
      25        6.06866       0.125000
      26        6.34162       0.125000
      27        6.67129       0.125000
      28        6.80832       0.125000
      29        6.97935       0.125000
      30        7.09985       0.125000
      31        7.10821       0.125000
      32        7.46491       0.125000
      33        7.95782       0.125000
      34        8.02428       0.125000
      35        8.48036       0.125000
      36        8.57183       0.125000
      37        8.64753       0.125000
      38        9.01325       0.125000
      39        9.36093       0.125000
      40        9.44965       0.125000
      41        9.65106       0.125000
      42        9.78673       0.125000
      43        9.96125       0.125000
      44        9.98450       0.125000
      45        10.3299       0.125000
      46        10.3383       0.125000
      47        10.9151       0.125000
      48        10.9479       0.125000
      49        15.9307    6.93889e-18
      50        16.0352        0.00000
      51        16.1042        0.00000
      52        16.5514        0.00000
      53        16.5779        0.00000
      54        17.5297        0.00000
      55        17.5820        0.00000
      56        17.6989        0.00000
      57        17.7406        0.00000
      58        18.0728        0.00000

 16/16 kpoint (Cartesian) = 0.094690 0.098949 0.14748 (468 pws)
       1       -48.8378       0.125000
       2       -48.8378       0.125000
       3       -48.8319       0.125000
       4       -48.8318       0.125000
       5       -18.6218       0.125000
       6       -18.6218       0.125000
       7       -18.5701       0.125000
       8       -18.5701       0.125000
       9       -18.3689       0.125000
      10       -18.3689       0.125000
      11       -18.3162       0.125000
      12       -18.3161       0.125000
      13       -18.2928       0.125000
      14       -18.2928       0.125000
      15       -18.2655       0.125000
      16       -18.2654       0.125000
      17       -5.95433       0.125000
      18       -5.95432       0.125000
      19       -5.56766       0.125000
      20       -5.56760       0.125000
      21       -4.93614       0.125000
      22       -4.93610       0.125000
      23       -4.78626       0.125000
      24       -4.78618       0.125000
      25        6.61013       0.125000
      26        6.61017       0.125000
      27        6.78997       0.125000
      28        6.78998       0.125000
      29        7.09828       0.125000
      30        7.09836       0.125000
      31        7.53015       0.125000
      32        7.53025       0.125000
      33        8.12512       0.125000
      34        8.12519       0.125000
      35        8.28526       0.125000
      36        8.28531       0.125000
      37        8.90503       0.125000
      38        8.90505       0.125000
      39        9.10949       0.125000
      40        9.10967       0.125000
      41        9.65304       0.125000
      42        9.65313       0.125000
      43        9.82607       0.125000
      44        9.82611       0.125000
      45        10.0693       0.125000
      46        10.0694       0.125000
      47        10.5688       0.125000
      48        10.5688       0.125000
      49        15.8280    2.46331e-15
      50        15.8281    2.45637e-15
      51        16.4274        0.00000
      52        16.4274        0.00000
      53        16.7036        0.00000
      54        16.7038        0.00000
      55        17.4442        0.00000
      56        17.4444        0.00000
      57        17.9763        0.00000
      58        17.9764        0.00000


 Warning_Memory_Consuming allocated:  ORB::Jl(x) 921.868 MB




 >>>>>>>>>>>>>>>>>>>>>>>>>>>>>>>>>>>>>>>>>>>>>>>>>>>>>>>>>>>>>>>>>>>>>>
 |                                                                    |
 | POLARIZATION CALCULATION:                                          |
 |                  Modern Theory of Polarization                     |
 | calculate the Macroscopic polarization of a crystalline insulator  |
 | by using Berry Phase method.                                       |
 |                                                                    |
 <<<<<<<<<<<<<<<<<<<<<<<<<<<<<<<<<<<<<<<<<<<<<<<<<<<<<<<<<<<<<<<<<<<<<<




 VALUES OF POLARIZATION

  The Ionic Phase:    0.94026
 Electronic Phase:    0.31045

The calculated polarization direction is in R3 direction

 P =   12.0192220  (mod   19.2197850)  (   0.0000152,  -0.0000154,  12.0192220) (e/Omega).bohr

 P =    0.0131261  (mod    0.0209898)  (   0.0000000,  -0.0000000,   0.0131261) e/bohr^2

 P =    0.7504436  (mod    1.2000248)  (   0.0000009,  -0.0000010,   0.7504436) C/m^2



 --------------------------------------------
 !FINAL_ETOT_IS -9783.2683469879975746 eV
 --------------------------------------------






 >>>>>>>>>>>>>>>>>>>>>>>>>>>>>>>>>>>>>>>>>>>>>>>>>>>>>>>>>>>>>>>>>>>>>>
 |                                                                    |
 | Post-processing of data:                                           |
 | DOS (density of states) and bands will be output here.             |
 | If atomic orbitals are used, Mulliken charge analysis can be done. |
 | Also the .bxsf file containing fermi surface information can be    |
 | done here.                                                         |
 |                                                                    |
 <<<<<<<<<<<<<<<<<<<<<<<<<<<<<<<<<<<<<<<<<<<<<<<<<<<<<<<<<<<<<<<<<<<<<<





 Output bands in file: OUT.ABACUS/BANDS_1.dat
TIME STATISTICS
----------------------------------------------------------------------------------
   CLASS_NAME                   NAME                TIME/s  CALLS   AVG/s  PER/%  
----------------------------------------------------------------------------------
                 total                              29.40  11       2.67   100.00 
 Driver          reading                            0.35   1        0.35   1.19   
 Input_Conv      Convert                            0.00   1        0.00   0.00   
 Driver          driver_line                        29.05  1        29.05  98.81  
 UnitCell        check_tau                          0.00   1        0.00   0.00   
 ESolver_KS_LCAO before_all_runners                 0.73   1        0.73   2.48   
 PW_Basis_Sup    setuptransform                     0.01   1        0.01   0.05   
 PW_Basis_Sup    distributeg                        0.00   1        0.00   0.01   
 mymath          heapsort                           0.00   3        0.00   0.00   
 Charge_Mixing   init_mixing                        0.00   1        0.00   0.00   
 PW_Basis_K      setuptransform                     0.00   1        0.00   0.01   
 PW_Basis_K      distributeg                        0.00   1        0.00   0.01   
 PW_Basis        setup_struc_factor                 0.00   1        0.00   0.01   
 NOrbital_Lm     extra_uniform                      0.28   323      0.00   0.97   
 Mathzone_Add1   SplineD2                           0.01   323      0.00   0.02   
 Mathzone_Add1   Cubic_Spline_Interpolation         0.13   323      0.00   0.46   
 ppcell_vl       init_vloc                          0.13   1        0.13   0.43   
 Ions            opt_ions                           28.29  1        28.29  96.23  
 ESolver_KS_LCAO runner                             28.27  1        28.27  96.18  
 ESolver_KS_LCAO before_scf                         0.62   1        0.62   2.10   
 atom_arrange    search                             0.00   1        0.00   0.00   
 atom_arrange    grid_d.init                        0.00   1        0.00   0.00   
 Grid            Construct_Adjacent_expand          0.00   1        0.00   0.00   
 Grid            Construct_Adjacent_expand_periodic 0.00   12       0.00   0.00   
 Grid_Technique  init                               0.25   1        0.25   0.86   
 Grid_BigCell    grid_expansion_index               0.05   2        0.03   0.19   
 Grid_Driver     Find_atom                          0.00   96       0.00   0.01   
 Record_adj      for_2d                             0.05   1        0.05   0.16   
 LCAO_domain     grid_prepare                       0.00   1        0.00   0.00   
 Veff            initialize_HR                      0.00   1        0.00   0.01   
 OverlapNew      initialize_SR                      0.00   1        0.00   0.01   
 EkineticNew     initialize_HR                      0.01   1        0.01   0.02   
 NonlocalNew     initialize_HR                      0.02   1        0.02   0.08   
 Charge          set_rho_core                       0.14   1        0.14   0.47   
 PW_Basis_Sup    recip2real                         0.02   13       0.00   0.06   
 PW_Basis_Sup    gathers_scatterp                   0.01   13       0.00   0.05   
 ModuleIO        read_rhog                          0.00   1        0.00   0.00   
 Potential       init_pot                           0.02   1        0.02   0.06   
 Potential       update_from_charge                 0.02   2        0.01   0.08   
 Potential       cal_fixed_v                        0.00   1        0.00   0.00   
 PotLocal        cal_fixed_v                        0.00   1        0.00   0.00   
 Potential       cal_v_eff                          0.02   2        0.01   0.08   
 H_Hartree_pw    v_hartree                          0.01   2        0.00   0.02   
 PW_Basis_Sup    real2recip                         0.01   13       0.00   0.04   
 PW_Basis_Sup    gatherp_scatters                   0.01   13       0.00   0.04   
 PotXC           cal_v_eff                          0.02   2        0.01   0.06   
 XC_Functional   v_xc                               0.02   2        0.01   0.06   
 Potential       interpolate_vrs                    0.00   2        0.00   0.00   
 H_Ewald_pw      compute_ewald                      0.00   1        0.00   0.00   
 HSolverLCAO     solve                              4.83   1        4.83   16.43  
 HamiltLCAO      updateHk                           3.70   16       0.23   12.57  
 OperatorLCAO    init                               3.57   48       0.07   12.14  
 Veff            contributeHR                       3.12   1        3.12   10.60  
 Gint_interface  cal_gint                           2.97   1        2.97   10.11  
 Gint_interface  cal_gint_vlocal                    2.97   1        2.97   10.11  
 Gint_Tools      cal_psir_ylm                       0.17   1024     0.00   0.57   
 Gint_k          transfer_pvpR                      0.14   1        0.14   0.48   
 OverlapNew      calculate_SR                       0.12   1        0.12   0.41   
 OverlapNew      contributeHk                       0.01   16       0.00   0.02   
 EkineticNew     contributeHR                       0.12   1        0.12   0.41   
 EkineticNew     calculate_HR                       0.12   1        0.12   0.40   
 NonlocalNew     contributeHR                       0.33   1        0.33   1.11   
 NonlocalNew     calculate_HR                       0.33   1        0.33   1.11   
 OperatorLCAO    contributeHk                       0.01   16       0.00   0.02   
 HSolverLCAO     hamiltSolvePsiK                    1.10   16       0.07   3.75   
 DiagoElpa       elpa_solve                         0.92   16       0.06   3.12   
 elecstate       cal_dm                             0.02   1        0.02   0.08   
 psiMulPsiMpi    pdgemm                             0.02   16       0.00   0.08   
 DensityMatrix   cal_DMR                            0.01   1        0.01   0.02   
 Charge_Mixing   get_drho                           0.00   1        0.00   0.00   
 ModuleIO        write_rhog                         0.08   1        0.08   0.29   
 ESolver_KS_LCAO after_scf                          22.71  1        22.71  77.24  
 Charge          atomic_rho                         0.15   1        0.15   0.52   
 ORB_gaunt_table init_Gaunt_CH                      0.00   1        0.00   0.01   
 ORB_gaunt_table Calc_Gaunt_CH                      0.00   1631     0.00   0.00   
 ORB_gaunt_table init_Gaunt                         0.01   1        0.01   0.05   
 ORB_gaunt_table Get_Gaunt_SH                       0.01   25313    0.00   0.02   
 Center2_Orb     cal_ST_Phi12_R                     12.59  769      0.02   42.85  
 ESolver_KS_LCAO after_all_runners                  0.00   1        0.00   0.01   
 ModuleIO        nscf_band                          0.00   1        0.00   0.01   
----------------------------------------------------------------------------------


 NAME-------------------------|MEMORY(MB)--------
                         total     31526.2283
                    ORB::Jl(x)     29499.7681
                  Gint::hRGint       405.3191
                 Gint::DMRGint       405.0066
       TwoCenterTable: Kinetic       137.3855
       TwoCenterTable: Overlap       137.3855
      TwoCenterTable: Nonlocal       136.0217
                  meshball_pos       125.4631
               GT::ind_bigcell       123.2787
         GT::in_this_processor       123.2787
              GT::index2normal       123.2787
               GT::index2ucell       123.2787
      GT::bigcell_on_processor        30.8197
                HamiltLCAO::hR        25.2999
            DensityMatrix::DMR        24.9874
                    index_ball        20.9105
                HamiltLCAO::sR        17.5358
            DensityMatrix::DMK        10.9727
                GT::which_atom         7.0984
             GT::which_bigcell         7.0984
            GT::which_unitcell         7.0984
                  PW_B_K::gcar         5.7554
                RealGauntTable         3.7773
                  SF::strucFac         3.7743
                  SF::eigts123         2.2515
                 ORB::Gaunt_CH         2.0508
                      Chg::rho         2.0000
                 Chg::rho_save         2.0000
                 Chg::rho_core         2.0000
                 Pot::veff_fix         2.0000
                     Pot::veff         2.0000
              Pot::veff_smooth         2.0000
                   PW_B_K::gk2         1.9185
 -------------   < 1.0 MB has been ignored ----------------
 ----------------------------------------------------------

 Start  Time  : Fri Oct  9 19:07:23 2026
 Finish Time  : Fri Oct  9 19:07:52 2026
 Total  Time  : 0 h 0 mins 29 secs 
