                                                                                     
                              ABACUS v3.10.0

               Atomic-orbital Based Ab-initio Computation at UStc                    

                     Website: http://abacus.ustc.edu.cn/                             
               Documentation: https://abacus.deepmodeling.com/                       
                  Repository: https://github.com/abacusmodeling/abacus-develop       
                              https://github.com/deepmodeling/abacus-develop         
                      Commit: f7cb1d3 (Mon May 12 16:53:30 2025 +0800)

    Start Time is Fri Oct  9 19:40:23 2026
                                                                                     
 ------------------------------------------------------------------------------------

 READING GENERAL INFORMATION
                           global_out_dir = OUT.ABACUS/
                           global_in_card = INPUT
                               pseudo_dir = 
                              orbital_dir = 
                                    DRANK = 1
                                    DSIZE = 32
                                   DCOLOR = 1
                                    GRANK = 1
                                    GSIZE = 1




 >>>>>>>>>>>>>>>>>>>>>>>>>>>>>>>>>>>>>>>>>>>>>>>>>>>>>>>>>>>>>>>>>>>>>>
 |                                                                    |
 | Reading atom information in unitcell:                              |
 | From the input file and the structure file we know the number of   |
 | different elments in this unitcell, then we list the detail        |
 | information for each element, especially the zeta and polar atomic |
 | orbital number for each element. The total atom number is counted. |
 | We calculate the nearest atom distance for each atom and show the  |
 | Cartesian and Direct coordinates for each atom. We list the file   |
 | address for atomic orbitals. The volume and the lattice vectors    |
 | in real and reciprocal space is also shown.                        |
 |                                                                    |
 <<<<<<<<<<<<<<<<<<<<<<<<<<<<<<<<<<<<<<<<<<<<<<<<<<<<<<<<<<<<<<<<<<<<<<




 READING UNITCELL INFORMATION
                                    ntype = 2
                  lattice constant (Bohr) = 1.88973
              lattice constant (Angstrom) = 1

 READING ATOM TYPE 1
                               atom label = Hf
                      L=0, number of zeta = 4
                      L=1, number of zeta = 2
                      L=2, number of zeta = 2
                      L=3, number of zeta = 1
             number of atom for this type = 4

 READING ATOM TYPE 2
                               atom label = O
                      L=0, number of zeta = 2
                      L=1, number of zeta = 2
                      L=2, number of zeta = 1
             number of atom for this type = 8

                        TOTAL ATOM NUMBER = 12
DIRECT COORDINATES
    atom                   x                   y                   z     mag                  vx                  vy                  vz
taud_Hf1            0.9830116321        0.9914701192        0.0181293197  0.0000        0.0000000000        0.0000000000        0.0000000000
taud_Hf2            0.0463155918        0.5228711697        0.5181304335  0.0000        0.0000000000        0.0000000000        0.0000000000
taud_Hf3            0.5463158612        0.9914688612        0.5181304223  0.0000        0.0000000000        0.0000000000        0.0000000000
taud_Hf4            0.4830115664        0.5228693425        0.0181293689  0.0000        0.0000000000        0.0000000000        0.0000000000
taud_O1            0.1533011120        0.3229610495        0.1660235946  0.0000        0.0000000000        0.0000000000        0.0000000000
taud_O2            0.3760293389        0.3229620120        0.6660238677  0.0000        0.0000000000        0.0000000000        0.0000000000
taud_O3            0.2819759713        0.7941063524        0.2684118249  0.0000        0.0000000000        0.0000000000        0.0000000000
taud_O4            0.2473599585        0.7941072643        0.7684120847  0.0000        0.0000000000        0.0000000000        0.0000000000
taud_O5            0.6533011512        0.1913794401        0.1660240344  0.0000        0.0000000000        0.0000000000        0.0000000000
taud_O6            0.8760294228        0.1913785269        0.6660243483  0.0000        0.0000000000        0.0000000000        0.0000000000
taud_O7            0.7819759629        0.7202342208        0.2684117540  0.0000        0.0000000000        0.0000000000        0.0000000000
taud_O8            0.7473599554        0.7202331426        0.7684118937  0.0000        0.0000000000        0.0000000000        0.0000000000



                          Volume (Bohr^3) = 911.115
                             Volume (A^3) = 135.013

 Lattice vectors: (Cartesian coordinate: in unit of a_0)
             +5.24775        -1.07816e-06        +1.54231e-05
         -9.86744e-07             +5.0574        -8.78508e-07
         +1.53926e-05         -9.0058e-07            +5.08717
 Reciprocal vectors: (Cartesian coordinate: in unit of 2 pi/a_0)
            +0.190558        +3.71795e-08        -5.76583e-07
         +4.06238e-08            +0.19773         +3.5004e-08
         -5.77725e-07        +3.41461e-08           +0.196573
 The esolver type has been set to : ksdft_lcao

 RUNNING WITH DEVICE  : CPU / AMD EPYC 7702 64-Core Processor




 >>>>>>>>>>>>>>>>>>>>>>>>>>>>>>>>>>>>>>>>>>>>>>>>>>>>>>>>>>>>>>>>>>>>>>
 |                                                                    |
 | Reading pseudopotentials files:                                    |
 | The pseudopotential file is in UPF format. The 'NC' indicates that |
 | the type of pseudopotential is 'norm conserving'. Functional of    |
 | exchange and correlation is decided by 4 given parameters in UPF   |
 | file.  We also read in the 'core correction' if there exists.      |
 | Also we can read the valence electrons number and the maximal      |
 | angular momentum used in this pseudopotential. We also read in the |
 | trail wave function, trail atomic density and local-pseudopotential|
 | on logrithmic grid. The non-local pseudopotential projector is also|
 | read in if there is any.                                           |
 |                                                                    |
 <<<<<<<<<<<<<<<<<<<<<<<<<<<<<<<<<<<<<<<<<<<<<<<<<<<<<<<<<<<<<<<<<<<<<<




                PAO radial cut off (Bohr) = 15

 Read in pseudopotential file is Hf.upf
                     pseudopotential type = NC
          exchange-correlation functional = PBE
                 nonlocal core correction = 1
                        valence electrons = 12
                                     lmax = 3
                           number of zeta = 4
                     number of projectors = 8
                           L of projector = 0
                           L of projector = 0
                           L of projector = 1
                           L of projector = 1
                           L of projector = 2
                           L of projector = 2
                           L of projector = 3
                           L of projector = 3
                PAO radial cut off (Bohr) = 15

 Read in pseudopotential file is O.upf
                     pseudopotential type = NC
          exchange-correlation functional = PBE
                 nonlocal core correction = 1
                        valence electrons = 6
                                     lmax = 2
                           number of zeta = 2
                     number of projectors = 5
                           L of projector = 0
                           L of projector = 0
                           L of projector = 1
                           L of projector = 1
                           L of projector = 2
     initial pseudo atomic orbital number = 72

 SETUP THE ELECTRONS NUMBER
            electron number of element Hf = 12
      total electron number of element Hf = 48
             electron number of element O = 6
       total electron number of element O = 48
            AUTOSET number of electrons:  = 96
                           occupied bands = 48
                                   NLOCAL = 212
                                   NBANDS = 58
                                   NBANDS = 58
                                   NLOCAL = 212

%%%%%%%%%%%%%%%%%%%%%%%%%%%%%%%%%%%%%%%%%%%%%%%%%%%%%%%%%%%%%%%%%%%%%%%%%%%%%%%%%%%%%%%%%%%%%%%%%%%%%%%%%%
 Warning: the number of valence electrons in pseudopotential > 4 for Hf: [Xe] 4f14 5d2 6s2
 Pseudopotentials with additional electrons can yield (more) accurate outcomes, but may be less efficient.
 If you're confident that your chosen pseudopotential is appropriate, you can safely ignore this warning.
%%%%%%%%%%%%%%%%%%%%%%%%%%%%%%%%%%%%%%%%%%%%%%%%%%%%%%%%%%%%%%%%%%%%%%%%%%%%%%%%%%%%%%%%%%%%%%%%%%%%%%%%%%
                  




 >>>>>>>>>>>>>>>>>>>>>>>>>>>>>>>>>>>>>>>>>>>>>>>>>>>>>>>>>>>>>>>>>>>>>>
 |                                                                    |
 | Setup plane waves of charge/potential:                             |
 | Use the energy cutoff and the lattice vectors to generate the      |
 | dimensions of FFT grid. The number of FFT grid on each processor   |
 | is 'nrxx'. The number of plane wave basis in reciprocal space is   |
 | different for charege/potential and wave functions. We also set    |
 | the 'sticks' for the parallel of FFT. The number of plane waves    |
 | is 'npw' in each processor.                                        |
 <<<<<<<<<<<<<<<<<<<<<<<<<<<<<<<<<<<<<<<<<<<<<<<<<<<<<<<<<<<<<<<<<<<<<<





 SETUP THE PLANE WAVE BASIS
 energy cutoff for charge/potential (unit:Ry) = 400
            fft grid for charge/potential = [ 64, 64, 64 ]
                        fft grid division = [ 2, 2, 2 ]
        big fft grid for charge/potential = [ 32, 32, 32 ]
                                     nbxx = 1024
                                     nrxx = 8192

 SETUP PLANE WAVES FOR CHARGE/POTENTIAL
                    number of plane waves = 123071
                         number of sticks = 3019

 PARALLEL PW FOR CHARGE/POTENTIAL
     PROC   COLUMNS(POT)             PW
        1             94           3846
        2             94           3846
        3             94           3846
        4             94           3846
        5             95           3847
        6             94           3846
        7             94           3846
        8             94           3846
        9             94           3846
       10             94           3846
       11             94           3846
       12             94           3846
       13             94           3846
       14             94           3846
       15             94           3846
       16             94           3846
       17             94           3846
       18             94           3846
       19             94           3846
       20             94           3846
       21             95           3847
       22             95           3847
       23             95           3847
       24             95           3847
       25             95           3847
       26             95           3847
       27             95           3845
       28             95           3845
       29             95           3845
       30             95           3845
       31             94           3844
       32             94           3844
 --------------- sum -------------------
       32           3019         123071
                            number of |g| = 3715
                                  max |g| = 36.1527
                                  min |g| = 0.301638
 DONE : SETUP UNITCELL Time : 1.37222 (SEC)


----------- Double Check Mixing Parameters Begin ------------
mixing_type: broyden
mixing_beta: 0.3
mixing_gg0: 1
mixing_gg0_min: 0.1
mixing_ndim: 8
----------- Double Check Mixing Parameters End ------------




 >>>>>>>>>>>>>>>>>>>>>>>>>>>>>>>>>>>>>>>>>>>>>>>>>>>>>>>>>>>>>>>>>>>>>>
 |                                                                    |
 | Setup K-points                                                     |
 | We setup the k-points according to input parameters.               |
 | The reduced k-points are set according to symmetry operations.     |
 | We treat the spin as another set of k-points.                      |
 |                                                                    |
 <<<<<<<<<<<<<<<<<<<<<<<<<<<<<<<<<<<<<<<<<<<<<<<<<<<<<<<<<<<<<<<<<<<<<<





 SETUP K-POINTS
                                    nspin = 1
                   Input type of k points = Monkhorst-Pack(Gamma)
                                   nkstot = 32
K-POINTS DIRECT COORDINATES
 KPOINTS    DIRECT_X    DIRECT_Y    DIRECT_Z  WEIGHT
       1  0.00000000  0.00000000  0.00000000  0.0312
       2  0.50000000  0.00000000  0.00000000  0.0312
       3  0.00000000  0.50000000  0.00000000  0.0312
       4  0.50000000  0.50000000  0.00000000  0.0312
       5  0.00000000  0.00000000  0.12500000  0.0312
       6  0.50000000  0.00000000  0.12500000  0.0312
       7  0.00000000  0.50000000  0.12500000  0.0312
       8  0.50000000  0.50000000  0.12500000  0.0312
       9  0.00000000  0.00000000  0.25000000  0.0312
      10  0.50000000  0.00000000  0.25000000  0.0312
      11  0.00000000  0.50000000  0.25000000  0.0312
      12  0.50000000  0.50000000  0.25000000  0.0312
      13  0.00000000  0.00000000  0.37500000  0.0312
      14  0.50000000  0.00000000  0.37500000  0.0312
      15  0.00000000  0.50000000  0.37500000  0.0312
      16  0.50000000  0.50000000  0.37500000  0.0312
      17  0.00000000  0.00000000  0.50000000  0.0312
      18  0.50000000  0.00000000  0.50000000  0.0312
      19  0.00000000  0.50000000  0.50000000  0.0312
      20  0.50000000  0.50000000  0.50000000  0.0312
      21  0.00000000  0.00000000  0.62500000  0.0312
      22  0.50000000  0.00000000  0.62500000  0.0312
      23  0.00000000  0.50000000  0.62500000  0.0312
      24  0.50000000  0.50000000  0.62500000  0.0312
      25  0.00000000  0.00000000  0.75000000  0.0312
      26  0.50000000  0.00000000  0.75000000  0.0312
      27  0.00000000  0.50000000  0.75000000  0.0312
      28  0.50000000  0.50000000  0.75000000  0.0312
      29  0.00000000  0.00000000  0.87500000  0.0312
      30  0.50000000  0.00000000  0.87500000  0.0312
      31  0.00000000  0.50000000  0.87500000  0.0312
      32  0.50000000  0.50000000  0.87500000  0.0312


           k-point number in this process = 32
       minimum distributed K point number = 32

K-POINTS CARTESIAN COORDINATES
 KPOINTS CARTESIAN_X CARTESIAN_Y CARTESIAN_Z  WEIGHT
       1  0.00000000  0.00000000  0.00000000  0.0625
       2  0.09527894  0.00000002 -0.00000029  0.0625
       3  0.00000002  0.09886508  0.00000002  0.0625
       4  0.09527896  0.09886510 -0.00000027  0.0625
       5 -0.00000007  0.00000000  0.02457161  0.0625
       6  0.09527887  0.00000002  0.02457132  0.0625
       7 -0.00000005  0.09886509  0.02457162  0.0625
       8  0.09527889  0.09886510  0.02457134  0.0625
       9 -0.00000014  0.00000001  0.04914321  0.0625
      10  0.09527880  0.00000003  0.04914292  0.0625
      11 -0.00000012  0.09886509  0.04914323  0.0625
      12  0.09527882  0.09886511  0.04914294  0.0625
      13 -0.00000022  0.00000001  0.07371482  0.0625
      14  0.09527873  0.00000003  0.07371453  0.0625
      15 -0.00000020  0.09886509  0.07371484  0.0625
      16  0.09527875  0.09886511  0.07371455  0.0625
      17 -0.00000029  0.00000002  0.09828642  0.0625
      18  0.09527866  0.00000004  0.09828614  0.0625
      19 -0.00000027  0.09886510  0.09828644  0.0625
      20  0.09527868  0.09886512  0.09828615  0.0625
      21 -0.00000036  0.00000002  0.12285803  0.0625
      22  0.09527858  0.00000004  0.12285774  0.0625
      23 -0.00000034  0.09886510  0.12285805  0.0625
      24  0.09527860  0.09886512  0.12285776  0.0625
      25 -0.00000043  0.00000003  0.14742964  0.0625
      26  0.09527851  0.00000004  0.14742935  0.0625
      27 -0.00000041  0.09886511  0.14742965  0.0625
      28  0.09527853  0.09886513  0.14742937  0.0625
      29 -0.00000051  0.00000003  0.17200124  0.0625
      30  0.09527844  0.00000005  0.17200095  0.0625
      31 -0.00000049  0.09886511  0.17200126  0.0625
      32  0.09527846  0.09886513  0.17200097  0.0625


K-POINTS DIRECT COORDINATES
 KPOINTS    DIRECT_X    DIRECT_Y    DIRECT_Z  WEIGHT
       1  0.00000000  0.00000000  0.00000000  0.0625
       2  0.50000000  0.00000000  0.00000000  0.0625
       3  0.00000000  0.50000000  0.00000000  0.0625
       4  0.50000000  0.50000000  0.00000000  0.0625
       5  0.00000000  0.00000000  0.12500000  0.0625
       6  0.50000000  0.00000000  0.12500000  0.0625
       7  0.00000000  0.50000000  0.12500000  0.0625
       8  0.50000000  0.50000000  0.12500000  0.0625
       9  0.00000000  0.00000000  0.25000000  0.0625
      10  0.50000000  0.00000000  0.25000000  0.0625
      11  0.00000000  0.50000000  0.25000000  0.0625
      12  0.50000000  0.50000000  0.25000000  0.0625
      13  0.00000000  0.00000000  0.37500000  0.0625
      14  0.50000000  0.00000000  0.37500000  0.0625
      15  0.00000000  0.50000000  0.37500000  0.0625
      16  0.50000000  0.50000000  0.37500000  0.0625
      17  0.00000000  0.00000000  0.50000000  0.0625
      18  0.50000000  0.00000000  0.50000000  0.0625
      19  0.00000000  0.50000000  0.50000000  0.0625
      20  0.50000000  0.50000000  0.50000000  0.0625
      21  0.00000000  0.00000000  0.62500000  0.0625
      22  0.50000000  0.00000000  0.62500000  0.0625
      23  0.00000000  0.50000000  0.62500000  0.0625
      24  0.50000000  0.50000000  0.62500000  0.0625
      25  0.00000000  0.00000000  0.75000000  0.0625
      26  0.50000000  0.00000000  0.75000000  0.0625
      27  0.00000000  0.50000000  0.75000000  0.0625
      28  0.50000000  0.50000000  0.75000000  0.0625
      29  0.00000000  0.00000000  0.87500000  0.0625
      30  0.50000000  0.00000000  0.87500000  0.0625
      31  0.00000000  0.50000000  0.87500000  0.0625
      32  0.50000000  0.50000000  0.87500000  0.0625

 DONE : INIT K-POINTS Time : 1.42545 (SEC)





 >>>>>>>>>>>>>>>>>>>>>>>>>>>>>>>>>>>>>>>>>>>>>>>>>>>>>>>>>>>>>>>>>>>>>>
 |                                                                    |
 | Setup plane waves of wave functions:                               |
 | Use the energy cutoff and the lattice vectors to generate the      |
 | dimensions of FFT grid. The number of FFT grid on each processor   |
 | is 'nrxx'. The number of plane wave basis in reciprocal space is   |
 | different for charege/potential and wave functions. We also set    |
 | the 'sticks' for the parallel of FFT. The number of plane wave of  |
 | each k-point is 'npwk[ik]' in each processor                       |
 <<<<<<<<<<<<<<<<<<<<<<<<<<<<<<<<<<<<<<<<<<<<<<<<<<<<<<<<<<<<<<<<<<<<<<





 SETUP PLANE WAVES FOR WAVE FUNCTIONS
     energy cutoff for wavefunc (unit:Ry) = 100
              fft grid for wave functions = [ 64, 64, 64 ]
                    number of plane waves = 19045
                         number of sticks = 869

 PARALLEL PW FOR WAVE FUNCTIONS
     PROC   COLUMNS(POT)             PW
        1             27            597
        2             27            597
        3             27            595
        4             27            595
        5             27            595
        6             27            595
        7             27            595
        8             27            595
        9             27            595
       10             27            595
       11             27            595
       12             27            595
       13             27            595
       14             27            595
       15             27            595
       16             27            595
       17             27            595
       18             27            595
       19             28            596
       20             28            596
       21             28            596
       22             28            596
       23             27            593
       24             27            593
       25             27            595
       26             27            595
       27             27            595
       28             27            595
       29             27            595
       30             27            595
       31             28            596
       32             27            595
 --------------- sum -------------------
       32            869          19045
 DONE : INIT PLANEWAVE Time : 1.43473 (SEC)

 SET NONLOCAL PSEUDOPOTENTIAL PROJECTORS
 SET NONLOCAL PSEUDOPOTENTIAL PROJECTORS
 max number of nonlocal projetors among all species is 8
 DONE : LOCAL POTENTIAL Time : 1.97995 (SEC)


 -------------------------------------------
 NONSELF-CONSISTENT
 -------------------------------------------




 >>>>>>>>>>>>>>>>>>>>>>>>>>>>>>>>>>>>>>>>>>>>>>>>>>>>>>>>>>>>>>>>>>>>>>
 |                                                                    |
 | Search adjacent atoms:                                             |
 | Set the adjacent atoms for each atom and set the periodic boundary |
 | condition for the atoms on real space FFT grid. For k-dependent    |
 | algorithm, we also need to set the sparse H and S matrix element   |
 | for each atom.                                                     |
 |                                                                    |
 <<<<<<<<<<<<<<<<<<<<<<<<<<<<<<<<<<<<<<<<<<<<<<<<<<<<<<<<<<<<<<<<<<<<<<





 SETUP SEARCHING RADIUS FOR PROGRAM TO SEARCH ADJACENT ATOMS
                  longest orb rcut (Bohr) = 10
   longest nonlocal projector rcut (Bohr) = 2.46
                     search radius (Bohr) = 24.9
              searching radius is (Bohr)) = 24.9
         searching radius unit is (Bohr)) = 1.89
                         PeriodicBoundary = 1
                        Radius(unit:lat0) = 13.2
                                   glayer = [ 4, 4, 4 ]
                             glayer_minus = [ 3, 3, 3 ]

Find the coordinate range of the input atom(unit:lat0).
                                  min_tau = [ -15.5, -14.2, -15.2 ]
                                  max_tau = [ 20.9, 20.2, 19.2 ]
                                BoxNumber = [ 7, 7, 7 ]

 SETUP EXTENDED REAL SPACE GRID FOR GRID INTEGRATION
                          real space grid = [ 64, 64, 64 ]
                 big cell numbers in grid = [ 32, 32, 32 ]
             meshcell numbers in big cell = [ 2, 2, 2 ]
                        extended fft grid = [ 33, 34, 34 ]
                dimension of extened grid = [ 99, 101, 101 ]
                            UnitCellTotal = 125
              Atom number in sub-FFT-grid = 12
    Local orbitals number in sub-FFT-grid = 212
                                ParaV.nnr = 80034

 Warning_Memory_Consuming allocated:  Gint::hRGint 12.7 MB

 Warning_Memory_Consuming allocated:  Gint::DMRGint 12.7 MB
                                 init_chg = file
 try to read charge from file
 Find the file OUT.ABACUS//SPIN1_CHG.cube , try to read it.
 Read in the charge density: OUT.ABACUS//SPIN1_CHG.cube
 DONE : INIT SCF Time : 2.82708 (SEC)


 LCAO ALGORITHM --------------- ION=   1  ELEC=   1--------------------------------
 Energy (eV) & Occupations  for spin=1 K-point=1
      1       -48.7687      0.0625000
      2       -48.7501      0.0625000
      3       -48.7496      0.0625000
      4       -48.7482      0.0625000
      5       -18.5783      0.0625000
      6       -18.5557      0.0625000
      7       -18.5516      0.0625000
      8       -18.3325      0.0625000
      9       -18.2936      0.0625000
     10       -18.2781      0.0625000
     11       -18.2668      0.0625000
     12       -18.2636      0.0625000
     13       -18.2520      0.0625000
     14       -18.1622      0.0625000
     15       -18.1537      0.0625000
     16       -18.1534      0.0625000
     17       -6.85452      0.0625000
     18       -5.48805      0.0625000
     19       -5.31863      0.0625000
     20       -5.25604      0.0625000
     21       -4.84121      0.0625000
     22       -4.75930      0.0625000
     23       -4.66077      0.0625000
     24       -4.53755      0.0625000
     25        5.71783      0.0625000
     26        5.76657      0.0625000
     27        5.90986      0.0625000
     28        6.56606      0.0625000
     29        6.70106      0.0625000
     30        6.76525      0.0625000
     31        7.98985      0.0625000
     32        8.04096      0.0625000
     33        8.10355      0.0625000
     34        8.13615      0.0625000
     35        8.58518      0.0625000
     36        8.92493      0.0625000
     37        8.98698      0.0625000
     38        9.34733      0.0625000
     39        9.37488      0.0625000
     40        9.64855      0.0625000
     41        9.86923      0.0625000
     42        10.0290      0.0625000
     43        10.1497      0.0625000
     44        10.2415      0.0625000
     45        10.5077      0.0625000
     46        11.0107      0.0625000
     47        11.1352      0.0625000
     48        11.3065      0.0625000
     49        16.2056        0.00000
     50        16.4544        0.00000
     51        16.6204        0.00000
     52        17.0138        0.00000
     53        17.0949        0.00000
     54        17.1982        0.00000
     55        17.2135        0.00000
     56        17.2880        0.00000
     57        17.5305        0.00000
     58        18.0212        0.00000
 Energy (eV) & Occupations  for spin=1 K-point=2
      1       -48.7605      0.0625000
      2       -48.7604      0.0625000
      3       -48.7479      0.0625000
      4       -48.7477      0.0625000
      5       -18.4579      0.0625000
      6       -18.4578      0.0625000
      7       -18.4433      0.0625000
      8       -18.4432      0.0625000
      9       -18.3593      0.0625000
     10       -18.3593      0.0625000
     11       -18.2681      0.0625000
     12       -18.2680      0.0625000
     13       -18.2060      0.0625000
     14       -18.2060      0.0625000
     15       -18.2001      0.0625000
     16       -18.2000      0.0625000
     17       -6.05444      0.0625000
     18       -6.05432      0.0625000
     19       -5.18129      0.0625000
     20       -5.18115      0.0625000
     21       -4.92510      0.0625000
     22       -4.92498      0.0625000
     23       -4.75328      0.0625000
     24       -4.75317      0.0625000
     25        6.30608      0.0625000
     26        6.30616      0.0625000
     27        6.69264      0.0625000
     28        6.69270      0.0625000
     29        7.20140      0.0625000
     30        7.20146      0.0625000
     31        7.32257      0.0625000
     32        7.32262      0.0625000
     33        7.75506      0.0625000
     34        7.75516      0.0625000
     35        8.60727      0.0625000
     36        8.60735      0.0625000
     37        9.02874      0.0625000
     38        9.02880      0.0625000
     39        9.37651      0.0625000
     40        9.37659      0.0625000
     41        9.64350      0.0625000
     42        9.64356      0.0625000
     43        10.4311      0.0625000
     44        10.4312      0.0625000
     45        10.5908      0.0625000
     46        10.5908      0.0625000
     47        10.8541      0.0625000
     48        10.8542      0.0625000
     49        16.4864        0.00000
     50        16.4865        0.00000
     51        16.8975        0.00000
     52        16.8976        0.00000
     53        16.9878        0.00000
     54        16.9878        0.00000
     55        17.3473        0.00000
     56        17.3473        0.00000
     57        18.1805        0.00000
     58        18.1806        0.00000
 Energy (eV) & Occupations  for spin=1 K-point=3
      1       -48.7631      0.0625000
      2       -48.7558      0.0625000
      3       -48.7492      0.0625000
      4       -48.7486      0.0625000
      5       -18.4904      0.0625000
      6       -18.4634      0.0625000
      7       -18.3978      0.0625000
      8       -18.3942      0.0625000
      9       -18.3625      0.0625000
     10       -18.3395      0.0625000
     11       -18.2956      0.0625000
     12       -18.2730      0.0625000
     13       -18.2367      0.0625000
     14       -18.2290      0.0625000
     15       -18.2043      0.0625000
     16       -18.1898      0.0625000
     17       -6.26835      0.0625000
     18       -5.45023      0.0625000
     19       -5.41064      0.0625000
     20       -5.25102      0.0625000
     21       -5.12386      0.0625000
     22       -4.85159      0.0625000
     23       -4.75253      0.0625000
     24       -4.68873      0.0625000
     25        6.01795      0.0625000
     26        6.07126      0.0625000
     27        6.74270      0.0625000
     28        6.83950      0.0625000
     29        6.84922      0.0625000
     30        7.05014      0.0625000
     31        7.23956      0.0625000
     32        7.39876      0.0625000
     33        7.91451      0.0625000
     34        8.19303      0.0625000
     35        8.61513      0.0625000
     36        8.62081      0.0625000
     37        8.76932      0.0625000
     38        8.96407      0.0625000
     39        9.58058      0.0625000
     40        9.58426      0.0625000
     41        9.87460      0.0625000
     42        9.94183      0.0625000
     43        10.2062      0.0625000
     44        10.4074      0.0625000
     45        10.4143      0.0625000
     46        10.7631      0.0625000
     47        11.1316      0.0625000
     48        11.1442      0.0625000
     49        15.9138    2.45637e-15
     50        16.1891        0.00000
     51        16.2999        0.00000
     52        16.7807        0.00000
     53        16.9259        0.00000
     54        17.5080        0.00000
     55        17.6865        0.00000
     56        17.8467        0.00000
     57        18.1583        0.00000
     58        18.3819        0.00000
 Energy (eV) & Occupations  for spin=1 K-point=4
      1       -48.7585      0.0625000
      2       -48.7584      0.0625000
      3       -48.7498      0.0625000
      4       -48.7497      0.0625000
      5       -18.4884      0.0625000
      6       -18.4884      0.0625000
      7       -18.4082      0.0625000
      8       -18.4082      0.0625000
      9       -18.3828      0.0625000
     10       -18.3827      0.0625000
     11       -18.2575      0.0625000
     12       -18.2574      0.0625000
     13       -18.2252      0.0625000
     14       -18.2252      0.0625000
     15       -18.1766      0.0625000
     16       -18.1766      0.0625000
     17       -5.91262      0.0625000
     18       -5.91250      0.0625000
     19       -5.25447      0.0625000
     20       -5.25441      0.0625000
     21       -5.02815      0.0625000
     22       -5.02810      0.0625000
     23       -4.73472      0.0625000
     24       -4.73462      0.0625000
     25        6.41268      0.0625000
     26        6.41278      0.0625000
     27        6.78224      0.0625000
     28        6.78230      0.0625000
     29        7.09313      0.0625000
     30        7.09318      0.0625000
     31        8.01188      0.0625000
     32        8.01196      0.0625000
     33        8.13306      0.0625000
     34        8.13311      0.0625000
     35        8.50494      0.0625000
     36        8.50501      0.0625000
     37        8.62323      0.0625000
     38        8.62332      0.0625000
     39        8.96614      0.0625000
     40        8.96620      0.0625000
     41        9.68425      0.0625000
     42        9.68435      0.0625000
     43        10.1434      0.0625000
     44        10.1434      0.0625000
     45        10.5553      0.0625000
     46        10.5555      0.0625000
     47        10.7433      0.0625000
     48        10.7433      0.0625000
     49        15.9568    2.42861e-16
     50        15.9569    2.42861e-16
     51        16.4430        0.00000
     52        16.4430        0.00000
     53        16.9735        0.00000
     54        16.9736        0.00000
     55        17.6243        0.00000
     56        17.6244        0.00000
     57        18.1256        0.00000
     58        18.1256        0.00000
 Energy (eV) & Occupations  for spin=1 K-point=5
      1       -48.7679      0.0625000
      2       -48.7501      0.0625000
      3       -48.7497      0.0625000
      4       -48.7489      0.0625000
      5       -18.5650      0.0625000
      6       -18.5455      0.0625000
      7       -18.5455      0.0625000
      8       -18.3453      0.0625000
      9       -18.2908      0.0625000
     10       -18.2820      0.0625000
     11       -18.2769      0.0625000
     12       -18.2630      0.0625000
     13       -18.2413      0.0625000
     14       -18.1671      0.0625000
     15       -18.1660      0.0625000
     16       -18.1576      0.0625000
     17       -6.79194      0.0625000
     18       -5.47557      0.0625000
     19       -5.33788      0.0625000
     20       -5.26115      0.0625000
     21       -4.88201      0.0625000
     22       -4.75382      0.0625000
     23       -4.67755      0.0625000
     24       -4.54859      0.0625000
     25        5.79215      0.0625000
     26        5.86522      0.0625000
     27        5.90065      0.0625000
     28        6.59189      0.0625000
     29        6.79288      0.0625000
     30        6.87360      0.0625000
     31        7.89450      0.0625000
     32        7.92139      0.0625000
     33        8.04023      0.0625000
     34        8.17827      0.0625000
     35        8.47725      0.0625000
     36        8.85413      0.0625000
     37        9.02936      0.0625000
     38        9.27472      0.0625000
     39        9.38661      0.0625000
     40        9.72444      0.0625000
     41        9.88695      0.0625000
     42        10.1360      0.0625000
     43        10.1681      0.0625000
     44        10.1796      0.0625000
     45        10.3179      0.0625000
     46        10.9813      0.0625000
     47        11.1110      0.0625000
     48        11.2631      0.0625000
     49        16.1604        0.00000
     50        16.4499        0.00000
     51        16.5753        0.00000
     52        17.0257        0.00000
     53        17.0385        0.00000
     54        17.2300        0.00000
     55        17.2530        0.00000
     56        17.4403        0.00000
     57        17.5057        0.00000
     58        18.1246        0.00000
 Energy (eV) & Occupations  for spin=1 K-point=6
      1       -48.7601      0.0625000
      2       -48.7599      0.0625000
      3       -48.7483      0.0625000
      4       -48.7482      0.0625000
      5       -18.4610      0.0625000
      6       -18.4609      0.0625000
      7       -18.4388      0.0625000
      8       -18.4388      0.0625000
      9       -18.3618      0.0625000
     10       -18.3617      0.0625000
     11       -18.2642      0.0625000
     12       -18.2641      0.0625000
     13       -18.2171      0.0625000
     14       -18.2171      0.0625000
     15       -18.1925      0.0625000
     16       -18.1924      0.0625000
     17       -6.02311      0.0625000
     18       -6.02299      0.0625000
     19       -5.21762      0.0625000
     20       -5.21748      0.0625000
     21       -4.91704      0.0625000
     22       -4.91692      0.0625000
     23       -4.76144      0.0625000
     24       -4.76133      0.0625000
     25        6.38777      0.0625000
     26        6.38784      0.0625000
     27        6.71758      0.0625000
     28        6.71761      0.0625000
     29        7.23481      0.0625000
     30        7.23489      0.0625000
     31        7.33139      0.0625000
     32        7.33143      0.0625000
     33        7.75322      0.0625000
     34        7.75330      0.0625000
     35        8.57234      0.0625000
     36        8.57242      0.0625000
     37        9.02076      0.0625000
     38        9.02082      0.0625000
     39        9.31757      0.0625000
     40        9.31765      0.0625000
     41        9.67574      0.0625000
     42        9.67579      0.0625000
     43        10.3453      0.0625000
     44        10.3454      0.0625000
     45        10.5659      0.0625000
     46        10.5659      0.0625000
     47        10.8091      0.0625000
     48        10.8092      0.0625000
     49        16.4478        0.00000
     50        16.4479        0.00000
     51        16.8841        0.00000
     52        16.8842        0.00000
     53        17.0200        0.00000
     54        17.0201        0.00000
     55        17.3389        0.00000
     56        17.3390        0.00000
     57        18.2352        0.00000
     58        18.2353        0.00000
 Energy (eV) & Occupations  for spin=1 K-point=7
      1       -48.7625      0.0625000
      2       -48.7555      0.0625000
      3       -48.7495      0.0625000
      4       -48.7491      0.0625000
      5       -18.4949      0.0625000
      6       -18.4569      0.0625000
      7       -18.4078      0.0625000
      8       -18.4065      0.0625000
      9       -18.3584      0.0625000
     10       -18.3555      0.0625000
     11       -18.2849      0.0625000
     12       -18.2647      0.0625000
     13       -18.2306      0.0625000
     14       -18.2219      0.0625000
     15       -18.1991      0.0625000
     16       -18.1958      0.0625000
     17       -6.23374      0.0625000
     18       -5.43580      0.0625000
     19       -5.39359      0.0625000
     20       -5.29906      0.0625000
     21       -5.13708      0.0625000
     22       -4.87508      0.0625000
     23       -4.74944      0.0625000
     24       -4.68603      0.0625000
     25        6.07591      0.0625000
     26        6.11834      0.0625000
     27        6.80435      0.0625000
     28        6.81525      0.0625000
     29        6.85522      0.0625000
     30        7.09645      0.0625000
     31        7.34125      0.0625000
     32        7.34740      0.0625000
     33        7.96444      0.0625000
     34        8.17221      0.0625000
     35        8.60466      0.0625000
     36        8.66190      0.0625000
     37        8.70760      0.0625000
     38        8.99912      0.0625000
     39        9.55322      0.0625000
     40        9.56059      0.0625000
     41        9.88328      0.0625000
     42        9.92504      0.0625000
     43        10.1107      0.0625000
     44        10.3214      0.0625000
     45        10.4116      0.0625000
     46        10.6501      0.0625000
     47        11.1122      0.0625000
     48        11.1170      0.0625000
     49        15.9965    2.77556e-17
     50        16.1721        0.00000
     51        16.1846        0.00000
     52        16.7348        0.00000
     53        16.8100        0.00000
     54        17.5799        0.00000
     55        17.6747        0.00000
     56        17.8300        0.00000
     57        18.0396        0.00000
     58        18.4314        0.00000
 Energy (eV) & Occupations  for spin=1 K-point=8
      1       -48.7582      0.0625000
      2       -48.7581      0.0625000
      3       -48.7502      0.0625000
      4       -48.7500      0.0625000
      5       -18.5084      0.0625000
      6       -18.5084      0.0625000
      7       -18.4439      0.0625000
      8       -18.4439      0.0625000
      9       -18.3408      0.0625000
     10       -18.3407      0.0625000
     11       -18.2458      0.0625000
     12       -18.2457      0.0625000
     13       -18.2208      0.0625000
     14       -18.2207      0.0625000
     15       -18.1779      0.0625000
     16       -18.1779      0.0625000
     17       -5.90800      0.0625000
     18       -5.90788      0.0625000
     19       -5.34751      0.0625000
     20       -5.34745      0.0625000
     21       -4.95232      0.0625000
     22       -4.95230      0.0625000
     23       -4.72204      0.0625000
     24       -4.72195      0.0625000
     25        6.49001      0.0625000
     26        6.49010      0.0625000
     27        6.79713      0.0625000
     28        6.79719      0.0625000
     29        7.11359      0.0625000
     30        7.11365      0.0625000
     31        7.87734      0.0625000
     32        7.87738      0.0625000
     33        8.18458      0.0625000
     34        8.18463      0.0625000
     35        8.36658      0.0625000
     36        8.36665      0.0625000
     37        8.81888      0.0625000
     38        8.81894      0.0625000
     39        9.04483      0.0625000
     40        9.04490      0.0625000
     41        9.69623      0.0625000
     42        9.69632      0.0625000
     43        10.0745      0.0625000
     44        10.0745      0.0625000
     45        10.4494      0.0625000
     46        10.4495      0.0625000
     47        10.7097      0.0625000
     48        10.7097      0.0625000
     49        15.9181    1.96024e-15
     50        15.9181    1.95677e-15
     51        16.4929        0.00000
     52        16.4930        0.00000
     53        16.8778        0.00000
     54        16.8778        0.00000
     55        17.6132        0.00000
     56        17.6133        0.00000
     57        18.1158        0.00000
     58        18.1158        0.00000
 Energy (eV) & Occupations  for spin=1 K-point=9
      1       -48.7657      0.0625000
      2       -48.7512      0.0625000
      3       -48.7500      0.0625000
      4       -48.7497      0.0625000
      5       -18.5278      0.0625000
      6       -18.5272      0.0625000
      7       -18.5168      0.0625000
      8       -18.3789      0.0625000
      9       -18.3054      0.0625000
     10       -18.2835      0.0625000
     11       -18.2788      0.0625000
     12       -18.2688      0.0625000
     13       -18.2277      0.0625000
     14       -18.1972      0.0625000
     15       -18.1766      0.0625000
     16       -18.1682      0.0625000
     17       -6.61244      0.0625000
     18       -5.44375      0.0625000
     19       -5.44155      0.0625000
     20       -5.27747      0.0625000
     21       -4.94203      0.0625000
     22       -4.73672      0.0625000
     23       -4.72474      0.0625000
     24       -4.57920      0.0625000
     25        5.84543      0.0625000
     26        6.00253      0.0625000
     27        6.28285      0.0625000
     28        6.63981      0.0625000
     29        6.88205      0.0625000
     30        7.24024      0.0625000
     31        7.57102      0.0625000
     32        7.67011      0.0625000
     33        7.88615      0.0625000
     34        8.25652      0.0625000
     35        8.30284      0.0625000
     36        8.87571      0.0625000
     37        8.99450      0.0625000
     38        9.15677      0.0625000
     39        9.41159      0.0625000
     40        9.61244      0.0625000
     41        9.73963      0.0625000
     42        9.85447      0.0625000
     43        10.1757      0.0625000
     44        10.2478      0.0625000
     45        10.4451      0.0625000
     46        10.9510      0.0625000
     47        11.0557      0.0625000
     48        11.1672      0.0625000
     49        16.0385    3.46945e-18
     50        16.3726        0.00000
     51        16.4604        0.00000
     52        16.8785        0.00000
     53        17.1465        0.00000
     54        17.2568        0.00000
     55        17.3014        0.00000
     56        17.4049        0.00000
     57        18.1171        0.00000
     58        18.3516        0.00000
 Energy (eV) & Occupations  for spin=1 K-point=10
      1       -48.7587      0.0625000
      2       -48.7585      0.0625000
      3       -48.7497      0.0625000
      4       -48.7496      0.0625000
      5       -18.4649      0.0625000
      6       -18.4648      0.0625000
      7       -18.4336      0.0625000
      8       -18.4336      0.0625000
      9       -18.3629      0.0625000
     10       -18.3628      0.0625000
     11       -18.2612      0.0625000
     12       -18.2612      0.0625000
     13       -18.2277      0.0625000
     14       -18.2277      0.0625000
     15       -18.1869      0.0625000
     16       -18.1869      0.0625000
     17       -5.93326      0.0625000
     18       -5.93313      0.0625000
     19       -5.31805      0.0625000
     20       -5.31791      0.0625000
     21       -4.89694      0.0625000
     22       -4.89683      0.0625000
     23       -4.78241      0.0625000
     24       -4.78231      0.0625000
     25        6.57596      0.0625000
     26        6.57599      0.0625000
     27        6.82551      0.0625000
     28        6.82554      0.0625000
     29        7.22163      0.0625000
     30        7.22172      0.0625000
     31        7.44691      0.0625000
     32        7.44697      0.0625000
     33        7.76631      0.0625000
     34        7.76637      0.0625000
     35        8.49215      0.0625000
     36        8.49222      0.0625000
     37        8.83710      0.0625000
     38        8.83715      0.0625000
     39        9.34362      0.0625000
     40        9.34370      0.0625000
     41        9.70696      0.0625000
     42        9.70702      0.0625000
     43        10.0973      0.0625000
     44        10.0974      0.0625000
     45        10.4539      0.0625000
     46        10.4539      0.0625000
     47        10.7796      0.0625000
     48        10.7797      0.0625000
     49        16.3736        0.00000
     50        16.3736        0.00000
     51        16.7679        0.00000
     52        16.7679        0.00000
     53        17.1488        0.00000
     54        17.1489        0.00000
     55        17.3977        0.00000
     56        17.3978        0.00000
     57        18.2940        0.00000
     58        18.2940        0.00000
 Energy (eV) & Occupations  for spin=1 K-point=11
      1       -48.7610      0.0625000
      2       -48.7548      0.0625000
      3       -48.7507      0.0625000
      4       -48.7502      0.0625000
      5       -18.5019      0.0625000
      6       -18.4421      0.0625000
      7       -18.4346      0.0625000
      8       -18.4285      0.0625000
      9       -18.3799      0.0625000
     10       -18.3420      0.0625000
     11       -18.2738      0.0625000
     12       -18.2621      0.0625000
     13       -18.2151      0.0625000
     14       -18.2109      0.0625000
     15       -18.1970      0.0625000
     16       -18.1903      0.0625000
     17       -6.13418      0.0625000
     18       -5.42665      0.0625000
     19       -5.39924      0.0625000
     20       -5.33973      0.0625000
     21       -5.17422      0.0625000
     22       -4.94038      0.0625000
     23       -4.74023      0.0625000
     24       -4.68492      0.0625000
     25        6.12427      0.0625000
     26        6.38893      0.0625000
     27        6.73617      0.0625000
     28        6.90331      0.0625000
     29        7.01180      0.0625000
     30        7.17052      0.0625000
     31        7.20681      0.0625000
     32        7.57395      0.0625000
     33        8.06852      0.0625000
     34        8.09016      0.0625000
     35        8.54645      0.0625000
     36        8.62360      0.0625000
     37        8.75518      0.0625000
     38        9.10169      0.0625000
     39        9.45640      0.0625000
     40        9.52790      0.0625000
     41        9.75345      0.0625000
     42        9.89509      0.0625000
     43        9.99591      0.0625000
     44        10.0873      0.0625000
     45        10.3960      0.0625000
     46        10.4063      0.0625000
     47        11.0347      0.0625000
     48        11.0669      0.0625000
     49        15.9717    1.07553e-16
     50        16.1052        0.00000
     51        16.1387        0.00000
     52        16.5786        0.00000
     53        16.7163        0.00000
     54        17.6587        0.00000
     55        17.6653        0.00000
     56        17.8017        0.00000
     57        17.8427        0.00000
     58        18.2241        0.00000
 Energy (eV) & Occupations  for spin=1 K-point=12
      1       -48.7572      0.0625000
      2       -48.7571      0.0625000
      3       -48.7511      0.0625000
      4       -48.7510      0.0625000
      5       -18.5401      0.0625000
      6       -18.5400      0.0625000
      7       -18.4910      0.0625000
      8       -18.4909      0.0625000
      9       -18.2853      0.0625000
     10       -18.2852      0.0625000
     11       -18.2295      0.0625000
     12       -18.2294      0.0625000
     13       -18.2087      0.0625000
     14       -18.2087      0.0625000
     15       -18.1803      0.0625000
     16       -18.1803      0.0625000
     17       -5.88923      0.0625000
     18       -5.88912      0.0625000
     19       -5.50227      0.0625000
     20       -5.50221      0.0625000
     21       -4.84253      0.0625000
     22       -4.84252      0.0625000
     23       -4.69595      0.0625000
     24       -4.69587      0.0625000
     25        6.66513      0.0625000
     26        6.66519      0.0625000
     27        6.88721      0.0625000
     28        6.88725      0.0625000
     29        7.16489      0.0625000
     30        7.16496      0.0625000
     31        7.61434      0.0625000
     32        7.61435      0.0625000
     33        8.21509      0.0625000
     34        8.21514      0.0625000
     35        8.36946      0.0625000
     36        8.36950      0.0625000
     37        8.98951      0.0625000
     38        8.98953      0.0625000
     39        9.15174      0.0625000
     40        9.15179      0.0625000
     41        9.72381      0.0625000
     42        9.72385      0.0625000
     43        9.94842      0.0625000
     44        9.94849      0.0625000
     45        10.1768      0.0625000
     46        10.1769      0.0625000
     47        10.6544      0.0625000
     48        10.6544      0.0625000
     49        15.8448    8.32077e-14
     50        15.8448    8.30967e-14
     51        16.4916        0.00000
     52        16.4916        0.00000
     53        16.7904        0.00000
     54        16.7905        0.00000
     55        17.5515        0.00000
     56        17.5515        0.00000
     57        18.0824        0.00000
     58        18.0824        0.00000
 Energy (eV) & Occupations  for spin=1 K-point=13
      1       -48.7624      0.0625000
      2       -48.7545      0.0625000
      3       -48.7499      0.0625000
      4       -48.7497      0.0625000
      5       -18.4995      0.0625000
      6       -18.4754      0.0625000
      7       -18.4731      0.0625000
      8       -18.4209      0.0625000
      9       -18.3448      0.0625000
     10       -18.3074      0.0625000
     11       -18.2746      0.0625000
     12       -18.2714      0.0625000
     13       -18.2178      0.0625000
     14       -18.2084      0.0625000
     15       -18.1915      0.0625000
     16       -18.1829      0.0625000
     17       -6.34014      0.0625000
     18       -5.68956      0.0625000
     19       -5.39505      0.0625000
     20       -5.30639      0.0625000
     21       -4.93201      0.0625000
     22       -4.79365      0.0625000
     23       -4.70737      0.0625000
     24       -4.62217      0.0625000
     25        5.94687      0.0625000
     26        6.25444      0.0625000
     27        6.64197      0.0625000
     28        6.81772      0.0625000
     29        7.08860      0.0625000
     30        7.32646      0.0625000
     31        7.39182      0.0625000
     32        7.40618      0.0625000
     33        7.67825      0.0625000
     34        8.21232      0.0625000
     35        8.46643      0.0625000
     36        8.50145      0.0625000
     37        9.03145      0.0625000
     38        9.13209      0.0625000
     39        9.25774      0.0625000
     40        9.36501      0.0625000
     41        9.42456      0.0625000
     42        9.71666      0.0625000
     43        10.2496      0.0625000
     44        10.3034      0.0625000
     45        10.7055      0.0625000
     46        10.9426      0.0625000
     47        11.0115      0.0625000
     48        11.0734      0.0625000
     49        15.9256    1.31492e-15
     50        16.0978        0.00000
     51        16.5032        0.00000
     52        16.7194        0.00000
     53        17.2922        0.00000
     54        17.3090        0.00000
     55        17.3312        0.00000
     56        17.4587        0.00000
     57        18.5650        0.00000
     58        18.6948        0.00000
 Energy (eV) & Occupations  for spin=1 K-point=14
      1       -48.7566      0.0625000
      2       -48.7565      0.0625000
      3       -48.7518      0.0625000
      4       -48.7516      0.0625000
      5       -18.4632      0.0625000
      6       -18.4631      0.0625000
      7       -18.4404      0.0625000
      8       -18.4404      0.0625000
      9       -18.3472      0.0625000
     10       -18.3471      0.0625000
     11       -18.2837      0.0625000
     12       -18.2835      0.0625000
     13       -18.2159      0.0625000
     14       -18.2159      0.0625000
     15       -18.1887      0.0625000
     16       -18.1887      0.0625000
     17       -5.79680      0.0625000
     18       -5.79667      0.0625000
     19       -5.46415      0.0625000
     20       -5.46401      0.0625000
     21       -4.87036      0.0625000
     22       -4.87025      0.0625000
     23       -4.81026      0.0625000
     24       -4.81016      0.0625000
     25        6.74280      0.0625000
     26        6.74286      0.0625000
     27        6.94559      0.0625000
     28        6.94565      0.0625000
     29        7.30349      0.0625000
     30        7.30359      0.0625000
     31        7.57246      0.0625000
     32        7.57250      0.0625000
     33        7.79703      0.0625000
     34        7.79710      0.0625000
     35        8.38802      0.0625000
     36        8.38809      0.0625000
     37        8.62662      0.0625000
     38        8.62668      0.0625000
     39        9.26847      0.0625000
     40        9.26854      0.0625000
     41        9.73592      0.0625000
     42        9.73597      0.0625000
     43        9.82583      0.0625000
     44        9.82590      0.0625000
     45        10.4590      0.0625000
     46        10.4591      0.0625000
     47        10.7036      0.0625000
     48        10.7037      0.0625000
     49        16.3493        0.00000
     50        16.3494        0.00000
     51        16.5869        0.00000
     52        16.5869        0.00000
     53        17.3300        0.00000
     54        17.3300        0.00000
     55        17.4851        0.00000
     56        17.4852        0.00000
     57        18.3238        0.00000
     58        18.3239        0.00000
 Energy (eV) & Occupations  for spin=1 K-point=15
      1       -48.7586      0.0625000
      2       -48.7537      0.0625000
      3       -48.7530      0.0625000
      4       -48.7512      0.0625000
      5       -18.5017      0.0625000
      6       -18.4653      0.0625000
      7       -18.4439      0.0625000
      8       -18.4393      0.0625000
      9       -18.3761      0.0625000
     10       -18.3154      0.0625000
     11       -18.3053      0.0625000
     12       -18.2574      0.0625000
     13       -18.2143      0.0625000
     14       -18.1917      0.0625000
     15       -18.1884      0.0625000
     16       -18.1805      0.0625000
     17       -5.98207      0.0625000
     18       -5.60248      0.0625000
     19       -5.34885      0.0625000
     20       -5.25247      0.0625000
     21       -5.22819      0.0625000
     22       -5.03571      0.0625000
     23       -4.72560      0.0625000
     24       -4.69275      0.0625000
     25        6.25275      0.0625000
     26        6.62137      0.0625000
     27        6.69451      0.0625000
     28        7.04771      0.0625000
     29        7.09980      0.0625000
     30        7.23135      0.0625000
     31        7.23680      0.0625000
     32        7.77258      0.0625000
     33        7.85186      0.0625000
     34        8.25731      0.0625000
     35        8.31330      0.0625000
     36        8.70670      0.0625000
     37        8.79038      0.0625000
     38        9.26114      0.0625000
     39        9.29608      0.0625000
     40        9.53010      0.0625000
     41        9.55046      0.0625000
     42        9.81562      0.0625000
     43        9.86937      0.0625000
     44        9.91861      0.0625000
     45        10.2501      0.0625000
     46        10.3325      0.0625000
     47        10.9583      0.0625000
     48        10.9910      0.0625000
     49        15.8369    1.23079e-13
     50        15.9911    3.46945e-17
     51        16.1314        0.00000
     52        16.3621        0.00000
     53        16.9680        0.00000
     54        17.5970        0.00000
     55        17.6535        0.00000
     56        17.7172        0.00000
     57        17.8115        0.00000
     58        18.0343        0.00000
 Energy (eV) & Occupations  for spin=1 K-point=16
      1       -48.7558      0.0625000
      2       -48.7557      0.0625000
      3       -48.7525      0.0625000
      4       -48.7524      0.0625000
      5       -18.5582      0.0625000
      6       -18.5581      0.0625000
      7       -18.5313      0.0625000
      8       -18.5313      0.0625000
      9       -18.2408      0.0625000
     10       -18.2408      0.0625000
     11       -18.2171      0.0625000
     12       -18.2170      0.0625000
     13       -18.2028      0.0625000
     14       -18.2028      0.0625000
     15       -18.1818      0.0625000
     16       -18.1818      0.0625000
     17       -5.84502      0.0625000
     18       -5.84492      0.0625000
     19       -5.64862      0.0625000
     20       -5.64855      0.0625000
     21       -4.75475      0.0625000
     22       -4.75472      0.0625000
     23       -4.68199      0.0625000
     24       -4.68194      0.0625000
     25        6.81153      0.0625000
     26        6.81158      0.0625000
     27        7.06017      0.0625000
     28        7.06023      0.0625000
     29        7.21774      0.0625000
     30        7.21783      0.0625000
     31        7.42493      0.0625000
     32        7.42498      0.0625000
     33        8.19782      0.0625000
     34        8.19787      0.0625000
     35        8.49109      0.0625000
     36        8.49111      0.0625000
     37        8.94278      0.0625000
     38        8.94282      0.0625000
     39        9.20269      0.0625000
     40        9.20271      0.0625000
     41        9.63494      0.0625000
     42        9.63502      0.0625000
     43        9.78260      0.0625000
     44        9.78263      0.0625000
     45        10.1982      0.0625000
     46        10.1983      0.0625000
     47        10.5508      0.0625000
     48        10.5508      0.0625000
     49        15.8337    1.43892e-13
     50        15.8337    1.43732e-13
     51        16.2207        0.00000
     52        16.2207        0.00000
     53        16.9817        0.00000
     54        16.9818        0.00000
     55        17.4134        0.00000
     56        17.4135        0.00000
     57        18.0970        0.00000
     58        18.0971        0.00000
 Energy (eV) & Occupations  for spin=1 K-point=17
      1       -48.7585      0.0625000
      2       -48.7584      0.0625000
      3       -48.7499      0.0625000
      4       -48.7498      0.0625000
      5       -18.4628      0.0625000
      6       -18.4627      0.0625000
      7       -18.4409      0.0625000
      8       -18.4408      0.0625000
      9       -18.3586      0.0625000
     10       -18.3586      0.0625000
     11       -18.2691      0.0625000
     12       -18.2690      0.0625000
     13       -18.2065      0.0625000
     14       -18.2065      0.0625000
     15       -18.1983      0.0625000
     16       -18.1982      0.0625000
     17       -6.01410      0.0625000
     18       -6.01403      0.0625000
     19       -5.34713      0.0625000
     20       -5.34705      0.0625000
     21       -4.87013      0.0625000
     22       -4.87011      0.0625000
     23       -4.66762      0.0625000
     24       -4.66760      0.0625000
     25        6.15730      0.0625000
     26        6.15734      0.0625000
     27        6.91673      0.0625000
     28        6.91679      0.0625000
     29        7.14900      0.0625000
     30        7.14903      0.0625000
     31        7.50413      0.0625000
     32        7.50418      0.0625000
     33        7.70171      0.0625000
     34        7.70176      0.0625000
     35        8.67060      0.0625000
     36        8.67069      0.0625000
     37        8.75423      0.0625000
     38        8.75430      0.0625000
     39        9.40251      0.0625000
     40        9.40256      0.0625000
     41        9.45882      0.0625000
     42        9.45886      0.0625000
     43        10.3046      0.0625000
     44        10.3046      0.0625000
     45        10.8775      0.0625000
     46        10.8775      0.0625000
     47        11.0160      0.0625000
     48        11.0161      0.0625000
     49        15.9295    1.06859e-15
     50        15.9296    1.06512e-15
     51        16.5887        0.00000
     52        16.5887        0.00000
     53        17.3251        0.00000
     54        17.3252        0.00000
     55        17.4363        0.00000
     56        17.4363        0.00000
     57        18.6782        0.00000
     58        18.6783        0.00000
 Energy (eV) & Occupations  for spin=1 K-point=18
      1       -48.7543      0.0625000
      2       -48.7541      0.0625000
      3       -48.7540      0.0625000
      4       -48.7540      0.0625000
      5       -18.4539      0.0625000
      6       -18.4538      0.0625000
      7       -18.4538      0.0625000
      8       -18.4538      0.0625000
      9       -18.3170      0.0625000
     10       -18.3168      0.0625000
     11       -18.3168      0.0625000
     12       -18.3167      0.0625000
     13       -18.1993      0.0625000
     14       -18.1993      0.0625000
     15       -18.1992      0.0625000
     16       -18.1992      0.0625000
     17       -5.63253      0.0625000
     18       -5.63233      0.0625000
     19       -5.63232      0.0625000
     20       -5.63228      0.0625000
     21       -4.84065      0.0625000
     22       -4.84053      0.0625000
     23       -4.84053      0.0625000
     24       -4.84043      0.0625000
     25        6.87558      0.0625000
     26        6.87567      0.0625000
     27        6.87568      0.0625000
     28        6.87572      0.0625000
     29        7.52125      0.0625000
     30        7.52137      0.0625000
     31        7.52140      0.0625000
     32        7.52141      0.0625000
     33        8.01379      0.0625000
     34        8.01386      0.0625000
     35        8.01390      0.0625000
     36        8.01393      0.0625000
     37        8.89684      0.0625000
     38        8.89690      0.0625000
     39        8.89694      0.0625000
     40        8.89695      0.0625000
     41        9.77101      0.0625000
     42        9.77107      0.0625000
     43        9.77108      0.0625000
     44        9.77112      0.0625000
     45        10.5696      0.0625000
     46        10.5697      0.0625000
     47        10.5697      0.0625000
     48        10.5698      0.0625000
     49        16.4263        0.00000
     50        16.4263        0.00000
     51        16.4264        0.00000
     52        16.4264        0.00000
     53        17.4704        0.00000
     54        17.4704        0.00000
     55        17.4705        0.00000
     56        17.4705        0.00000
     57        18.3962        0.00000
     58        18.3963        0.00000
 Energy (eV) & Occupations  for spin=1 K-point=19
      1       -48.7559      0.0625000
      2       -48.7558      0.0625000
      3       -48.7525      0.0625000
      4       -48.7524      0.0625000
      5       -18.4894      0.0625000
      6       -18.4894      0.0625000
      7       -18.4466      0.0625000
      8       -18.4466      0.0625000
      9       -18.3434      0.0625000
     10       -18.3433      0.0625000
     11       -18.2842      0.0625000
     12       -18.2841      0.0625000
     13       -18.1979      0.0625000
     14       -18.1979      0.0625000
     15       -18.1785      0.0625000
     16       -18.1785      0.0625000
     17       -5.79677      0.0625000
     18       -5.79669      0.0625000
     19       -5.28952      0.0625000
     20       -5.28945      0.0625000
     21       -5.14553      0.0625000
     22       -5.14549      0.0625000
     23       -4.70815      0.0625000
     24       -4.70814      0.0625000
     25        6.44117      0.0625000
     26        6.44122      0.0625000
     27        6.88679      0.0625000
     28        6.88683      0.0625000
     29        7.29243      0.0625000
     30        7.29249      0.0625000
     31        7.49514      0.0625000
     32        7.49516      0.0625000
     33        8.02214      0.0625000
     34        8.02216      0.0625000
     35        8.46954      0.0625000
     36        8.46958      0.0625000
     37        9.06656      0.0625000
     38        9.06660      0.0625000
     39        9.43889      0.0625000
     40        9.43892      0.0625000
     41        9.61298      0.0625000
     42        9.61302      0.0625000
     43        9.84652      0.0625000
     44        9.84660      0.0625000
     45        10.2591      0.0625000
     46        10.2592      0.0625000
     47        10.9390      0.0625000
     48        10.9390      0.0625000
     49        15.8522    5.75616e-14
     50        15.8523    5.73985e-14
     51        16.1979        0.00000
     52        16.1979        0.00000
     53        17.3335        0.00000
     54        17.3336        0.00000
     55        17.6635        0.00000
     56        17.6636        0.00000
     57        17.8921        0.00000
     58        17.8922        0.00000
 Energy (eV) & Occupations  for spin=1 K-point=20
      1       -48.7542      0.0625000
      2       -48.7540      0.0625000
      3       -48.7540      0.0625000
      4       -48.7540      0.0625000
      5       -18.5553      0.0625000
      6       -18.5553      0.0625000
      7       -18.5553      0.0625000
      8       -18.5553      0.0625000
      9       -18.2190      0.0625000
     10       -18.2190      0.0625000
     11       -18.2189      0.0625000
     12       -18.2189      0.0625000
     13       -18.1912      0.0625000
     14       -18.1911      0.0625000
     15       -18.1911      0.0625000
     16       -18.1910      0.0625000
     17       -5.76563      0.0625000
     18       -5.76546      0.0625000
     19       -5.76542      0.0625000
     20       -5.76542      0.0625000
     21       -4.69984      0.0625000
     22       -4.69980      0.0625000
     23       -4.69974      0.0625000
     24       -4.69967      0.0625000
     25        6.96235      0.0625000
     26        6.96239      0.0625000
     27        6.96242      0.0625000
     28        6.96244      0.0625000
     29        7.35143      0.0625000
     30        7.35149      0.0625000
     31        7.35151      0.0625000
     32        7.35156      0.0625000
     33        8.35285      0.0625000
     34        8.35288      0.0625000
     35        8.35292      0.0625000
     36        8.35297      0.0625000
     37        9.02729      0.0625000
     38        9.02733      0.0625000
     39        9.02736      0.0625000
     40        9.02737      0.0625000
     41        9.66759      0.0625000
     42        9.66764      0.0625000
     43        9.66765      0.0625000
     44        9.66769      0.0625000
     45        10.3889      0.0625000
     46        10.3889      0.0625000
     47        10.3890      0.0625000
     48        10.3890      0.0625000
     49        15.9619    1.83881e-16
     50        15.9619    1.83881e-16
     51        15.9619    1.83881e-16
     52        15.9620    1.83881e-16
     53        17.2129        0.00000
     54        17.2129        0.00000
     55        17.2130        0.00000
     56        17.2130        0.00000
     57        18.2379        0.00000
     58        18.2379        0.00000
 Energy (eV) & Occupations  for spin=1 K-point=21
      1       -48.7624      0.0625000
      2       -48.7545      0.0625000
      3       -48.7499      0.0625000
      4       -48.7497      0.0625000
      5       -18.4995      0.0625000
      6       -18.4754      0.0625000
      7       -18.4731      0.0625000
      8       -18.4209      0.0625000
      9       -18.3448      0.0625000
     10       -18.3074      0.0625000
     11       -18.2746      0.0625000
     12       -18.2714      0.0625000
     13       -18.2178      0.0625000
     14       -18.2084      0.0625000
     15       -18.1915      0.0625000
     16       -18.1829      0.0625000
     17       -6.34014      0.0625000
     18       -5.68956      0.0625000
     19       -5.39505      0.0625000
     20       -5.30639      0.0625000
     21       -4.93201      0.0625000
     22       -4.79365      0.0625000
     23       -4.70737      0.0625000
     24       -4.62217      0.0625000
     25        5.94687      0.0625000
     26        6.25444      0.0625000
     27        6.64197      0.0625000
     28        6.81772      0.0625000
     29        7.08860      0.0625000
     30        7.32646      0.0625000
     31        7.39182      0.0625000
     32        7.40618      0.0625000
     33        7.67825      0.0625000
     34        8.21232      0.0625000
     35        8.46643      0.0625000
     36        8.50145      0.0625000
     37        9.03145      0.0625000
     38        9.13209      0.0625000
     39        9.25774      0.0625000
     40        9.36501      0.0625000
     41        9.42456      0.0625000
     42        9.71666      0.0625000
     43        10.2496      0.0625000
     44        10.3034      0.0625000
     45        10.7055      0.0625000
     46        10.9426      0.0625000
     47        11.0115      0.0625000
     48        11.0734      0.0625000
     49        15.9256    1.31492e-15
     50        16.0978        0.00000
     51        16.5032        0.00000
     52        16.7194        0.00000
     53        17.2922        0.00000
     54        17.3090        0.00000
     55        17.3312        0.00000
     56        17.4587        0.00000
     57        18.5650        0.00000
     58        18.6948        0.00000
 Energy (eV) & Occupations  for spin=1 K-point=22
      1       -48.7566      0.0625000
      2       -48.7565      0.0625000
      3       -48.7518      0.0625000
      4       -48.7516      0.0625000
      5       -18.4632      0.0625000
      6       -18.4631      0.0625000
      7       -18.4404      0.0625000
      8       -18.4404      0.0625000
      9       -18.3472      0.0625000
     10       -18.3471      0.0625000
     11       -18.2837      0.0625000
     12       -18.2835      0.0625000
     13       -18.2159      0.0625000
     14       -18.2159      0.0625000
     15       -18.1887      0.0625000
     16       -18.1887      0.0625000
     17       -5.79680      0.0625000
     18       -5.79667      0.0625000
     19       -5.46415      0.0625000
     20       -5.46401      0.0625000
     21       -4.87036      0.0625000
     22       -4.87025      0.0625000
     23       -4.81026      0.0625000
     24       -4.81016      0.0625000
     25        6.74280      0.0625000
     26        6.74286      0.0625000
     27        6.94559      0.0625000
     28        6.94565      0.0625000
     29        7.30349      0.0625000
     30        7.30359      0.0625000
     31        7.57246      0.0625000
     32        7.57250      0.0625000
     33        7.79703      0.0625000
     34        7.79710      0.0625000
     35        8.38802      0.0625000
     36        8.38809      0.0625000
     37        8.62662      0.0625000
     38        8.62668      0.0625000
     39        9.26847      0.0625000
     40        9.26854      0.0625000
     41        9.73592      0.0625000
     42        9.73597      0.0625000
     43        9.82583      0.0625000
     44        9.82590      0.0625000
     45        10.4590      0.0625000
     46        10.4591      0.0625000
     47        10.7036      0.0625000
     48        10.7037      0.0625000
     49        16.3493        0.00000
     50        16.3494        0.00000
     51        16.5869        0.00000
     52        16.5869        0.00000
     53        17.3300        0.00000
     54        17.3300        0.00000
     55        17.4851        0.00000
     56        17.4852        0.00000
     57        18.3238        0.00000
     58        18.3239        0.00000
 Energy (eV) & Occupations  for spin=1 K-point=23
      1       -48.7586      0.0625000
      2       -48.7537      0.0625000
      3       -48.7530      0.0625000
      4       -48.7512      0.0625000
      5       -18.5017      0.0625000
      6       -18.4653      0.0625000
      7       -18.4439      0.0625000
      8       -18.4393      0.0625000
      9       -18.3761      0.0625000
     10       -18.3154      0.0625000
     11       -18.3053      0.0625000
     12       -18.2574      0.0625000
     13       -18.2143      0.0625000
     14       -18.1917      0.0625000
     15       -18.1884      0.0625000
     16       -18.1805      0.0625000
     17       -5.98207      0.0625000
     18       -5.60248      0.0625000
     19       -5.34885      0.0625000
     20       -5.25247      0.0625000
     21       -5.22819      0.0625000
     22       -5.03571      0.0625000
     23       -4.72560      0.0625000
     24       -4.69275      0.0625000
     25        6.25275      0.0625000
     26        6.62137      0.0625000
     27        6.69451      0.0625000
     28        7.04771      0.0625000
     29        7.09980      0.0625000
     30        7.23135      0.0625000
     31        7.23680      0.0625000
     32        7.77258      0.0625000
     33        7.85186      0.0625000
     34        8.25731      0.0625000
     35        8.31330      0.0625000
     36        8.70670      0.0625000
     37        8.79038      0.0625000
     38        9.26114      0.0625000
     39        9.29608      0.0625000
     40        9.53010      0.0625000
     41        9.55046      0.0625000
     42        9.81562      0.0625000
     43        9.86937      0.0625000
     44        9.91861      0.0625000
     45        10.2501      0.0625000
     46        10.3325      0.0625000
     47        10.9583      0.0625000
     48        10.9910      0.0625000
     49        15.8369    1.23079e-13
     50        15.9911    3.46945e-17
     51        16.1314        0.00000
     52        16.3621        0.00000
     53        16.9680        0.00000
     54        17.5970        0.00000
     55        17.6535        0.00000
     56        17.7172        0.00000
     57        17.8115        0.00000
     58        18.0343        0.00000
 Energy (eV) & Occupations  for spin=1 K-point=24
      1       -48.7558      0.0625000
      2       -48.7557      0.0625000
      3       -48.7525      0.0625000
      4       -48.7524      0.0625000
      5       -18.5582      0.0625000
      6       -18.5581      0.0625000
      7       -18.5313      0.0625000
      8       -18.5313      0.0625000
      9       -18.2408      0.0625000
     10       -18.2408      0.0625000
     11       -18.2171      0.0625000
     12       -18.2170      0.0625000
     13       -18.2028      0.0625000
     14       -18.2028      0.0625000
     15       -18.1818      0.0625000
     16       -18.1818      0.0625000
     17       -5.84502      0.0625000
     18       -5.84492      0.0625000
     19       -5.64862      0.0625000
     20       -5.64855      0.0625000
     21       -4.75475      0.0625000
     22       -4.75472      0.0625000
     23       -4.68199      0.0625000
     24       -4.68194      0.0625000
     25        6.81153      0.0625000
     26        6.81158      0.0625000
     27        7.06017      0.0625000
     28        7.06023      0.0625000
     29        7.21774      0.0625000
     30        7.21783      0.0625000
     31        7.42493      0.0625000
     32        7.42498      0.0625000
     33        8.19782      0.0625000
     34        8.19787      0.0625000
     35        8.49109      0.0625000
     36        8.49111      0.0625000
     37        8.94278      0.0625000
     38        8.94282      0.0625000
     39        9.20269      0.0625000
     40        9.20271      0.0625000
     41        9.63494      0.0625000
     42        9.63502      0.0625000
     43        9.78260      0.0625000
     44        9.78263      0.0625000
     45        10.1982      0.0625000
     46        10.1983      0.0625000
     47        10.5508      0.0625000
     48        10.5508      0.0625000
     49        15.8337    1.43892e-13
     50        15.8337    1.43732e-13
     51        16.2207        0.00000
     52        16.2207        0.00000
     53        16.9817        0.00000
     54        16.9818        0.00000
     55        17.4134        0.00000
     56        17.4135        0.00000
     57        18.0970        0.00000
     58        18.0971        0.00000
 Energy (eV) & Occupations  for spin=1 K-point=25
      1       -48.7657      0.0625000
      2       -48.7512      0.0625000
      3       -48.7500      0.0625000
      4       -48.7497      0.0625000
      5       -18.5278      0.0625000
      6       -18.5272      0.0625000
      7       -18.5168      0.0625000
      8       -18.3789      0.0625000
      9       -18.3054      0.0625000
     10       -18.2835      0.0625000
     11       -18.2788      0.0625000
     12       -18.2688      0.0625000
     13       -18.2277      0.0625000
     14       -18.1972      0.0625000
     15       -18.1766      0.0625000
     16       -18.1682      0.0625000
     17       -6.61244      0.0625000
     18       -5.44375      0.0625000
     19       -5.44155      0.0625000
     20       -5.27747      0.0625000
     21       -4.94203      0.0625000
     22       -4.73672      0.0625000
     23       -4.72474      0.0625000
     24       -4.57920      0.0625000
     25        5.84543      0.0625000
     26        6.00253      0.0625000
     27        6.28285      0.0625000
     28        6.63981      0.0625000
     29        6.88205      0.0625000
     30        7.24024      0.0625000
     31        7.57102      0.0625000
     32        7.67011      0.0625000
     33        7.88615      0.0625000
     34        8.25652      0.0625000
     35        8.30284      0.0625000
     36        8.87571      0.0625000
     37        8.99450      0.0625000
     38        9.15677      0.0625000
     39        9.41159      0.0625000
     40        9.61244      0.0625000
     41        9.73963      0.0625000
     42        9.85447      0.0625000
     43        10.1757      0.0625000
     44        10.2478      0.0625000
     45        10.4451      0.0625000
     46        10.9510      0.0625000
     47        11.0557      0.0625000
     48        11.1672      0.0625000
     49        16.0385    3.46945e-18
     50        16.3726        0.00000
     51        16.4604        0.00000
     52        16.8785        0.00000
     53        17.1465        0.00000
     54        17.2568        0.00000
     55        17.3014        0.00000
     56        17.4049        0.00000
     57        18.1171        0.00000
     58        18.3516        0.00000
 Energy (eV) & Occupations  for spin=1 K-point=26
      1       -48.7587      0.0625000
      2       -48.7585      0.0625000
      3       -48.7497      0.0625000
      4       -48.7496      0.0625000
      5       -18.4649      0.0625000
      6       -18.4648      0.0625000
      7       -18.4336      0.0625000
      8       -18.4336      0.0625000
      9       -18.3629      0.0625000
     10       -18.3628      0.0625000
     11       -18.2612      0.0625000
     12       -18.2612      0.0625000
     13       -18.2277      0.0625000
     14       -18.2277      0.0625000
     15       -18.1869      0.0625000
     16       -18.1869      0.0625000
     17       -5.93326      0.0625000
     18       -5.93313      0.0625000
     19       -5.31805      0.0625000
     20       -5.31791      0.0625000
     21       -4.89694      0.0625000
     22       -4.89683      0.0625000
     23       -4.78241      0.0625000
     24       -4.78231      0.0625000
     25        6.57596      0.0625000
     26        6.57599      0.0625000
     27        6.82551      0.0625000
     28        6.82554      0.0625000
     29        7.22163      0.0625000
     30        7.22172      0.0625000
     31        7.44691      0.0625000
     32        7.44697      0.0625000
     33        7.76631      0.0625000
     34        7.76637      0.0625000
     35        8.49215      0.0625000
     36        8.49222      0.0625000
     37        8.83710      0.0625000
     38        8.83715      0.0625000
     39        9.34362      0.0625000
     40        9.34370      0.0625000
     41        9.70696      0.0625000
     42        9.70702      0.0625000
     43        10.0973      0.0625000
     44        10.0974      0.0625000
     45        10.4539      0.0625000
     46        10.4539      0.0625000
     47        10.7796      0.0625000
     48        10.7797      0.0625000
     49        16.3736        0.00000
     50        16.3736        0.00000
     51        16.7679        0.00000
     52        16.7679        0.00000
     53        17.1488        0.00000
     54        17.1489        0.00000
     55        17.3977        0.00000
     56        17.3978        0.00000
     57        18.2940        0.00000
     58        18.2940        0.00000
 Energy (eV) & Occupations  for spin=1 K-point=27
      1       -48.7610      0.0625000
      2       -48.7548      0.0625000
      3       -48.7507      0.0625000
      4       -48.7502      0.0625000
      5       -18.5019      0.0625000
      6       -18.4421      0.0625000
      7       -18.4346      0.0625000
      8       -18.4285      0.0625000
      9       -18.3799      0.0625000
     10       -18.3420      0.0625000
     11       -18.2738      0.0625000
     12       -18.2621      0.0625000
     13       -18.2151      0.0625000
     14       -18.2109      0.0625000
     15       -18.1970      0.0625000
     16       -18.1903      0.0625000
     17       -6.13418      0.0625000
     18       -5.42665      0.0625000
     19       -5.39924      0.0625000
     20       -5.33973      0.0625000
     21       -5.17422      0.0625000
     22       -4.94038      0.0625000
     23       -4.74023      0.0625000
     24       -4.68492      0.0625000
     25        6.12427      0.0625000
     26        6.38893      0.0625000
     27        6.73617      0.0625000
     28        6.90331      0.0625000
     29        7.01180      0.0625000
     30        7.17052      0.0625000
     31        7.20681      0.0625000
     32        7.57395      0.0625000
     33        8.06852      0.0625000
     34        8.09016      0.0625000
     35        8.54645      0.0625000
     36        8.62360      0.0625000
     37        8.75518      0.0625000
     38        9.10169      0.0625000
     39        9.45640      0.0625000
     40        9.52790      0.0625000
     41        9.75345      0.0625000
     42        9.89509      0.0625000
     43        9.99591      0.0625000
     44        10.0873      0.0625000
     45        10.3960      0.0625000
     46        10.4063      0.0625000
     47        11.0347      0.0625000
     48        11.0669      0.0625000
     49        15.9717    1.07553e-16
     50        16.1052        0.00000
     51        16.1387        0.00000
     52        16.5786        0.00000
     53        16.7163        0.00000
     54        17.6587        0.00000
     55        17.6653        0.00000
     56        17.8017        0.00000
     57        17.8427        0.00000
     58        18.2241        0.00000
 Energy (eV) & Occupations  for spin=1 K-point=28
      1       -48.7572      0.0625000
      2       -48.7571      0.0625000
      3       -48.7511      0.0625000
      4       -48.7510      0.0625000
      5       -18.5401      0.0625000
      6       -18.5400      0.0625000
      7       -18.4910      0.0625000
      8       -18.4909      0.0625000
      9       -18.2853      0.0625000
     10       -18.2852      0.0625000
     11       -18.2295      0.0625000
     12       -18.2294      0.0625000
     13       -18.2087      0.0625000
     14       -18.2087      0.0625000
     15       -18.1803      0.0625000
     16       -18.1803      0.0625000
     17       -5.88923      0.0625000
     18       -5.88912      0.0625000
     19       -5.50227      0.0625000
     20       -5.50221      0.0625000
     21       -4.84253      0.0625000
     22       -4.84252      0.0625000
     23       -4.69595      0.0625000
     24       -4.69587      0.0625000
     25        6.66513      0.0625000
     26        6.66519      0.0625000
     27        6.88721      0.0625000
     28        6.88725      0.0625000
     29        7.16489      0.0625000
     30        7.16496      0.0625000
     31        7.61434      0.0625000
     32        7.61435      0.0625000
     33        8.21509      0.0625000
     34        8.21514      0.0625000
     35        8.36946      0.0625000
     36        8.36950      0.0625000
     37        8.98951      0.0625000
     38        8.98953      0.0625000
     39        9.15174      0.0625000
     40        9.15179      0.0625000
     41        9.72381      0.0625000
     42        9.72385      0.0625000
     43        9.94842      0.0625000
     44        9.94849      0.0625000
     45        10.1768      0.0625000
     46        10.1769      0.0625000
     47        10.6544      0.0625000
     48        10.6544      0.0625000
     49        15.8448    8.32077e-14
     50        15.8448    8.30967e-14
     51        16.4916        0.00000
     52        16.4916        0.00000
     53        16.7904        0.00000
     54        16.7905        0.00000
     55        17.5515        0.00000
     56        17.5515        0.00000
     57        18.0824        0.00000
     58        18.0824        0.00000
 Energy (eV) & Occupations  for spin=1 K-point=29
      1       -48.7679      0.0625000
      2       -48.7501      0.0625000
      3       -48.7497      0.0625000
      4       -48.7489      0.0625000
      5       -18.5650      0.0625000
      6       -18.5455      0.0625000
      7       -18.5455      0.0625000
      8       -18.3453      0.0625000
      9       -18.2908      0.0625000
     10       -18.2820      0.0625000
     11       -18.2769      0.0625000
     12       -18.2630      0.0625000
     13       -18.2413      0.0625000
     14       -18.1671      0.0625000
     15       -18.1660      0.0625000
     16       -18.1576      0.0625000
     17       -6.79194      0.0625000
     18       -5.47557      0.0625000
     19       -5.33788      0.0625000
     20       -5.26115      0.0625000
     21       -4.88201      0.0625000
     22       -4.75382      0.0625000
     23       -4.67755      0.0625000
     24       -4.54859      0.0625000
     25        5.79215      0.0625000
     26        5.86522      0.0625000
     27        5.90065      0.0625000
     28        6.59189      0.0625000
     29        6.79288      0.0625000
     30        6.87360      0.0625000
     31        7.89450      0.0625000
     32        7.92139      0.0625000
     33        8.04023      0.0625000
     34        8.17827      0.0625000
     35        8.47725      0.0625000
     36        8.85413      0.0625000
     37        9.02936      0.0625000
     38        9.27472      0.0625000
     39        9.38661      0.0625000
     40        9.72444      0.0625000
     41        9.88695      0.0625000
     42        10.1360      0.0625000
     43        10.1681      0.0625000
     44        10.1796      0.0625000
     45        10.3179      0.0625000
     46        10.9813      0.0625000
     47        11.1110      0.0625000
     48        11.2631      0.0625000
     49        16.1604        0.00000
     50        16.4499        0.00000
     51        16.5753        0.00000
     52        17.0257        0.00000
     53        17.0385        0.00000
     54        17.2300        0.00000
     55        17.2530        0.00000
     56        17.4403        0.00000
     57        17.5057        0.00000
     58        18.1246        0.00000
 Energy (eV) & Occupations  for spin=1 K-point=30
      1       -48.7601      0.0625000
      2       -48.7599      0.0625000
      3       -48.7483      0.0625000
      4       -48.7482      0.0625000
      5       -18.4610      0.0625000
      6       -18.4609      0.0625000
      7       -18.4388      0.0625000
      8       -18.4388      0.0625000
      9       -18.3618      0.0625000
     10       -18.3617      0.0625000
     11       -18.2642      0.0625000
     12       -18.2641      0.0625000
     13       -18.2171      0.0625000
     14       -18.2171      0.0625000
     15       -18.1925      0.0625000
     16       -18.1924      0.0625000
     17       -6.02311      0.0625000
     18       -6.02299      0.0625000
     19       -5.21762      0.0625000
     20       -5.21748      0.0625000
     21       -4.91704      0.0625000
     22       -4.91692      0.0625000
     23       -4.76144      0.0625000
     24       -4.76133      0.0625000
     25        6.38777      0.0625000
     26        6.38784      0.0625000
     27        6.71758      0.0625000
     28        6.71761      0.0625000
     29        7.23481      0.0625000
     30        7.23489      0.0625000
     31        7.33139      0.0625000
     32        7.33143      0.0625000
     33        7.75322      0.0625000
     34        7.75330      0.0625000
     35        8.57234      0.0625000
     36        8.57242      0.0625000
     37        9.02076      0.0625000
     38        9.02082      0.0625000
     39        9.31757      0.0625000
     40        9.31765      0.0625000
     41        9.67574      0.0625000
     42        9.67579      0.0625000
     43        10.3453      0.0625000
     44        10.3454      0.0625000
     45        10.5659      0.0625000
     46        10.5659      0.0625000
     47        10.8091      0.0625000
     48        10.8092      0.0625000
     49        16.4478        0.00000
     50        16.4479        0.00000
     51        16.8841        0.00000
     52        16.8842        0.00000
     53        17.0200        0.00000
     54        17.0201        0.00000
     55        17.3389        0.00000
     56        17.3390        0.00000
     57        18.2352        0.00000
     58        18.2353        0.00000
 Energy (eV) & Occupations  for spin=1 K-point=31
      1       -48.7625      0.0625000
      2       -48.7555      0.0625000
      3       -48.7495      0.0625000
      4       -48.7491      0.0625000
      5       -18.4949      0.0625000
      6       -18.4569      0.0625000
      7       -18.4078      0.0625000
      8       -18.4065      0.0625000
      9       -18.3584      0.0625000
     10       -18.3555      0.0625000
     11       -18.2849      0.0625000
     12       -18.2647      0.0625000
     13       -18.2306      0.0625000
     14       -18.2219      0.0625000
     15       -18.1991      0.0625000
     16       -18.1958      0.0625000
     17       -6.23374      0.0625000
     18       -5.43580      0.0625000
     19       -5.39359      0.0625000
     20       -5.29906      0.0625000
     21       -5.13708      0.0625000
     22       -4.87508      0.0625000
     23       -4.74944      0.0625000
     24       -4.68603      0.0625000
     25        6.07591      0.0625000
     26        6.11834      0.0625000
     27        6.80435      0.0625000
     28        6.81525      0.0625000
     29        6.85522      0.0625000
     30        7.09645      0.0625000
     31        7.34125      0.0625000
     32        7.34740      0.0625000
     33        7.96444      0.0625000
     34        8.17221      0.0625000
     35        8.60466      0.0625000
     36        8.66190      0.0625000
     37        8.70760      0.0625000
     38        8.99912      0.0625000
     39        9.55322      0.0625000
     40        9.56059      0.0625000
     41        9.88328      0.0625000
     42        9.92504      0.0625000
     43        10.1107      0.0625000
     44        10.3214      0.0625000
     45        10.4116      0.0625000
     46        10.6501      0.0625000
     47        11.1122      0.0625000
     48        11.1170      0.0625000
     49        15.9965    2.77556e-17
     50        16.1721        0.00000
     51        16.1846        0.00000
     52        16.7348        0.00000
     53        16.8100        0.00000
     54        17.5799        0.00000
     55        17.6747        0.00000
     56        17.8300        0.00000
     57        18.0396        0.00000
     58        18.4314        0.00000
 Energy (eV) & Occupations  for spin=1 K-point=32
      1       -48.7582      0.0625000
      2       -48.7581      0.0625000
      3       -48.7502      0.0625000
      4       -48.7500      0.0625000
      5       -18.5084      0.0625000
      6       -18.5084      0.0625000
      7       -18.4439      0.0625000
      8       -18.4439      0.0625000
      9       -18.3408      0.0625000
     10       -18.3407      0.0625000
     11       -18.2458      0.0625000
     12       -18.2457      0.0625000
     13       -18.2208      0.0625000
     14       -18.2207      0.0625000
     15       -18.1779      0.0625000
     16       -18.1779      0.0625000
     17       -5.90800      0.0625000
     18       -5.90788      0.0625000
     19       -5.34751      0.0625000
     20       -5.34745      0.0625000
     21       -4.95232      0.0625000
     22       -4.95230      0.0625000
     23       -4.72204      0.0625000
     24       -4.72195      0.0625000
     25        6.49001      0.0625000
     26        6.49010      0.0625000
     27        6.79713      0.0625000
     28        6.79719      0.0625000
     29        7.11359      0.0625000
     30        7.11365      0.0625000
     31        7.87734      0.0625000
     32        7.87738      0.0625000
     33        8.18458      0.0625000
     34        8.18463      0.0625000
     35        8.36658      0.0625000
     36        8.36665      0.0625000
     37        8.81888      0.0625000
     38        8.81894      0.0625000
     39        9.04483      0.0625000
     40        9.04490      0.0625000
     41        9.69623      0.0625000
     42        9.69632      0.0625000
     43        10.0745      0.0625000
     44        10.0745      0.0625000
     45        10.4494      0.0625000
     46        10.4495      0.0625000
     47        10.7097      0.0625000
     48        10.7097      0.0625000
     49        15.9181    1.96024e-15
     50        15.9181    1.95677e-15
     51        16.4929        0.00000
     52        16.4930        0.00000
     53        16.8778        0.00000
     54        16.8778        0.00000
     55        17.6132        0.00000
     56        17.6133        0.00000
     57        18.1158        0.00000
     58        18.1158        0.00000

 Density error is 0.00000000000
----------------------------------------------------------
     Energy           Rydberg                 eV          
----------------------------------------------------------
 E_KohnSham     -719.0568300667      -9783.2700747245     
 E_KS(sigma->0) -719.0568300667      -9783.2700747245     
 E_Harris       -719.0568300667      -9783.2700747245     
 E_band         -36.6169469964       -498.1991225149      
 E_one_elec     -120.1622747550      -1634.8916213090     
 E_Hartree      116.3989332726       1583.6887336295      
 E_xc           -182.4346868446      -2482.1512539322     
 E_Ewald        -532.8588017397      -7249.9159331127     
 E_entropy(-TS) -0.0000000000        -0.0000000000        
 E_descf        0.0000000000         0.0000000000         
 E_exx          0.0000000000         0.0000000000         
 E_Fermi        1.0903847639         14.8354458010        
----------------------------------------------------------


 charge density convergence is achieved
 final etot is -9783.2700747 eV
 EFERMI = 14.835445801 eV

 STATE ENERGY(eV) AND OCCUPATIONS    NSPIN == 1
 1/32 kpoint (Cartesian) = 0.0000 0.0000 0.0000 (478 pws)
       1       -48.7687      0.0625000
       2       -48.7501      0.0625000
       3       -48.7496      0.0625000
       4       -48.7482      0.0625000
       5       -18.5783      0.0625000
       6       -18.5557      0.0625000
       7       -18.5516      0.0625000
       8       -18.3325      0.0625000
       9       -18.2936      0.0625000
      10       -18.2781      0.0625000
      11       -18.2668      0.0625000
      12       -18.2636      0.0625000
      13       -18.2520      0.0625000
      14       -18.1622      0.0625000
      15       -18.1537      0.0625000
      16       -18.1534      0.0625000
      17       -6.85452      0.0625000
      18       -5.48805      0.0625000
      19       -5.31863      0.0625000
      20       -5.25604      0.0625000
      21       -4.84121      0.0625000
      22       -4.75930      0.0625000
      23       -4.66077      0.0625000
      24       -4.53755      0.0625000
      25        5.71783      0.0625000
      26        5.76657      0.0625000
      27        5.90986      0.0625000
      28        6.56606      0.0625000
      29        6.70106      0.0625000
      30        6.76525      0.0625000
      31        7.98985      0.0625000
      32        8.04096      0.0625000
      33        8.10355      0.0625000
      34        8.13615      0.0625000
      35        8.58518      0.0625000
      36        8.92493      0.0625000
      37        8.98698      0.0625000
      38        9.34733      0.0625000
      39        9.37488      0.0625000
      40        9.64855      0.0625000
      41        9.86923      0.0625000
      42        10.0290      0.0625000
      43        10.1497      0.0625000
      44        10.2415      0.0625000
      45        10.5077      0.0625000
      46        11.0107      0.0625000
      47        11.1352      0.0625000
      48        11.3065      0.0625000
      49        16.2056        0.00000
      50        16.4544        0.00000
      51        16.6204        0.00000
      52        17.0138        0.00000
      53        17.0949        0.00000
      54        17.1982        0.00000
      55        17.2135        0.00000
      56        17.2880        0.00000
      57        17.5305        0.00000
      58        18.0212        0.00000

 2/32 kpoint (Cartesian) = 0.095279 1.8590e-08 -2.8829e-07 (475 pws)
       1       -48.7605      0.0625000
       2       -48.7604      0.0625000
       3       -48.7479      0.0625000
       4       -48.7477      0.0625000
       5       -18.4579      0.0625000
       6       -18.4578      0.0625000
       7       -18.4433      0.0625000
       8       -18.4432      0.0625000
       9       -18.3593      0.0625000
      10       -18.3593      0.0625000
      11       -18.2681      0.0625000
      12       -18.2680      0.0625000
      13       -18.2060      0.0625000
      14       -18.2060      0.0625000
      15       -18.2001      0.0625000
      16       -18.2000      0.0625000
      17       -6.05444      0.0625000
      18       -6.05432      0.0625000
      19       -5.18129      0.0625000
      20       -5.18115      0.0625000
      21       -4.92510      0.0625000
      22       -4.92498      0.0625000
      23       -4.75328      0.0625000
      24       -4.75317      0.0625000
      25        6.30608      0.0625000
      26        6.30616      0.0625000
      27        6.69264      0.0625000
      28        6.69270      0.0625000
      29        7.20140      0.0625000
      30        7.20146      0.0625000
      31        7.32257      0.0625000
      32        7.32262      0.0625000
      33        7.75506      0.0625000
      34        7.75516      0.0625000
      35        8.60727      0.0625000
      36        8.60735      0.0625000
      37        9.02874      0.0625000
      38        9.02880      0.0625000
      39        9.37651      0.0625000
      40        9.37659      0.0625000
      41        9.64350      0.0625000
      42        9.64356      0.0625000
      43        10.4311      0.0625000
      44        10.4312      0.0625000
      45        10.5908      0.0625000
      46        10.5908      0.0625000
      47        10.8541      0.0625000
      48        10.8542      0.0625000
      49        16.4864        0.00000
      50        16.4865        0.00000
      51        16.8975        0.00000
      52        16.8976        0.00000
      53        16.9878        0.00000
      54        16.9878        0.00000
      55        17.3473        0.00000
      56        17.3473        0.00000
      57        18.1805        0.00000
      58        18.1806        0.00000

 3/32 kpoint (Cartesian) = 2.0312e-08 0.098865 1.7502e-08 (477 pws)
       1       -48.7631      0.0625000
       2       -48.7558      0.0625000
       3       -48.7492      0.0625000
       4       -48.7486      0.0625000
       5       -18.4904      0.0625000
       6       -18.4634      0.0625000
       7       -18.3978      0.0625000
       8       -18.3942      0.0625000
       9       -18.3625      0.0625000
      10       -18.3395      0.0625000
      11       -18.2956      0.0625000
      12       -18.2730      0.0625000
      13       -18.2367      0.0625000
      14       -18.2290      0.0625000
      15       -18.2043      0.0625000
      16       -18.1898      0.0625000
      17       -6.26835      0.0625000
      18       -5.45023      0.0625000
      19       -5.41064      0.0625000
      20       -5.25102      0.0625000
      21       -5.12386      0.0625000
      22       -4.85159      0.0625000
      23       -4.75253      0.0625000
      24       -4.68873      0.0625000
      25        6.01795      0.0625000
      26        6.07126      0.0625000
      27        6.74270      0.0625000
      28        6.83950      0.0625000
      29        6.84922      0.0625000
      30        7.05014      0.0625000
      31        7.23956      0.0625000
      32        7.39876      0.0625000
      33        7.91451      0.0625000
      34        8.19303      0.0625000
      35        8.61513      0.0625000
      36        8.62081      0.0625000
      37        8.76932      0.0625000
      38        8.96407      0.0625000
      39        9.58058      0.0625000
      40        9.58426      0.0625000
      41        9.87460      0.0625000
      42        9.94183      0.0625000
      43        10.2062      0.0625000
      44        10.4074      0.0625000
      45        10.4143      0.0625000
      46        10.7631      0.0625000
      47        11.1316      0.0625000
      48        11.1442      0.0625000
      49        15.9138    2.45637e-15
      50        16.1891        0.00000
      51        16.2999        0.00000
      52        16.7807        0.00000
      53        16.9259        0.00000
      54        17.5080        0.00000
      55        17.6865        0.00000
      56        17.8467        0.00000
      57        18.1583        0.00000
      58        18.3819        0.00000

 4/32 kpoint (Cartesian) = 0.095279 0.098865 -2.7079e-07 (475 pws)
       1       -48.7585      0.0625000
       2       -48.7584      0.0625000
       3       -48.7498      0.0625000
       4       -48.7497      0.0625000
       5       -18.4884      0.0625000
       6       -18.4884      0.0625000
       7       -18.4082      0.0625000
       8       -18.4082      0.0625000
       9       -18.3828      0.0625000
      10       -18.3827      0.0625000
      11       -18.2575      0.0625000
      12       -18.2574      0.0625000
      13       -18.2252      0.0625000
      14       -18.2252      0.0625000
      15       -18.1766      0.0625000
      16       -18.1766      0.0625000
      17       -5.91262      0.0625000
      18       -5.91250      0.0625000
      19       -5.25447      0.0625000
      20       -5.25441      0.0625000
      21       -5.02815      0.0625000
      22       -5.02810      0.0625000
      23       -4.73472      0.0625000
      24       -4.73462      0.0625000
      25        6.41268      0.0625000
      26        6.41278      0.0625000
      27        6.78224      0.0625000
      28        6.78230      0.0625000
      29        7.09313      0.0625000
      30        7.09318      0.0625000
      31        8.01188      0.0625000
      32        8.01196      0.0625000
      33        8.13306      0.0625000
      34        8.13311      0.0625000
      35        8.50494      0.0625000
      36        8.50501      0.0625000
      37        8.62323      0.0625000
      38        8.62332      0.0625000
      39        8.96614      0.0625000
      40        8.96620      0.0625000
      41        9.68425      0.0625000
      42        9.68435      0.0625000
      43        10.1434      0.0625000
      44        10.1434      0.0625000
      45        10.5553      0.0625000
      46        10.5555      0.0625000
      47        10.7433      0.0625000
      48        10.7433      0.0625000
      49        15.9568    2.42861e-16
      50        15.9569    2.42861e-16
      51        16.4430        0.00000
      52        16.4430        0.00000
      53        16.9735        0.00000
      54        16.9736        0.00000
      55        17.6243        0.00000
      56        17.6244        0.00000
      57        18.1256        0.00000
      58        18.1256        0.00000

 5/32 kpoint (Cartesian) = -7.2216e-08 4.2683e-09 0.024572 (478 pws)
       1       -48.7679      0.0625000
       2       -48.7501      0.0625000
       3       -48.7497      0.0625000
       4       -48.7489      0.0625000
       5       -18.5650      0.0625000
       6       -18.5455      0.0625000
       7       -18.5455      0.0625000
       8       -18.3453      0.0625000
       9       -18.2908      0.0625000
      10       -18.2820      0.0625000
      11       -18.2769      0.0625000
      12       -18.2630      0.0625000
      13       -18.2413      0.0625000
      14       -18.1671      0.0625000
      15       -18.1660      0.0625000
      16       -18.1576      0.0625000
      17       -6.79194      0.0625000
      18       -5.47557      0.0625000
      19       -5.33788      0.0625000
      20       -5.26115      0.0625000
      21       -4.88201      0.0625000
      22       -4.75382      0.0625000
      23       -4.67755      0.0625000
      24       -4.54859      0.0625000
      25        5.79215      0.0625000
      26        5.86522      0.0625000
      27        5.90065      0.0625000
      28        6.59189      0.0625000
      29        6.79288      0.0625000
      30        6.87360      0.0625000
      31        7.89450      0.0625000
      32        7.92139      0.0625000
      33        8.04023      0.0625000
      34        8.17827      0.0625000
      35        8.47725      0.0625000
      36        8.85413      0.0625000
      37        9.02936      0.0625000
      38        9.27472      0.0625000
      39        9.38661      0.0625000
      40        9.72444      0.0625000
      41        9.88695      0.0625000
      42        10.1360      0.0625000
      43        10.1681      0.0625000
      44        10.1796      0.0625000
      45        10.3179      0.0625000
      46        10.9813      0.0625000
      47        11.1110      0.0625000
      48        11.2631      0.0625000
      49        16.1604        0.00000
      50        16.4499        0.00000
      51        16.5753        0.00000
      52        17.0257        0.00000
      53        17.0385        0.00000
      54        17.2300        0.00000
      55        17.2530        0.00000
      56        17.4403        0.00000
      57        17.5057        0.00000
      58        18.1246        0.00000

 6/32 kpoint (Cartesian) = 0.095279 2.2858e-08 0.024571 (473 pws)
       1       -48.7601      0.0625000
       2       -48.7599      0.0625000
       3       -48.7483      0.0625000
       4       -48.7482      0.0625000
       5       -18.4610      0.0625000
       6       -18.4609      0.0625000
       7       -18.4388      0.0625000
       8       -18.4388      0.0625000
       9       -18.3618      0.0625000
      10       -18.3617      0.0625000
      11       -18.2642      0.0625000
      12       -18.2641      0.0625000
      13       -18.2171      0.0625000
      14       -18.2171      0.0625000
      15       -18.1925      0.0625000
      16       -18.1924      0.0625000
      17       -6.02311      0.0625000
      18       -6.02299      0.0625000
      19       -5.21762      0.0625000
      20       -5.21748      0.0625000
      21       -4.91704      0.0625000
      22       -4.91692      0.0625000
      23       -4.76144      0.0625000
      24       -4.76133      0.0625000
      25        6.38777      0.0625000
      26        6.38784      0.0625000
      27        6.71758      0.0625000
      28        6.71761      0.0625000
      29        7.23481      0.0625000
      30        7.23489      0.0625000
      31        7.33139      0.0625000
      32        7.33143      0.0625000
      33        7.75322      0.0625000
      34        7.75330      0.0625000
      35        8.57234      0.0625000
      36        8.57242      0.0625000
      37        9.02076      0.0625000
      38        9.02082      0.0625000
      39        9.31757      0.0625000
      40        9.31765      0.0625000
      41        9.67574      0.0625000
      42        9.67579      0.0625000
      43        10.3453      0.0625000
      44        10.3454      0.0625000
      45        10.5659      0.0625000
      46        10.5659      0.0625000
      47        10.8091      0.0625000
      48        10.8092      0.0625000
      49        16.4478        0.00000
      50        16.4479        0.00000
      51        16.8841        0.00000
      52        16.8842        0.00000
      53        17.0200        0.00000
      54        17.0201        0.00000
      55        17.3389        0.00000
      56        17.3390        0.00000
      57        18.2352        0.00000
      58        18.2353        0.00000

 7/32 kpoint (Cartesian) = -5.1904e-08 0.098865 0.024572 (478 pws)
       1       -48.7625      0.0625000
       2       -48.7555      0.0625000
       3       -48.7495      0.0625000
       4       -48.7491      0.0625000
       5       -18.4949      0.0625000
       6       -18.4569      0.0625000
       7       -18.4078      0.0625000
       8       -18.4065      0.0625000
       9       -18.3584      0.0625000
      10       -18.3555      0.0625000
      11       -18.2849      0.0625000
      12       -18.2647      0.0625000
      13       -18.2306      0.0625000
      14       -18.2219      0.0625000
      15       -18.1991      0.0625000
      16       -18.1958      0.0625000
      17       -6.23374      0.0625000
      18       -5.43580      0.0625000
      19       -5.39359      0.0625000
      20       -5.29906      0.0625000
      21       -5.13708      0.0625000
      22       -4.87508      0.0625000
      23       -4.74944      0.0625000
      24       -4.68603      0.0625000
      25        6.07591      0.0625000
      26        6.11834      0.0625000
      27        6.80435      0.0625000
      28        6.81525      0.0625000
      29        6.85522      0.0625000
      30        7.09645      0.0625000
      31        7.34125      0.0625000
      32        7.34740      0.0625000
      33        7.96444      0.0625000
      34        8.17221      0.0625000
      35        8.60466      0.0625000
      36        8.66190      0.0625000
      37        8.70760      0.0625000
      38        8.99912      0.0625000
      39        9.55322      0.0625000
      40        9.56059      0.0625000
      41        9.88328      0.0625000
      42        9.92504      0.0625000
      43        10.1107      0.0625000
      44        10.3214      0.0625000
      45        10.4116      0.0625000
      46        10.6501      0.0625000
      47        11.1122      0.0625000
      48        11.1170      0.0625000
      49        15.9965    2.77556e-17
      50        16.1721        0.00000
      51        16.1846        0.00000
      52        16.7348        0.00000
      53        16.8100        0.00000
      54        17.5799        0.00000
      55        17.6747        0.00000
      56        17.8300        0.00000
      57        18.0396        0.00000
      58        18.4314        0.00000

 8/32 kpoint (Cartesian) = 0.095279 0.098865 0.024571 (474 pws)
       1       -48.7582      0.0625000
       2       -48.7581      0.0625000
       3       -48.7502      0.0625000
       4       -48.7500      0.0625000
       5       -18.5084      0.0625000
       6       -18.5084      0.0625000
       7       -18.4439      0.0625000
       8       -18.4439      0.0625000
       9       -18.3408      0.0625000
      10       -18.3407      0.0625000
      11       -18.2458      0.0625000
      12       -18.2457      0.0625000
      13       -18.2208      0.0625000
      14       -18.2207      0.0625000
      15       -18.1779      0.0625000
      16       -18.1779      0.0625000
      17       -5.90800      0.0625000
      18       -5.90788      0.0625000
      19       -5.34751      0.0625000
      20       -5.34745      0.0625000
      21       -4.95232      0.0625000
      22       -4.95230      0.0625000
      23       -4.72204      0.0625000
      24       -4.72195      0.0625000
      25        6.49001      0.0625000
      26        6.49010      0.0625000
      27        6.79713      0.0625000
      28        6.79719      0.0625000
      29        7.11359      0.0625000
      30        7.11365      0.0625000
      31        7.87734      0.0625000
      32        7.87738      0.0625000
      33        8.18458      0.0625000
      34        8.18463      0.0625000
      35        8.36658      0.0625000
      36        8.36665      0.0625000
      37        8.81888      0.0625000
      38        8.81894      0.0625000
      39        9.04483      0.0625000
      40        9.04490      0.0625000
      41        9.69623      0.0625000
      42        9.69632      0.0625000
      43        10.0745      0.0625000
      44        10.0745      0.0625000
      45        10.4494      0.0625000
      46        10.4495      0.0625000
      47        10.7097      0.0625000
      48        10.7097      0.0625000
      49        15.9181    1.96024e-15
      50        15.9181    1.95677e-15
      51        16.4929        0.00000
      52        16.4930        0.00000
      53        16.8778        0.00000
      54        16.8778        0.00000
      55        17.6132        0.00000
      56        17.6133        0.00000
      57        18.1158        0.00000
      58        18.1158        0.00000

 9/32 kpoint (Cartesian) = -1.4443e-07 8.5365e-09 0.049143 (478 pws)
       1       -48.7657      0.0625000
       2       -48.7512      0.0625000
       3       -48.7500      0.0625000
       4       -48.7497      0.0625000
       5       -18.5278      0.0625000
       6       -18.5272      0.0625000
       7       -18.5168      0.0625000
       8       -18.3789      0.0625000
       9       -18.3054      0.0625000
      10       -18.2835      0.0625000
      11       -18.2788      0.0625000
      12       -18.2688      0.0625000
      13       -18.2277      0.0625000
      14       -18.1972      0.0625000
      15       -18.1766      0.0625000
      16       -18.1682      0.0625000
      17       -6.61244      0.0625000
      18       -5.44375      0.0625000
      19       -5.44155      0.0625000
      20       -5.27747      0.0625000
      21       -4.94203      0.0625000
      22       -4.73672      0.0625000
      23       -4.72474      0.0625000
      24       -4.57920      0.0625000
      25        5.84543      0.0625000
      26        6.00253      0.0625000
      27        6.28285      0.0625000
      28        6.63981      0.0625000
      29        6.88205      0.0625000
      30        7.24024      0.0625000
      31        7.57102      0.0625000
      32        7.67011      0.0625000
      33        7.88615      0.0625000
      34        8.25652      0.0625000
      35        8.30284      0.0625000
      36        8.87571      0.0625000
      37        8.99450      0.0625000
      38        9.15677      0.0625000
      39        9.41159      0.0625000
      40        9.61244      0.0625000
      41        9.73963      0.0625000
      42        9.85447      0.0625000
      43        10.1757      0.0625000
      44        10.2478      0.0625000
      45        10.4451      0.0625000
      46        10.9510      0.0625000
      47        11.0557      0.0625000
      48        11.1672      0.0625000
      49        16.0385    3.46945e-18
      50        16.3726        0.00000
      51        16.4604        0.00000
      52        16.8785        0.00000
      53        17.1465        0.00000
      54        17.2568        0.00000
      55        17.3014        0.00000
      56        17.4049        0.00000
      57        18.1171        0.00000
      58        18.3516        0.00000

 10/32 kpoint (Cartesian) = 0.095279 2.7126e-08 0.049143 (475 pws)
       1       -48.7587      0.0625000
       2       -48.7585      0.0625000
       3       -48.7497      0.0625000
       4       -48.7496      0.0625000
       5       -18.4649      0.0625000
       6       -18.4648      0.0625000
       7       -18.4336      0.0625000
       8       -18.4336      0.0625000
       9       -18.3629      0.0625000
      10       -18.3628      0.0625000
      11       -18.2612      0.0625000
      12       -18.2612      0.0625000
      13       -18.2277      0.0625000
      14       -18.2277      0.0625000
      15       -18.1869      0.0625000
      16       -18.1869      0.0625000
      17       -5.93326      0.0625000
      18       -5.93313      0.0625000
      19       -5.31805      0.0625000
      20       -5.31791      0.0625000
      21       -4.89694      0.0625000
      22       -4.89683      0.0625000
      23       -4.78241      0.0625000
      24       -4.78231      0.0625000
      25        6.57596      0.0625000
      26        6.57599      0.0625000
      27        6.82551      0.0625000
      28        6.82554      0.0625000
      29        7.22163      0.0625000
      30        7.22172      0.0625000
      31        7.44691      0.0625000
      32        7.44697      0.0625000
      33        7.76631      0.0625000
      34        7.76637      0.0625000
      35        8.49215      0.0625000
      36        8.49222      0.0625000
      37        8.83710      0.0625000
      38        8.83715      0.0625000
      39        9.34362      0.0625000
      40        9.34370      0.0625000
      41        9.70696      0.0625000
      42        9.70702      0.0625000
      43        10.0973      0.0625000
      44        10.0974      0.0625000
      45        10.4539      0.0625000
      46        10.4539      0.0625000
      47        10.7796      0.0625000
      48        10.7797      0.0625000
      49        16.3736        0.00000
      50        16.3736        0.00000
      51        16.7679        0.00000
      52        16.7679        0.00000
      53        17.1488        0.00000
      54        17.1489        0.00000
      55        17.3977        0.00000
      56        17.3978        0.00000
      57        18.2940        0.00000
      58        18.2940        0.00000

 11/32 kpoint (Cartesian) = -1.2412e-07 0.098865 0.049143 (478 pws)
       1       -48.7610      0.0625000
       2       -48.7548      0.0625000
       3       -48.7507      0.0625000
       4       -48.7502      0.0625000
       5       -18.5019      0.0625000
       6       -18.4421      0.0625000
       7       -18.4346      0.0625000
       8       -18.4285      0.0625000
       9       -18.3799      0.0625000
      10       -18.3420      0.0625000
      11       -18.2738      0.0625000
      12       -18.2621      0.0625000
      13       -18.2151      0.0625000
      14       -18.2109      0.0625000
      15       -18.1970      0.0625000
      16       -18.1903      0.0625000
      17       -6.13418      0.0625000
      18       -5.42665      0.0625000
      19       -5.39924      0.0625000
      20       -5.33973      0.0625000
      21       -5.17422      0.0625000
      22       -4.94038      0.0625000
      23       -4.74023      0.0625000
      24       -4.68492      0.0625000
      25        6.12427      0.0625000
      26        6.38893      0.0625000
      27        6.73617      0.0625000
      28        6.90331      0.0625000
      29        7.01180      0.0625000
      30        7.17052      0.0625000
      31        7.20681      0.0625000
      32        7.57395      0.0625000
      33        8.06852      0.0625000
      34        8.09016      0.0625000
      35        8.54645      0.0625000
      36        8.62360      0.0625000
      37        8.75518      0.0625000
      38        9.10169      0.0625000
      39        9.45640      0.0625000
      40        9.52790      0.0625000
      41        9.75345      0.0625000
      42        9.89509      0.0625000
      43        9.99591      0.0625000
      44        10.0873      0.0625000
      45        10.3960      0.0625000
      46        10.4063      0.0625000
      47        11.0347      0.0625000
      48        11.0669      0.0625000
      49        15.9717    1.07553e-16
      50        16.1052        0.00000
      51        16.1387        0.00000
      52        16.5786        0.00000
      53        16.7163        0.00000
      54        17.6587        0.00000
      55        17.6653        0.00000
      56        17.8017        0.00000
      57        17.8427        0.00000
      58        18.2241        0.00000

 12/32 kpoint (Cartesian) = 0.095279 0.098865 0.049143 (473 pws)
       1       -48.7572      0.0625000
       2       -48.7571      0.0625000
       3       -48.7511      0.0625000
       4       -48.7510      0.0625000
       5       -18.5401      0.0625000
       6       -18.5400      0.0625000
       7       -18.4910      0.0625000
       8       -18.4909      0.0625000
       9       -18.2853      0.0625000
      10       -18.2852      0.0625000
      11       -18.2295      0.0625000
      12       -18.2294      0.0625000
      13       -18.2087      0.0625000
      14       -18.2087      0.0625000
      15       -18.1803      0.0625000
      16       -18.1803      0.0625000
      17       -5.88923      0.0625000
      18       -5.88912      0.0625000
      19       -5.50227      0.0625000
      20       -5.50221      0.0625000
      21       -4.84253      0.0625000
      22       -4.84252      0.0625000
      23       -4.69595      0.0625000
      24       -4.69587      0.0625000
      25        6.66513      0.0625000
      26        6.66519      0.0625000
      27        6.88721      0.0625000
      28        6.88725      0.0625000
      29        7.16489      0.0625000
      30        7.16496      0.0625000
      31        7.61434      0.0625000
      32        7.61435      0.0625000
      33        8.21509      0.0625000
      34        8.21514      0.0625000
      35        8.36946      0.0625000
      36        8.36950      0.0625000
      37        8.98951      0.0625000
      38        8.98953      0.0625000
      39        9.15174      0.0625000
      40        9.15179      0.0625000
      41        9.72381      0.0625000
      42        9.72385      0.0625000
      43        9.94842      0.0625000
      44        9.94849      0.0625000
      45        10.1768      0.0625000
      46        10.1769      0.0625000
      47        10.6544      0.0625000
      48        10.6544      0.0625000
      49        15.8448    8.32077e-14
      50        15.8448    8.30967e-14
      51        16.4916        0.00000
      52        16.4916        0.00000
      53        16.7904        0.00000
      54        16.7905        0.00000
      55        17.5515        0.00000
      56        17.5515        0.00000
      57        18.0824        0.00000
      58        18.0824        0.00000

 13/32 kpoint (Cartesian) = -2.1665e-07 1.2805e-08 0.073715 (480 pws)
       1       -48.7624      0.0625000
       2       -48.7545      0.0625000
       3       -48.7499      0.0625000
       4       -48.7497      0.0625000
       5       -18.4995      0.0625000
       6       -18.4754      0.0625000
       7       -18.4731      0.0625000
       8       -18.4209      0.0625000
       9       -18.3448      0.0625000
      10       -18.3074      0.0625000
      11       -18.2746      0.0625000
      12       -18.2714      0.0625000
      13       -18.2178      0.0625000
      14       -18.2084      0.0625000
      15       -18.1915      0.0625000
      16       -18.1829      0.0625000
      17       -6.34014      0.0625000
      18       -5.68956      0.0625000
      19       -5.39505      0.0625000
      20       -5.30639      0.0625000
      21       -4.93201      0.0625000
      22       -4.79365      0.0625000
      23       -4.70737      0.0625000
      24       -4.62217      0.0625000
      25        5.94687      0.0625000
      26        6.25444      0.0625000
      27        6.64197      0.0625000
      28        6.81772      0.0625000
      29        7.08860      0.0625000
      30        7.32646      0.0625000
      31        7.39182      0.0625000
      32        7.40618      0.0625000
      33        7.67825      0.0625000
      34        8.21232      0.0625000
      35        8.46643      0.0625000
      36        8.50145      0.0625000
      37        9.03145      0.0625000
      38        9.13209      0.0625000
      39        9.25774      0.0625000
      40        9.36501      0.0625000
      41        9.42456      0.0625000
      42        9.71666      0.0625000
      43        10.2496      0.0625000
      44        10.3034      0.0625000
      45        10.7055      0.0625000
      46        10.9426      0.0625000
      47        11.0115      0.0625000
      48        11.0734      0.0625000
      49        15.9256    1.31492e-15
      50        16.0978        0.00000
      51        16.5032        0.00000
      52        16.7194        0.00000
      53        17.2922        0.00000
      54        17.3090        0.00000
      55        17.3312        0.00000
      56        17.4587        0.00000
      57        18.5650        0.00000
      58        18.6948        0.00000

 14/32 kpoint (Cartesian) = 0.095279 3.1395e-08 0.073715 (476 pws)
       1       -48.7566      0.0625000
       2       -48.7565      0.0625000
       3       -48.7518      0.0625000
       4       -48.7516      0.0625000
       5       -18.4632      0.0625000
       6       -18.4631      0.0625000
       7       -18.4404      0.0625000
       8       -18.4404      0.0625000
       9       -18.3472      0.0625000
      10       -18.3471      0.0625000
      11       -18.2837      0.0625000
      12       -18.2835      0.0625000
      13       -18.2159      0.0625000
      14       -18.2159      0.0625000
      15       -18.1887      0.0625000
      16       -18.1887      0.0625000
      17       -5.79680      0.0625000
      18       -5.79667      0.0625000
      19       -5.46415      0.0625000
      20       -5.46401      0.0625000
      21       -4.87036      0.0625000
      22       -4.87025      0.0625000
      23       -4.81026      0.0625000
      24       -4.81016      0.0625000
      25        6.74280      0.0625000
      26        6.74286      0.0625000
      27        6.94559      0.0625000
      28        6.94565      0.0625000
      29        7.30349      0.0625000
      30        7.30359      0.0625000
      31        7.57246      0.0625000
      32        7.57250      0.0625000
      33        7.79703      0.0625000
      34        7.79710      0.0625000
      35        8.38802      0.0625000
      36        8.38809      0.0625000
      37        8.62662      0.0625000
      38        8.62668      0.0625000
      39        9.26847      0.0625000
      40        9.26854      0.0625000
      41        9.73592      0.0625000
      42        9.73597      0.0625000
      43        9.82583      0.0625000
      44        9.82590      0.0625000
      45        10.4590      0.0625000
      46        10.4591      0.0625000
      47        10.7036      0.0625000
      48        10.7037      0.0625000
      49        16.3493        0.00000
      50        16.3494        0.00000
      51        16.5869        0.00000
      52        16.5869        0.00000
      53        17.3300        0.00000
      54        17.3300        0.00000
      55        17.4851        0.00000
      56        17.4852        0.00000
      57        18.3238        0.00000
      58        18.3239        0.00000

 15/32 kpoint (Cartesian) = -1.9634e-07 0.098865 0.073715 (484 pws)
       1       -48.7586      0.0625000
       2       -48.7537      0.0625000
       3       -48.7530      0.0625000
       4       -48.7512      0.0625000
       5       -18.5017      0.0625000
       6       -18.4653      0.0625000
       7       -18.4439      0.0625000
       8       -18.4393      0.0625000
       9       -18.3761      0.0625000
      10       -18.3154      0.0625000
      11       -18.3053      0.0625000
      12       -18.2574      0.0625000
      13       -18.2143      0.0625000
      14       -18.1917      0.0625000
      15       -18.1884      0.0625000
      16       -18.1805      0.0625000
      17       -5.98207      0.0625000
      18       -5.60248      0.0625000
      19       -5.34885      0.0625000
      20       -5.25247      0.0625000
      21       -5.22819      0.0625000
      22       -5.03571      0.0625000
      23       -4.72560      0.0625000
      24       -4.69275      0.0625000
      25        6.25275      0.0625000
      26        6.62137      0.0625000
      27        6.69451      0.0625000
      28        7.04771      0.0625000
      29        7.09980      0.0625000
      30        7.23135      0.0625000
      31        7.23680      0.0625000
      32        7.77258      0.0625000
      33        7.85186      0.0625000
      34        8.25731      0.0625000
      35        8.31330      0.0625000
      36        8.70670      0.0625000
      37        8.79038      0.0625000
      38        9.26114      0.0625000
      39        9.29608      0.0625000
      40        9.53010      0.0625000
      41        9.55046      0.0625000
      42        9.81562      0.0625000
      43        9.86937      0.0625000
      44        9.91861      0.0625000
      45        10.2501      0.0625000
      46        10.3325      0.0625000
      47        10.9583      0.0625000
      48        10.9910      0.0625000
      49        15.8369    1.23079e-13
      50        15.9911    3.46945e-17
      51        16.1314        0.00000
      52        16.3621        0.00000
      53        16.9680        0.00000
      54        17.5970        0.00000
      55        17.6535        0.00000
      56        17.7172        0.00000
      57        17.8115        0.00000
      58        18.0343        0.00000

 16/32 kpoint (Cartesian) = 0.095279 0.098865 0.073715 (473 pws)
       1       -48.7558      0.0625000
       2       -48.7557      0.0625000
       3       -48.7525      0.0625000
       4       -48.7524      0.0625000
       5       -18.5582      0.0625000
       6       -18.5581      0.0625000
       7       -18.5313      0.0625000
       8       -18.5313      0.0625000
       9       -18.2408      0.0625000
      10       -18.2408      0.0625000
      11       -18.2171      0.0625000
      12       -18.2170      0.0625000
      13       -18.2028      0.0625000
      14       -18.2028      0.0625000
      15       -18.1818      0.0625000
      16       -18.1818      0.0625000
      17       -5.84502      0.0625000
      18       -5.84492      0.0625000
      19       -5.64862      0.0625000
      20       -5.64855      0.0625000
      21       -4.75475      0.0625000
      22       -4.75472      0.0625000
      23       -4.68199      0.0625000
      24       -4.68194      0.0625000
      25        6.81153      0.0625000
      26        6.81158      0.0625000
      27        7.06017      0.0625000
      28        7.06023      0.0625000
      29        7.21774      0.0625000
      30        7.21783      0.0625000
      31        7.42493      0.0625000
      32        7.42498      0.0625000
      33        8.19782      0.0625000
      34        8.19787      0.0625000
      35        8.49109      0.0625000
      36        8.49111      0.0625000
      37        8.94278      0.0625000
      38        8.94282      0.0625000
      39        9.20269      0.0625000
      40        9.20271      0.0625000
      41        9.63494      0.0625000
      42        9.63502      0.0625000
      43        9.78260      0.0625000
      44        9.78263      0.0625000
      45        10.1982      0.0625000
      46        10.1983      0.0625000
      47        10.5508      0.0625000
      48        10.5508      0.0625000
      49        15.8337    1.43892e-13
      50        15.8337    1.43732e-13
      51        16.2207        0.00000
      52        16.2207        0.00000
      53        16.9817        0.00000
      54        16.9818        0.00000
      55        17.4134        0.00000
      56        17.4135        0.00000
      57        18.0970        0.00000
      58        18.0971        0.00000

 17/32 kpoint (Cartesian) = -2.8886e-07 1.7073e-08 0.098286 (482 pws)
       1       -48.7585      0.0625000
       2       -48.7584      0.0625000
       3       -48.7499      0.0625000
       4       -48.7498      0.0625000
       5       -18.4628      0.0625000
       6       -18.4627      0.0625000
       7       -18.4409      0.0625000
       8       -18.4408      0.0625000
       9       -18.3586      0.0625000
      10       -18.3586      0.0625000
      11       -18.2691      0.0625000
      12       -18.2690      0.0625000
      13       -18.2065      0.0625000
      14       -18.2065      0.0625000
      15       -18.1983      0.0625000
      16       -18.1982      0.0625000
      17       -6.01410      0.0625000
      18       -6.01403      0.0625000
      19       -5.34713      0.0625000
      20       -5.34705      0.0625000
      21       -4.87013      0.0625000
      22       -4.87011      0.0625000
      23       -4.66762      0.0625000
      24       -4.66760      0.0625000
      25        6.15730      0.0625000
      26        6.15734      0.0625000
      27        6.91673      0.0625000
      28        6.91679      0.0625000
      29        7.14900      0.0625000
      30        7.14903      0.0625000
      31        7.50413      0.0625000
      32        7.50418      0.0625000
      33        7.70171      0.0625000
      34        7.70176      0.0625000
      35        8.67060      0.0625000
      36        8.67069      0.0625000
      37        8.75423      0.0625000
      38        8.75430      0.0625000
      39        9.40251      0.0625000
      40        9.40256      0.0625000
      41        9.45882      0.0625000
      42        9.45886      0.0625000
      43        10.3046      0.0625000
      44        10.3046      0.0625000
      45        10.8775      0.0625000
      46        10.8775      0.0625000
      47        11.0160      0.0625000
      48        11.0161      0.0625000
      49        15.9295    1.06859e-15
      50        15.9296    1.06512e-15
      51        16.5887        0.00000
      52        16.5887        0.00000
      53        17.3251        0.00000
      54        17.3252        0.00000
      55        17.4363        0.00000
      56        17.4363        0.00000
      57        18.6782        0.00000
      58        18.6783        0.00000

 18/32 kpoint (Cartesian) = 0.095279 3.5663e-08 0.098286 (474 pws)
       1       -48.7543      0.0625000
       2       -48.7541      0.0625000
       3       -48.7540      0.0625000
       4       -48.7540      0.0625000
       5       -18.4539      0.0625000
       6       -18.4538      0.0625000
       7       -18.4538      0.0625000
       8       -18.4538      0.0625000
       9       -18.3170      0.0625000
      10       -18.3168      0.0625000
      11       -18.3168      0.0625000
      12       -18.3167      0.0625000
      13       -18.1993      0.0625000
      14       -18.1993      0.0625000
      15       -18.1992      0.0625000
      16       -18.1992      0.0625000
      17       -5.63253      0.0625000
      18       -5.63233      0.0625000
      19       -5.63232      0.0625000
      20       -5.63228      0.0625000
      21       -4.84065      0.0625000
      22       -4.84053      0.0625000
      23       -4.84053      0.0625000
      24       -4.84043      0.0625000
      25        6.87558      0.0625000
      26        6.87567      0.0625000
      27        6.87568      0.0625000
      28        6.87572      0.0625000
      29        7.52125      0.0625000
      30        7.52137      0.0625000
      31        7.52140      0.0625000
      32        7.52141      0.0625000
      33        8.01379      0.0625000
      34        8.01386      0.0625000
      35        8.01390      0.0625000
      36        8.01393      0.0625000
      37        8.89684      0.0625000
      38        8.89690      0.0625000
      39        8.89694      0.0625000
      40        8.89695      0.0625000
      41        9.77101      0.0625000
      42        9.77107      0.0625000
      43        9.77108      0.0625000
      44        9.77112      0.0625000
      45        10.5696      0.0625000
      46        10.5697      0.0625000
      47        10.5697      0.0625000
      48        10.5698      0.0625000
      49        16.4263        0.00000
      50        16.4263        0.00000
      51        16.4264        0.00000
      52        16.4264        0.00000
      53        17.4704        0.00000
      54        17.4704        0.00000
      55        17.4705        0.00000
      56        17.4705        0.00000
      57        18.3962        0.00000
      58        18.3963        0.00000

 19/32 kpoint (Cartesian) = -2.6855e-07 0.098865 0.098286 (484 pws)
       1       -48.7559      0.0625000
       2       -48.7558      0.0625000
       3       -48.7525      0.0625000
       4       -48.7524      0.0625000
       5       -18.4894      0.0625000
       6       -18.4894      0.0625000
       7       -18.4466      0.0625000
       8       -18.4466      0.0625000
       9       -18.3434      0.0625000
      10       -18.3433      0.0625000
      11       -18.2842      0.0625000
      12       -18.2841      0.0625000
      13       -18.1979      0.0625000
      14       -18.1979      0.0625000
      15       -18.1785      0.0625000
      16       -18.1785      0.0625000
      17       -5.79677      0.0625000
      18       -5.79669      0.0625000
      19       -5.28952      0.0625000
      20       -5.28945      0.0625000
      21       -5.14553      0.0625000
      22       -5.14549      0.0625000
      23       -4.70815      0.0625000
      24       -4.70814      0.0625000
      25        6.44117      0.0625000
      26        6.44122      0.0625000
      27        6.88679      0.0625000
      28        6.88683      0.0625000
      29        7.29243      0.0625000
      30        7.29249      0.0625000
      31        7.49514      0.0625000
      32        7.49516      0.0625000
      33        8.02214      0.0625000
      34        8.02216      0.0625000
      35        8.46954      0.0625000
      36        8.46958      0.0625000
      37        9.06656      0.0625000
      38        9.06660      0.0625000
      39        9.43889      0.0625000
      40        9.43892      0.0625000
      41        9.61298      0.0625000
      42        9.61302      0.0625000
      43        9.84652      0.0625000
      44        9.84660      0.0625000
      45        10.2591      0.0625000
      46        10.2592      0.0625000
      47        10.9390      0.0625000
      48        10.9390      0.0625000
      49        15.8522    5.75616e-14
      50        15.8523    5.73985e-14
      51        16.1979        0.00000
      52        16.1979        0.00000
      53        17.3335        0.00000
      54        17.3336        0.00000
      55        17.6635        0.00000
      56        17.6636        0.00000
      57        17.8921        0.00000
      58        17.8922        0.00000

 20/32 kpoint (Cartesian) = 0.095279 0.098865 0.098286 (472 pws)
       1       -48.7542      0.0625000
       2       -48.7540      0.0625000
       3       -48.7540      0.0625000
       4       -48.7540      0.0625000
       5       -18.5553      0.0625000
       6       -18.5553      0.0625000
       7       -18.5553      0.0625000
       8       -18.5553      0.0625000
       9       -18.2190      0.0625000
      10       -18.2190      0.0625000
      11       -18.2189      0.0625000
      12       -18.2189      0.0625000
      13       -18.1912      0.0625000
      14       -18.1911      0.0625000
      15       -18.1911      0.0625000
      16       -18.1910      0.0625000
      17       -5.76563      0.0625000
      18       -5.76546      0.0625000
      19       -5.76542      0.0625000
      20       -5.76542      0.0625000
      21       -4.69984      0.0625000
      22       -4.69980      0.0625000
      23       -4.69974      0.0625000
      24       -4.69967      0.0625000
      25        6.96235      0.0625000
      26        6.96239      0.0625000
      27        6.96242      0.0625000
      28        6.96244      0.0625000
      29        7.35143      0.0625000
      30        7.35149      0.0625000
      31        7.35151      0.0625000
      32        7.35156      0.0625000
      33        8.35285      0.0625000
      34        8.35288      0.0625000
      35        8.35292      0.0625000
      36        8.35297      0.0625000
      37        9.02729      0.0625000
      38        9.02733      0.0625000
      39        9.02736      0.0625000
      40        9.02737      0.0625000
      41        9.66759      0.0625000
      42        9.66764      0.0625000
      43        9.66765      0.0625000
      44        9.66769      0.0625000
      45        10.3889      0.0625000
      46        10.3889      0.0625000
      47        10.3890      0.0625000
      48        10.3890      0.0625000
      49        15.9619    1.83881e-16
      50        15.9619    1.83881e-16
      51        15.9619    1.83881e-16
      52        15.9620    1.83881e-16
      53        17.2129        0.00000
      54        17.2129        0.00000
      55        17.2130        0.00000
      56        17.2130        0.00000
      57        18.2379        0.00000
      58        18.2379        0.00000

 21/32 kpoint (Cartesian) = -3.6108e-07 2.1341e-08 0.12286 (480 pws)
       1       -48.7624      0.0625000
       2       -48.7545      0.0625000
       3       -48.7499      0.0625000
       4       -48.7497      0.0625000
       5       -18.4995      0.0625000
       6       -18.4754      0.0625000
       7       -18.4731      0.0625000
       8       -18.4209      0.0625000
       9       -18.3448      0.0625000
      10       -18.3074      0.0625000
      11       -18.2746      0.0625000
      12       -18.2714      0.0625000
      13       -18.2178      0.0625000
      14       -18.2084      0.0625000
      15       -18.1915      0.0625000
      16       -18.1829      0.0625000
      17       -6.34014      0.0625000
      18       -5.68956      0.0625000
      19       -5.39505      0.0625000
      20       -5.30639      0.0625000
      21       -4.93201      0.0625000
      22       -4.79365      0.0625000
      23       -4.70737      0.0625000
      24       -4.62217      0.0625000
      25        5.94687      0.0625000
      26        6.25444      0.0625000
      27        6.64197      0.0625000
      28        6.81772      0.0625000
      29        7.08860      0.0625000
      30        7.32646      0.0625000
      31        7.39182      0.0625000
      32        7.40618      0.0625000
      33        7.67825      0.0625000
      34        8.21232      0.0625000
      35        8.46643      0.0625000
      36        8.50145      0.0625000
      37        9.03145      0.0625000
      38        9.13209      0.0625000
      39        9.25774      0.0625000
      40        9.36501      0.0625000
      41        9.42456      0.0625000
      42        9.71666      0.0625000
      43        10.2496      0.0625000
      44        10.3034      0.0625000
      45        10.7055      0.0625000
      46        10.9426      0.0625000
      47        11.0115      0.0625000
      48        11.0734      0.0625000
      49        15.9256    1.31492e-15
      50        16.0978        0.00000
      51        16.5032        0.00000
      52        16.7194        0.00000
      53        17.2922        0.00000
      54        17.3090        0.00000
      55        17.3312        0.00000
      56        17.4587        0.00000
      57        18.5650        0.00000
      58        18.6948        0.00000

 22/32 kpoint (Cartesian) = 0.095279 3.9931e-08 0.12286 (476 pws)
       1       -48.7566      0.0625000
       2       -48.7565      0.0625000
       3       -48.7518      0.0625000
       4       -48.7516      0.0625000
       5       -18.4632      0.0625000
       6       -18.4631      0.0625000
       7       -18.4404      0.0625000
       8       -18.4404      0.0625000
       9       -18.3472      0.0625000
      10       -18.3471      0.0625000
      11       -18.2837      0.0625000
      12       -18.2835      0.0625000
      13       -18.2159      0.0625000
      14       -18.2159      0.0625000
      15       -18.1887      0.0625000
      16       -18.1887      0.0625000
      17       -5.79680      0.0625000
      18       -5.79667      0.0625000
      19       -5.46415      0.0625000
      20       -5.46401      0.0625000
      21       -4.87036      0.0625000
      22       -4.87025      0.0625000
      23       -4.81026      0.0625000
      24       -4.81016      0.0625000
      25        6.74280      0.0625000
      26        6.74286      0.0625000
      27        6.94559      0.0625000
      28        6.94565      0.0625000
      29        7.30349      0.0625000
      30        7.30359      0.0625000
      31        7.57246      0.0625000
      32        7.57250      0.0625000
      33        7.79703      0.0625000
      34        7.79710      0.0625000
      35        8.38802      0.0625000
      36        8.38809      0.0625000
      37        8.62662      0.0625000
      38        8.62668      0.0625000
      39        9.26847      0.0625000
      40        9.26854      0.0625000
      41        9.73592      0.0625000
      42        9.73597      0.0625000
      43        9.82583      0.0625000
      44        9.82590      0.0625000
      45        10.4590      0.0625000
      46        10.4591      0.0625000
      47        10.7036      0.0625000
      48        10.7037      0.0625000
      49        16.3493        0.00000
      50        16.3494        0.00000
      51        16.5869        0.00000
      52        16.5869        0.00000
      53        17.3300        0.00000
      54        17.3300        0.00000
      55        17.4851        0.00000
      56        17.4852        0.00000
      57        18.3238        0.00000
      58        18.3239        0.00000

 23/32 kpoint (Cartesian) = -3.4077e-07 0.098865 0.12286 (484 pws)
       1       -48.7586      0.0625000
       2       -48.7537      0.0625000
       3       -48.7530      0.0625000
       4       -48.7512      0.0625000
       5       -18.5017      0.0625000
       6       -18.4653      0.0625000
       7       -18.4439      0.0625000
       8       -18.4393      0.0625000
       9       -18.3761      0.0625000
      10       -18.3154      0.0625000
      11       -18.3053      0.0625000
      12       -18.2574      0.0625000
      13       -18.2143      0.0625000
      14       -18.1917      0.0625000
      15       -18.1884      0.0625000
      16       -18.1805      0.0625000
      17       -5.98207      0.0625000
      18       -5.60248      0.0625000
      19       -5.34885      0.0625000
      20       -5.25247      0.0625000
      21       -5.22819      0.0625000
      22       -5.03571      0.0625000
      23       -4.72560      0.0625000
      24       -4.69275      0.0625000
      25        6.25275      0.0625000
      26        6.62137      0.0625000
      27        6.69451      0.0625000
      28        7.04771      0.0625000
      29        7.09980      0.0625000
      30        7.23135      0.0625000
      31        7.23680      0.0625000
      32        7.77258      0.0625000
      33        7.85186      0.0625000
      34        8.25731      0.0625000
      35        8.31330      0.0625000
      36        8.70670      0.0625000
      37        8.79038      0.0625000
      38        9.26114      0.0625000
      39        9.29608      0.0625000
      40        9.53010      0.0625000
      41        9.55046      0.0625000
      42        9.81562      0.0625000
      43        9.86937      0.0625000
      44        9.91861      0.0625000
      45        10.2501      0.0625000
      46        10.3325      0.0625000
      47        10.9583      0.0625000
      48        10.9910      0.0625000
      49        15.8369    1.23079e-13
      50        15.9911    3.46945e-17
      51        16.1314        0.00000
      52        16.3621        0.00000
      53        16.9680        0.00000
      54        17.5970        0.00000
      55        17.6535        0.00000
      56        17.7172        0.00000
      57        17.8115        0.00000
      58        18.0343        0.00000

 24/32 kpoint (Cartesian) = 0.095279 0.098865 0.12286 (473 pws)
       1       -48.7558      0.0625000
       2       -48.7557      0.0625000
       3       -48.7525      0.0625000
       4       -48.7524      0.0625000
       5       -18.5582      0.0625000
       6       -18.5581      0.0625000
       7       -18.5313      0.0625000
       8       -18.5313      0.0625000
       9       -18.2408      0.0625000
      10       -18.2408      0.0625000
      11       -18.2171      0.0625000
      12       -18.2170      0.0625000
      13       -18.2028      0.0625000
      14       -18.2028      0.0625000
      15       -18.1818      0.0625000
      16       -18.1818      0.0625000
      17       -5.84502      0.0625000
      18       -5.84492      0.0625000
      19       -5.64862      0.0625000
      20       -5.64855      0.0625000
      21       -4.75475      0.0625000
      22       -4.75472      0.0625000
      23       -4.68199      0.0625000
      24       -4.68194      0.0625000
      25        6.81153      0.0625000
      26        6.81158      0.0625000
      27        7.06017      0.0625000
      28        7.06023      0.0625000
      29        7.21774      0.0625000
      30        7.21783      0.0625000
      31        7.42493      0.0625000
      32        7.42498      0.0625000
      33        8.19782      0.0625000
      34        8.19787      0.0625000
      35        8.49109      0.0625000
      36        8.49111      0.0625000
      37        8.94278      0.0625000
      38        8.94282      0.0625000
      39        9.20269      0.0625000
      40        9.20271      0.0625000
      41        9.63494      0.0625000
      42        9.63502      0.0625000
      43        9.78260      0.0625000
      44        9.78263      0.0625000
      45        10.1982      0.0625000
      46        10.1983      0.0625000
      47        10.5508      0.0625000
      48        10.5508      0.0625000
      49        15.8337    1.43892e-13
      50        15.8337    1.43732e-13
      51        16.2207        0.00000
      52        16.2207        0.00000
      53        16.9817        0.00000
      54        16.9818        0.00000
      55        17.4134        0.00000
      56        17.4135        0.00000
      57        18.0970        0.00000
      58        18.0971        0.00000

 25/32 kpoint (Cartesian) = -4.3329e-07 2.5610e-08 0.14743 (478 pws)
       1       -48.7657      0.0625000
       2       -48.7512      0.0625000
       3       -48.7500      0.0625000
       4       -48.7497      0.0625000
       5       -18.5278      0.0625000
       6       -18.5272      0.0625000
       7       -18.5168      0.0625000
       8       -18.3789      0.0625000
       9       -18.3054      0.0625000
      10       -18.2835      0.0625000
      11       -18.2788      0.0625000
      12       -18.2688      0.0625000
      13       -18.2277      0.0625000
      14       -18.1972      0.0625000
      15       -18.1766      0.0625000
      16       -18.1682      0.0625000
      17       -6.61244      0.0625000
      18       -5.44375      0.0625000
      19       -5.44155      0.0625000
      20       -5.27747      0.0625000
      21       -4.94203      0.0625000
      22       -4.73672      0.0625000
      23       -4.72474      0.0625000
      24       -4.57920      0.0625000
      25        5.84543      0.0625000
      26        6.00253      0.0625000
      27        6.28285      0.0625000
      28        6.63981      0.0625000
      29        6.88205      0.0625000
      30        7.24024      0.0625000
      31        7.57102      0.0625000
      32        7.67011      0.0625000
      33        7.88615      0.0625000
      34        8.25652      0.0625000
      35        8.30284      0.0625000
      36        8.87571      0.0625000
      37        8.99450      0.0625000
      38        9.15677      0.0625000
      39        9.41159      0.0625000
      40        9.61244      0.0625000
      41        9.73963      0.0625000
      42        9.85447      0.0625000
      43        10.1757      0.0625000
      44        10.2478      0.0625000
      45        10.4451      0.0625000
      46        10.9510      0.0625000
      47        11.0557      0.0625000
      48        11.1672      0.0625000
      49        16.0385    3.46945e-18
      50        16.3726        0.00000
      51        16.4604        0.00000
      52        16.8785        0.00000
      53        17.1465        0.00000
      54        17.2568        0.00000
      55        17.3014        0.00000
      56        17.4049        0.00000
      57        18.1171        0.00000
      58        18.3516        0.00000

 26/32 kpoint (Cartesian) = 0.095279 4.4199e-08 0.14743 (475 pws)
       1       -48.7587      0.0625000
       2       -48.7585      0.0625000
       3       -48.7497      0.0625000
       4       -48.7496      0.0625000
       5       -18.4649      0.0625000
       6       -18.4648      0.0625000
       7       -18.4336      0.0625000
       8       -18.4336      0.0625000
       9       -18.3629      0.0625000
      10       -18.3628      0.0625000
      11       -18.2612      0.0625000
      12       -18.2612      0.0625000
      13       -18.2277      0.0625000
      14       -18.2277      0.0625000
      15       -18.1869      0.0625000
      16       -18.1869      0.0625000
      17       -5.93326      0.0625000
      18       -5.93313      0.0625000
      19       -5.31805      0.0625000
      20       -5.31791      0.0625000
      21       -4.89694      0.0625000
      22       -4.89683      0.0625000
      23       -4.78241      0.0625000
      24       -4.78231      0.0625000
      25        6.57596      0.0625000
      26        6.57599      0.0625000
      27        6.82551      0.0625000
      28        6.82554      0.0625000
      29        7.22163      0.0625000
      30        7.22172      0.0625000
      31        7.44691      0.0625000
      32        7.44697      0.0625000
      33        7.76631      0.0625000
      34        7.76637      0.0625000
      35        8.49215      0.0625000
      36        8.49222      0.0625000
      37        8.83710      0.0625000
      38        8.83715      0.0625000
      39        9.34362      0.0625000
      40        9.34370      0.0625000
      41        9.70696      0.0625000
      42        9.70702      0.0625000
      43        10.0973      0.0625000
      44        10.0974      0.0625000
      45        10.4539      0.0625000
      46        10.4539      0.0625000
      47        10.7796      0.0625000
      48        10.7797      0.0625000
      49        16.3736        0.00000
      50        16.3736        0.00000
      51        16.7679        0.00000
      52        16.7679        0.00000
      53        17.1488        0.00000
      54        17.1489        0.00000
      55        17.3977        0.00000
      56        17.3978        0.00000
      57        18.2940        0.00000
      58        18.2940        0.00000

 27/32 kpoint (Cartesian) = -4.1298e-07 0.098865 0.14743 (478 pws)
       1       -48.7610      0.0625000
       2       -48.7548      0.0625000
       3       -48.7507      0.0625000
       4       -48.7502      0.0625000
       5       -18.5019      0.0625000
       6       -18.4421      0.0625000
       7       -18.4346      0.0625000
       8       -18.4285      0.0625000
       9       -18.3799      0.0625000
      10       -18.3420      0.0625000
      11       -18.2738      0.0625000
      12       -18.2621      0.0625000
      13       -18.2151      0.0625000
      14       -18.2109      0.0625000
      15       -18.1970      0.0625000
      16       -18.1903      0.0625000
      17       -6.13418      0.0625000
      18       -5.42665      0.0625000
      19       -5.39924      0.0625000
      20       -5.33973      0.0625000
      21       -5.17422      0.0625000
      22       -4.94038      0.0625000
      23       -4.74023      0.0625000
      24       -4.68492      0.0625000
      25        6.12427      0.0625000
      26        6.38893      0.0625000
      27        6.73617      0.0625000
      28        6.90331      0.0625000
      29        7.01180      0.0625000
      30        7.17052      0.0625000
      31        7.20681      0.0625000
      32        7.57395      0.0625000
      33        8.06852      0.0625000
      34        8.09016      0.0625000
      35        8.54645      0.0625000
      36        8.62360      0.0625000
      37        8.75518      0.0625000
      38        9.10169      0.0625000
      39        9.45640      0.0625000
      40        9.52790      0.0625000
      41        9.75345      0.0625000
      42        9.89509      0.0625000
      43        9.99591      0.0625000
      44        10.0873      0.0625000
      45        10.3960      0.0625000
      46        10.4063      0.0625000
      47        11.0347      0.0625000
      48        11.0669      0.0625000
      49        15.9717    1.07553e-16
      50        16.1052        0.00000
      51        16.1387        0.00000
      52        16.5786        0.00000
      53        16.7163        0.00000
      54        17.6587        0.00000
      55        17.6653        0.00000
      56        17.8017        0.00000
      57        17.8427        0.00000
      58        18.2241        0.00000

 28/32 kpoint (Cartesian) = 0.095279 0.098865 0.14743 (473 pws)
       1       -48.7572      0.0625000
       2       -48.7571      0.0625000
       3       -48.7511      0.0625000
       4       -48.7510      0.0625000
       5       -18.5401      0.0625000
       6       -18.5400      0.0625000
       7       -18.4910      0.0625000
       8       -18.4909      0.0625000
       9       -18.2853      0.0625000
      10       -18.2852      0.0625000
      11       -18.2295      0.0625000
      12       -18.2294      0.0625000
      13       -18.2087      0.0625000
      14       -18.2087      0.0625000
      15       -18.1803      0.0625000
      16       -18.1803      0.0625000
      17       -5.88923      0.0625000
      18       -5.88912      0.0625000
      19       -5.50227      0.0625000
      20       -5.50221      0.0625000
      21       -4.84253      0.0625000
      22       -4.84252      0.0625000
      23       -4.69595      0.0625000
      24       -4.69587      0.0625000
      25        6.66513      0.0625000
      26        6.66519      0.0625000
      27        6.88721      0.0625000
      28        6.88725      0.0625000
      29        7.16489      0.0625000
      30        7.16496      0.0625000
      31        7.61434      0.0625000
      32        7.61435      0.0625000
      33        8.21509      0.0625000
      34        8.21514      0.0625000
      35        8.36946      0.0625000
      36        8.36950      0.0625000
      37        8.98951      0.0625000
      38        8.98953      0.0625000
      39        9.15174      0.0625000
      40        9.15179      0.0625000
      41        9.72381      0.0625000
      42        9.72385      0.0625000
      43        9.94842      0.0625000
      44        9.94849      0.0625000
      45        10.1768      0.0625000
      46        10.1769      0.0625000
      47        10.6544      0.0625000
      48        10.6544      0.0625000
      49        15.8448    8.32077e-14
      50        15.8448    8.30967e-14
      51        16.4916        0.00000
      52        16.4916        0.00000
      53        16.7904        0.00000
      54        16.7905        0.00000
      55        17.5515        0.00000
      56        17.5515        0.00000
      57        18.0824        0.00000
      58        18.0824        0.00000

 29/32 kpoint (Cartesian) = -5.0551e-07 2.9878e-08 0.17200 (478 pws)
       1       -48.7679      0.0625000
       2       -48.7501      0.0625000
       3       -48.7497      0.0625000
       4       -48.7489      0.0625000
       5       -18.5650      0.0625000
       6       -18.5455      0.0625000
       7       -18.5455      0.0625000
       8       -18.3453      0.0625000
       9       -18.2908      0.0625000
      10       -18.2820      0.0625000
      11       -18.2769      0.0625000
      12       -18.2630      0.0625000
      13       -18.2413      0.0625000
      14       -18.1671      0.0625000
      15       -18.1660      0.0625000
      16       -18.1576      0.0625000
      17       -6.79194      0.0625000
      18       -5.47557      0.0625000
      19       -5.33788      0.0625000
      20       -5.26115      0.0625000
      21       -4.88201      0.0625000
      22       -4.75382      0.0625000
      23       -4.67755      0.0625000
      24       -4.54859      0.0625000
      25        5.79215      0.0625000
      26        5.86522      0.0625000
      27        5.90065      0.0625000
      28        6.59189      0.0625000
      29        6.79288      0.0625000
      30        6.87360      0.0625000
      31        7.89450      0.0625000
      32        7.92139      0.0625000
      33        8.04023      0.0625000
      34        8.17827      0.0625000
      35        8.47725      0.0625000
      36        8.85413      0.0625000
      37        9.02936      0.0625000
      38        9.27472      0.0625000
      39        9.38661      0.0625000
      40        9.72444      0.0625000
      41        9.88695      0.0625000
      42        10.1360      0.0625000
      43        10.1681      0.0625000
      44        10.1796      0.0625000
      45        10.3179      0.0625000
      46        10.9813      0.0625000
      47        11.1110      0.0625000
      48        11.2631      0.0625000
      49        16.1604        0.00000
      50        16.4499        0.00000
      51        16.5753        0.00000
      52        17.0257        0.00000
      53        17.0385        0.00000
      54        17.2300        0.00000
      55        17.2530        0.00000
      56        17.4403        0.00000
      57        17.5057        0.00000
      58        18.1246        0.00000

 30/32 kpoint (Cartesian) = 0.095278 4.8468e-08 0.17200 (473 pws)
       1       -48.7601      0.0625000
       2       -48.7599      0.0625000
       3       -48.7483      0.0625000
       4       -48.7482      0.0625000
       5       -18.4610      0.0625000
       6       -18.4609      0.0625000
       7       -18.4388      0.0625000
       8       -18.4388      0.0625000
       9       -18.3618      0.0625000
      10       -18.3617      0.0625000
      11       -18.2642      0.0625000
      12       -18.2641      0.0625000
      13       -18.2171      0.0625000
      14       -18.2171      0.0625000
      15       -18.1925      0.0625000
      16       -18.1924      0.0625000
      17       -6.02311      0.0625000
      18       -6.02299      0.0625000
      19       -5.21762      0.0625000
      20       -5.21748      0.0625000
      21       -4.91704      0.0625000
      22       -4.91692      0.0625000
      23       -4.76144      0.0625000
      24       -4.76133      0.0625000
      25        6.38777      0.0625000
      26        6.38784      0.0625000
      27        6.71758      0.0625000
      28        6.71761      0.0625000
      29        7.23481      0.0625000
      30        7.23489      0.0625000
      31        7.33139      0.0625000
      32        7.33143      0.0625000
      33        7.75322      0.0625000
      34        7.75330      0.0625000
      35        8.57234      0.0625000
      36        8.57242      0.0625000
      37        9.02076      0.0625000
      38        9.02082      0.0625000
      39        9.31757      0.0625000
      40        9.31765      0.0625000
      41        9.67574      0.0625000
      42        9.67579      0.0625000
      43        10.3453      0.0625000
      44        10.3454      0.0625000
      45        10.5659      0.0625000
      46        10.5659      0.0625000
      47        10.8091      0.0625000
      48        10.8092      0.0625000
      49        16.4478        0.00000
      50        16.4479        0.00000
      51        16.8841        0.00000
      52        16.8842        0.00000
      53        17.0200        0.00000
      54        17.0201        0.00000
      55        17.3389        0.00000
      56        17.3390        0.00000
      57        18.2352        0.00000
      58        18.2353        0.00000

 31/32 kpoint (Cartesian) = -4.8520e-07 0.098865 0.17200 (478 pws)
       1       -48.7625      0.0625000
       2       -48.7555      0.0625000
       3       -48.7495      0.0625000
       4       -48.7491      0.0625000
       5       -18.4949      0.0625000
       6       -18.4569      0.0625000
       7       -18.4078      0.0625000
       8       -18.4065      0.0625000
       9       -18.3584      0.0625000
      10       -18.3555      0.0625000
      11       -18.2849      0.0625000
      12       -18.2647      0.0625000
      13       -18.2306      0.0625000
      14       -18.2219      0.0625000
      15       -18.1991      0.0625000
      16       -18.1958      0.0625000
      17       -6.23374      0.0625000
      18       -5.43580      0.0625000
      19       -5.39359      0.0625000
      20       -5.29906      0.0625000
      21       -5.13708      0.0625000
      22       -4.87508      0.0625000
      23       -4.74944      0.0625000
      24       -4.68603      0.0625000
      25        6.07591      0.0625000
      26        6.11834      0.0625000
      27        6.80435      0.0625000
      28        6.81525      0.0625000
      29        6.85522      0.0625000
      30        7.09645      0.0625000
      31        7.34125      0.0625000
      32        7.34740      0.0625000
      33        7.96444      0.0625000
      34        8.17221      0.0625000
      35        8.60466      0.0625000
      36        8.66190      0.0625000
      37        8.70760      0.0625000
      38        8.99912      0.0625000
      39        9.55322      0.0625000
      40        9.56059      0.0625000
      41        9.88328      0.0625000
      42        9.92504      0.0625000
      43        10.1107      0.0625000
      44        10.3214      0.0625000
      45        10.4116      0.0625000
      46        10.6501      0.0625000
      47        11.1122      0.0625000
      48        11.1170      0.0625000
      49        15.9965    2.77556e-17
      50        16.1721        0.00000
      51        16.1846        0.00000
      52        16.7348        0.00000
      53        16.8100        0.00000
      54        17.5799        0.00000
      55        17.6747        0.00000
      56        17.8300        0.00000
      57        18.0396        0.00000
      58        18.4314        0.00000

 32/32 kpoint (Cartesian) = 0.095278 0.098865 0.17200 (474 pws)
       1       -48.7582      0.0625000
       2       -48.7581      0.0625000
       3       -48.7502      0.0625000
       4       -48.7500      0.0625000
       5       -18.5084      0.0625000
       6       -18.5084      0.0625000
       7       -18.4439      0.0625000
       8       -18.4439      0.0625000
       9       -18.3408      0.0625000
      10       -18.3407      0.0625000
      11       -18.2458      0.0625000
      12       -18.2457      0.0625000
      13       -18.2208      0.0625000
      14       -18.2207      0.0625000
      15       -18.1779      0.0625000
      16       -18.1779      0.0625000
      17       -5.90800      0.0625000
      18       -5.90788      0.0625000
      19       -5.34751      0.0625000
      20       -5.34745      0.0625000
      21       -4.95232      0.0625000
      22       -4.95230      0.0625000
      23       -4.72204      0.0625000
      24       -4.72195      0.0625000
      25        6.49001      0.0625000
      26        6.49010      0.0625000
      27        6.79713      0.0625000
      28        6.79719      0.0625000
      29        7.11359      0.0625000
      30        7.11365      0.0625000
      31        7.87734      0.0625000
      32        7.87738      0.0625000
      33        8.18458      0.0625000
      34        8.18463      0.0625000
      35        8.36658      0.0625000
      36        8.36665      0.0625000
      37        8.81888      0.0625000
      38        8.81894      0.0625000
      39        9.04483      0.0625000
      40        9.04490      0.0625000
      41        9.69623      0.0625000
      42        9.69632      0.0625000
      43        10.0745      0.0625000
      44        10.0745      0.0625000
      45        10.4494      0.0625000
      46        10.4495      0.0625000
      47        10.7097      0.0625000
      48        10.7097      0.0625000
      49        15.9181    1.96024e-15
      50        15.9181    1.95677e-15
      51        16.4929        0.00000
      52        16.4930        0.00000
      53        16.8778        0.00000
      54        16.8778        0.00000
      55        17.6132        0.00000
      56        17.6133        0.00000
      57        18.1158        0.00000
      58        18.1158        0.00000


 Warning_Memory_Consuming allocated:  ORB::Jl(x) 921.868 MB




 >>>>>>>>>>>>>>>>>>>>>>>>>>>>>>>>>>>>>>>>>>>>>>>>>>>>>>>>>>>>>>>>>>>>>>
 |                                                                    |
 | POLARIZATION CALCULATION:                                          |
 |                  Modern Theory of Polarization                     |
 | calculate the Macroscopic polarization of a crystalline insulator  |
 | by using Berry Phase method.                                       |
 |                                                                    |
 <<<<<<<<<<<<<<<<<<<<<<<<<<<<<<<<<<<<<<<<<<<<<<<<<<<<<<<<<<<<<<<<<<<<<<




 VALUES OF POLARIZATION

  The Ionic Phase:   -0.70331
 Electronic Phase:   -0.50193

The calculated polarization direction is in R3 direction

 P =  -11.5863508  (mod   19.2267258)  (  -0.0000351,   0.0000021, -11.5863508) (e/Omega).bohr

 P =   -0.0127167  (mod    0.0211024)  (  -0.0000000,   0.0000000,  -0.0127167) e/bohr^2

 P =   -0.7270340  (mod    1.2064613)  (  -0.0000022,   0.0000001,  -0.7270340) C/m^2



 --------------------------------------------
 !FINAL_ETOT_IS -9783.2700747245271486 eV
 --------------------------------------------






 >>>>>>>>>>>>>>>>>>>>>>>>>>>>>>>>>>>>>>>>>>>>>>>>>>>>>>>>>>>>>>>>>>>>>>
 |                                                                    |
 | Post-processing of data:                                           |
 | DOS (density of states) and bands will be output here.             |
 | If atomic orbitals are used, Mulliken charge analysis can be done. |
 | Also the .bxsf file containing fermi surface information can be    |
 | done here.                                                         |
 |                                                                    |
 <<<<<<<<<<<<<<<<<<<<<<<<<<<<<<<<<<<<<<<<<<<<<<<<<<<<<<<<<<<<<<<<<<<<<<





 Output bands in file: OUT.ABACUS/BANDS_1.dat
TIME STATISTICS
----------------------------------------------------------------------------------
   CLASS_NAME                   NAME                TIME/s  CALLS   AVG/s  PER/%  
----------------------------------------------------------------------------------
                 total                              34.33  11       3.12   100.00 
 Driver          reading                            1.05   1        1.05   3.06   
 Input_Conv      Convert                            0.00   1        0.00   0.00   
 Driver          driver_line                        33.28  1        33.28  96.94  
 UnitCell        check_tau                          0.00   1        0.00   0.00   
 ESolver_KS_LCAO before_all_runners                 0.89   1        0.89   2.58   
 PW_Basis_Sup    setuptransform                     0.02   1        0.02   0.06   
 PW_Basis_Sup    distributeg                        0.01   1        0.01   0.02   
 mymath          heapsort                           0.00   3        0.00   0.00   
 Charge_Mixing   init_mixing                        0.00   1        0.00   0.00   
 PW_Basis_K      setuptransform                     0.00   1        0.00   0.01   
 PW_Basis_K      distributeg                        0.00   1        0.00   0.01   
 PW_Basis        setup_struc_factor                 0.00   1        0.00   0.01   
 NOrbital_Lm     extra_uniform                      0.30   323      0.00   0.89   
 Mathzone_Add1   SplineD2                           0.01   323      0.00   0.02   
 Mathzone_Add1   Cubic_Spline_Interpolation         0.14   323      0.00   0.41   
 ppcell_vl       init_vloc                          0.13   1        0.13   0.38   
 Ions            opt_ions                           32.32  1        32.32  94.13  
 ESolver_KS_LCAO runner                             32.30  1        32.30  94.07  
 ESolver_KS_LCAO before_scf                         0.85   1        0.85   2.47   
 atom_arrange    search                             0.00   1        0.00   0.00   
 atom_arrange    grid_d.init                        0.00   1        0.00   0.00   
 Grid            Construct_Adjacent_expand          0.00   1        0.00   0.00   
 Grid            Construct_Adjacent_expand_periodic 0.00   12       0.00   0.00   
 Grid_Technique  init                               0.27   1        0.27   0.77   
 Grid_BigCell    grid_expansion_index               0.06   2        0.03   0.17   
 Grid_Driver     Find_atom                          0.00   96       0.00   0.01   
 Record_adj      for_2d                             0.05   1        0.05   0.14   
 LCAO_domain     grid_prepare                       0.00   1        0.00   0.00   
 Veff            initialize_HR                      0.00   1        0.00   0.01   
 OverlapNew      initialize_SR                      0.00   1        0.00   0.01   
 EkineticNew     initialize_HR                      0.01   1        0.01   0.02   
 NonlocalNew     initialize_HR                      0.03   1        0.03   0.08   
 Charge          set_rho_core                       0.18   1        0.18   0.53   
 PW_Basis_Sup    recip2real                         0.10   13       0.01   0.30   
 PW_Basis_Sup    gathers_scatterp                   0.10   13       0.01   0.29   
 ModuleIO        read_rhog                          0.00   1        0.00   0.00   
 Potential       init_pot                           0.16   1        0.16   0.47   
 Potential       update_from_charge                 0.16   2        0.08   0.47   
 Potential       cal_fixed_v                        0.00   1        0.00   0.00   
 PotLocal        cal_fixed_v                        0.00   1        0.00   0.00   
 Potential       cal_v_eff                          0.16   2        0.08   0.47   
 H_Hartree_pw    v_hartree                          0.04   2        0.02   0.13   
 PW_Basis_Sup    real2recip                         0.07   13       0.01   0.19   
 PW_Basis_Sup    gatherp_scatters                   0.06   13       0.00   0.18   
 PotXC           cal_v_eff                          0.11   2        0.06   0.33   
 XC_Functional   v_xc                               0.11   2        0.06   0.33   
 Potential       interpolate_vrs                    0.00   2        0.00   0.00   
 H_Ewald_pw      compute_ewald                      0.01   1        0.01   0.04   
 HSolverLCAO     solve                              8.03   1        8.03   23.38  
 HamiltLCAO      updateHk                           5.34   32       0.17   15.54  
 OperatorLCAO    init                               5.19   96       0.05   15.13  
 Veff            contributeHR                       4.68   1        4.68   13.64  
 Gint_interface  cal_gint                           3.58   1        3.58   10.43  
 Gint_interface  cal_gint_vlocal                    3.58   1        3.58   10.43  
 Gint_Tools      cal_psir_ylm                       0.18   1024     0.00   0.51   
 Gint_k          transfer_pvpR                      1.10   1        1.10   3.21   
 OverlapNew      calculate_SR                       0.13   1        0.13   0.38   
 OverlapNew      contributeHk                       0.01   32       0.00   0.03   
 EkineticNew     contributeHR                       0.13   1        0.13   0.38   
 EkineticNew     calculate_HR                       0.13   1        0.13   0.38   
 NonlocalNew     contributeHR                       0.36   1        0.36   1.06   
 NonlocalNew     calculate_HR                       0.36   1        0.36   1.06   
 OperatorLCAO    contributeHk                       0.01   32       0.00   0.03   
 HSolverLCAO     hamiltSolvePsiK                    2.57   32       0.08   7.48   
 DiagoElpa       elpa_solve                         2.21   32       0.07   6.42   
 elecstate       cal_dm                             0.09   1        0.09   0.27   
 psiMulPsiMpi    pdgemm                             0.09   32       0.00   0.27   
 DensityMatrix   cal_DMR                            0.02   1        0.02   0.05   
 Charge_Mixing   get_drho                           0.01   1        0.01   0.03   
 ModuleIO        write_rhog                         0.04   1        0.04   0.11   
 ESolver_KS_LCAO after_scf                          23.31  1        23.31  67.91  
 Charge          atomic_rho                         0.14   1        0.14   0.41   
 ORB_gaunt_table init_Gaunt_CH                      0.00   1        0.00   0.01   
 ORB_gaunt_table Calc_Gaunt_CH                      0.00   1631     0.00   0.00   
 ORB_gaunt_table init_Gaunt                         0.01   1        0.01   0.04   
 ORB_gaunt_table Get_Gaunt_SH                       0.01   25313    0.00   0.02   
 Center2_Orb     cal_ST_Phi12_R                     13.33  769      0.02   38.84  
 ESolver_KS_LCAO after_all_runners                  0.01   1        0.01   0.04   
 ModuleIO        nscf_band                          0.01   1        0.01   0.04   
----------------------------------------------------------------------------------


 NAME-------------------------|MEMORY(MB)--------
                         total     31550.5638
                    ORB::Jl(x)     29499.7681
                  Gint::hRGint       407.0378
                 Gint::DMRGint       406.7253
       TwoCenterTable: Kinetic       137.3855
       TwoCenterTable: Overlap       137.3855
      TwoCenterTable: Nonlocal       136.0217
                  meshball_pos       126.1047
               GT::ind_bigcell       123.2787
         GT::in_this_processor       123.2787
              GT::index2normal       123.2787
               GT::index2ucell       123.2787
      GT::bigcell_on_processor        30.8197
                HamiltLCAO::hR        26.0130
            DensityMatrix::DMR        25.7005
            DensityMatrix::DMK        21.9453
                    index_ball        21.0175
                HamiltLCAO::sR        17.6065
                  PW_B_K::gcar        11.4587
                GT::which_atom         7.1343
             GT::which_bigcell         7.1343
            GT::which_unitcell         7.1343
                   PW_B_K::gk2         3.8196
                RealGauntTable         3.7773
                  SF::strucFac         3.7558
                  SF::eigts123         2.2515
                 ORB::Gaunt_CH         2.0508
                      Chg::rho         2.0000
                 Chg::rho_save         2.0000
                 Chg::rho_core         2.0000
                 Pot::veff_fix         2.0000
                     Pot::veff         2.0000
              Pot::veff_smooth         2.0000
 -------------   < 1.0 MB has been ignored ----------------
 ----------------------------------------------------------

 Start  Time  : Fri Oct  9 19:40:22 2026
 Finish Time  : Fri Oct  9 19:40:57 2026
 Total  Time  : 0 h 0 mins 35 secs 
